timestamp,open,high,low,close,volume
2020-01-01 00:00:00,100.0497,100.0836,100.0322,100.0497,6111
2020-01-01 00:01:00,100.0497,100.065,100.0217,100.0358,1999
2020-01-01 00:02:00,100.0358,100.1305,99.989,100.1006,3643
2020-01-01 00:03:00,100.1006,100.2586,100.0716,100.2531,1066
2020-01-01 00:04:00,100.2531,100.3131,100.1549,100.2296,5883
2020-01-01 00:05:00,100.2296,100.2683,100.1734,100.2061,8805
2020-01-01 00:06:00,100.2061,100.4146,100.106,100.3644,3674
2020-01-01 00:07:00,100.3644,100.4807,100.2862,100.4414,140
2020-01-01 00:08:00,100.4414,100.484,100.3826,100.3943,7081
2020-01-01 00:09:00,100.3943,100.4898,100.2855,100.4487,362
2020-01-01 00:10:00,100.4487,100.495,100.3619,100.4022,8245
2020-01-01 00:11:00,100.4022,100.4449,100.3329,100.3554,9324
2020-01-01 00:12:00,100.3554,100.4457,100.326,100.3797,1919
2020-01-01 00:13:00,100.3797,100.4031,100.1352,100.1876,227
2020-01-01 00:14:00,100.1876,100.2289,99.9887,100.0148,2678
2020-01-01 00:15:00,100.0148,100.0169,99.955,99.9586,5951
2020-01-01 00:16:00,99.9586,100.0123,99.7905,99.8574,8037
2020-01-01 00:17:00,99.8574,99.9116,99.7816,99.8887,3311
2020-01-01 00:18:00,99.8887,99.9244,99.7502,99.798,9185
2020-01-01 00:19:00,99.798,99.8876,99.5664,99.6571,2906
2020-01-01 00:20:00,99.6571,99.8802,99.5468,99.8031,2379
2020-01-01 00:21:00,99.8031,99.8333,99.7704,99.7806,7176
2020-01-01 00:22:00,99.7806,99.8553,99.7732,99.7874,5787
2020-01-01 00:23:00,99.7874,99.7906,99.6284,99.6452,8026
2020-01-01 00:24:00,99.6452,99.6833,99.5444,99.5909,1887
2020-01-01 00:25:00,99.5909,99.6756,99.5225,99.602,4832
2020-01-01 00:26:00,99.602,99.6142,99.3941,99.4873,2279
2020-01-01 00:27:00,99.4873,99.5374,99.4429,99.5247,8468
2020-01-01 00:28:00,99.5247,99.6095,99.4608,99.4649,3223
2020-01-01 00:29:00,99.4649,99.4691,99.4136,99.4359,5765
2020-01-01 00:30:00,99.4359,99.4769,99.3552,99.3761,8313
2020-01-01 00:31:00,99.3761,99.6072,99.3172,99.5602,752
2020-01-01 00:32:00,99.5602,99.5853,99.4935,99.5588,3490
2020-01-01 00:33:00,99.5588,99.5858,99.4303,99.4535,9074
2020-01-01 00:34:00,99.4535,99.6337,99.4173,99.5353,8459
2020-01-01 00:35:00,99.5353,99.56,99.4067,99.4138,9353
2020-01-01 00:36:00,99.4138,99.4497,99.3694,99.4346,9164
2020-01-01 00:37:00,99.4346,99.4501,99.2324,99.2397,1881
2020-01-01 00:38:00,99.2397,99.2704,99.0476,99.1079,5966
2020-01-01 00:39:00,99.1079,99.2258,99.0325,99.1274,7183
2020-01-01 00:40:00,99.1274,99.2067,99.1101,99.2006,9688
2020-01-01 00:41:00,99.2006,99.2284,99.1971,99.2176,8923
2020-01-01 00:42:00,99.2176,99.2305,99.0736,99.2061,1701
2020-01-01 00:43:00,99.2061,99.2123,99.1224,99.1763,2981
2020-01-01 00:44:00,99.1763,99.2173,98.9894,99.0296,9742
2020-01-01 00:45:00,99.0296,99.0356,98.9114,98.9584,1963
2020-01-01 00:46:00,98.9584,98.9807,98.8778,98.9128,7433
2020-01-01 00:47:00,98.9128,99.0277,98.8723,99.0173,821
2020-01-01 00:48:00,99.0173,99.074,98.9769,99.0514,7342
2020-01-01 00:49:00,99.0514,99.0728,98.7967,98.8767,7673
2020-01-01 00:50:00,98.8767,98.9964,98.7743,98.9088,7953
2020-01-01 00:51:00,98.9088,98.9403,98.8528,98.8707,342
2020-01-01 00:52:00,98.8707,98.9039,98.7322,98.8038,7005
2020-01-01 00:53:00,98.8038,98.9184,98.7341,98.8642,4738
2020-01-01 00:54:00,98.8642,99.0208,98.8358,98.9661,4472
2020-01-01 00:55:00,98.9661,99.0798,98.9228,99.0583,4745
2020-01-01 00:56:00,99.0583,99.0693,98.9361,98.9752,5527
2020-01-01 00:57:00,98.9752,99.0584,98.8897,98.9445,8694
2020-01-01 00:58:00,98.9445,99.001,98.8831,98.9773,1553
2020-01-01 00:59:00,98.9773,99.1452,98.872,99.0739,9288
2020-01-01 01:00:00,99.0739,99.0808,99.0041,99.0264,4271
2020-01-01 01:01:00,99.0264,99.0382,98.9818,99.008,6582
2020-01-01 01:02:00,99.008,99.0519,98.8615,98.8985,7008
2020-01-01 01:03:00,98.8985,98.9866,98.7525,98.7802,5669
2020-01-01 01:04:00,98.7802,98.9279,98.6947,98.8604,3601
2020-01-01 01:05:00,98.8604,98.9971,98.7739,98.9945,1286
2020-01-01 01:06:00,98.9945,99.0082,98.956,98.9874,1481
2020-01-01 01:07:00,98.9874,99.1082,98.9633,99.0867,6913
2020-01-01 01:08:00,99.0867,99.1333,99.08,99.1226,2004
2020-01-01 01:09:00,99.1226,99.14,99.015,99.0586,1852
2020-01-01 01:10:00,99.0586,99.1163,99.0218,99.0944,2054
2020-01-01 01:11:00,99.0944,99.3022,99.0607,99.2468,5371
2020-01-01 01:12:00,99.2468,99.2958,99.239,99.2433,637
2020-01-01 01:13:00,99.2433,99.4214,99.1849,99.3986,7682
2020-01-01 01:14:00,99.3986,99.4442,99.1171,99.1382,2490
2020-01-01 01:15:00,99.1382,99.235,99.0966,99.2196,8030
2020-01-01 01:16:00,99.2196,99.2609,99.1538,99.2283,9482
2020-01-01 01:17:00,99.2283,99.2818,99.1824,99.1986,4036
2020-01-01 01:18:00,99.1986,99.2255,99.1862,99.2077,1595
2020-01-01 01:19:00,99.2077,99.2593,99.0025,99.0105,6316
2020-01-01 01:20:00,99.0105,99.102,98.9752,98.9888,4623
2020-01-01 01:21:00,98.9888,99.0889,98.96,99.0241,3470
2020-01-01 01:22:00,99.0241,99.184,98.8808,99.1705,1359
2020-01-01 01:23:00,99.1705,99.2482,99.06,99.1191,5926
2020-01-01 01:24:00,99.1191,99.1488,98.9501,99.0389,4175
2020-01-01 01:25:00,99.0389,99.0476,98.9589,98.9892,3130
2020-01-01 01:26:00,98.9892,99.1278,98.9364,99.0799,4795
2020-01-01 01:27:00,99.0799,99.1809,99.0731,99.1124,196
2020-01-01 01:28:00,99.1124,99.1506,99.0506,99.0599,9611
2020-01-01 01:29:00,99.0599,99.1854,99.0106,99.1108,4601
2020-01-01 01:30:00,99.1108,99.1421,99.1081,99.1204,9006
2020-01-01 01:31:00,99.1204,99.2729,99.0811,99.2164,2594
2020-01-01 01:32:00,99.2164,99.3383,99.0814,99.1467,2846
2020-01-01 01:33:00,99.1467,99.1954,99.0714,99.1143,4143
2020-01-01 01:34:00,99.1143,99.1199,99.0457,99.0754,5239
2020-01-01 01:35:00,99.0754,99.1546,98.8779,98.9304,684
2020-01-01 01:36:00,98.9304,98.993,98.8825,98.9597,1053
2020-01-01 01:37:00,98.9597,99.0006,98.8687,98.9855,2997
2020-01-01 01:38:00,98.9855,99.0058,98.8992,98.986,7628
2020-01-01 01:39:00,98.986,99.0149,98.9277,98.9628,2130
2020-01-01 01:40:00,98.9628,99.0324,98.7284,98.8227,693
2020-01-01 01:41:00,98.8227,98.8327,98.7421,98.7812,1931
2020-01-01 01:42:00,98.7812,98.885,98.6702,98.7473,8647
2020-01-01 01:43:00,98.7473,98.7806,98.6271,98.6681,9968
2020-01-01 01:44:00,98.6681,98.7104,98.6252,98.6522,6699
2020-01-01 01:45:00,98.6522,98.719,98.6266,98.692,211
2020-01-01 01:46:00,98.692,98.906,98.6871,98.8782,4570
2020-01-01 01:47:00,98.8782,98.9008,98.8528,98.8955,9136
2020-01-01 01:48:00,98.8955,98.9247,98.8336,98.9209,2273
2020-01-01 01:49:00,98.9209,98.9859,98.891,98.9136,3178
2020-01-01 01:50:00,98.9136,98.948,98.6442,98.7238,1483
2020-01-01 01:51:00,98.7238,98.8158,98.7134,98.7212,6821
2020-01-01 01:52:00,98.7212,98.7602,98.6986,98.7271,4070
2020-01-01 01:53:00,98.7271,98.9747,98.6629,98.9703,461
2020-01-01 01:54:00,98.9703,98.9842,98.9365,98.9513,8970
2020-01-01 01:55:00,98.9513,98.9872,98.9407,98.9811,5178
2020-01-01 01:56:00,98.9811,99.0031,98.9625,98.9777,2911
2020-01-01 01:57:00,98.9777,98.9991,98.8178,98.862,2922
2020-01-01 01:58:00,98.862,99.0122,98.8379,98.975,9579
2020-01-01 01:59:00,98.975,99.105,98.9098,99.0494,4995
2020-01-01 02:00:00,99.0494,99.2518,99.0084,99.1277,8566
2020-01-01 02:01:00,99.1277,99.1517,99.0256,99.0376,1005
2020-01-01 02:02:00,99.0376,99.2112,98.9513,99.1765,8241
2020-01-01 02:03:00,99.1765,99.2562,98.9986,99.0375,1982
2020-01-01 02:04:00,99.0375,99.1095,98.9841,99.0956,591
2020-01-01 02:05:00,99.0956,99.319,99.0254,99.3127,7911
2020-01-01 02:06:00,99.3127,99.3362,99.0356,99.2143,8832
2020-01-01 02:07:00,99.2143,99.3494,99.1561,99.1581,2986
2020-01-01 02:08:00,99.1581,99.1762,99.0877,99.168,6232
2020-01-01 02:09:00,99.168,99.225,99.0679,99.1181,555
2020-01-01 02:10:00,99.1181,99.1341,98.9151,98.9644,750
2020-01-01 02:11:00,98.9644,99.0224,98.8766,98.9712,9604
2020-01-01 02:12:00,98.9712,99.0135,98.8453,98.866,1404
2020-01-01 02:13:00,98.866,98.9264,98.8414,98.9128,4612
2020-01-01 02:14:00,98.9128,98.9649,98.8061,98.8219,3709
2020-01-01 02:15:00,98.8219,98.9986,98.8129,98.9751,9095
2020-01-01 02:16:00,98.9751,99.0341,98.8818,98.8975,9089
2020-01-01 02:17:00,98.8975,98.9882,98.7884,98.8657,3484
2020-01-01 02:18:00,98.8657,98.9965,98.8421,98.9461,4804
2020-01-01 02:19:00,98.9461,99.0102,98.8093,98.8243,5827
2020-01-01 02:20:00,98.8243,98.8556,98.8157,98.8468,9372
2020-01-01 02:21:00,98.8468,99.0133,98.8355,98.976,9605
2020-01-01 02:22:00,98.976,99.0065,98.7223,98.8169,2745
2020-01-01 02:23:00,98.8169,98.8759,98.7883,98.8352,7216
2020-01-01 02:24:00,98.8352,98.872,98.8012,98.8608,5529
2020-01-01 02:25:00,98.8608,98.9934,98.7898,98.9381,2153
2020-01-01 02:26:00,98.9381,98.996,98.7587,98.8158,3614
2020-01-01 02:27:00,98.8158,98.8232,98.6281,98.6853,409
2020-01-01 02:28:00,98.6853,98.8223,98.6838,98.7368,9076
2020-01-01 02:29:00,98.7368,98.7855,98.6343,98.7661,5100
2020-01-01 02:30:00,98.7661,98.7925,98.7441,98.7908,5221
2020-01-01 02:31:00,98.7908,98.8673,98.7051,98.8251,5822
2020-01-01 02:32:00,98.8251,98.8477,98.6903,98.7579,6997
2020-01-01 02:33:00,98.7579,98.8504,98.7199,98.7808,5594
2020-01-01 02:34:00,98.7808,98.8136,98.6992,98.8098,7739
2020-01-01 02:35:00,98.8098,98.8619,98.6842,98.7392,9906
2020-01-01 02:36:00,98.7392,98.9777,98.7073,98.9234,9114
2020-01-01 02:37:00,98.9234,99.0011,98.8704,98.9703,9619
2020-01-01 02:38:00,98.9703,98.9951,98.8428,98.8524,157
2020-01-01 02:39:00,98.8524,98.9772,98.8472,98.9173,1348
2020-01-01 02:40:00,98.9173,98.9911,98.8038,98.8209,9741
2020-01-01 02:41:00,98.8209,98.907,98.7825,98.8986,6136
2020-01-01 02:42:00,98.8986,99.0272,98.8617,99.0132,617
2020-01-01 02:43:00,99.0132,99.0183,98.9188,98.932,2177
2020-01-01 02:44:00,98.932,99.1499,98.9151,99.0273,8442
2020-01-01 02:45:00,99.0273,99.093,98.992,99.0681,2257
2020-01-01 02:46:00,99.0681,99.2249,99.059,99.1496,6484
2020-01-01 02:47:00,99.1496,99.3434,99.1091,99.3377,3773
2020-01-01 02:48:00,99.3377,99.3889,99.3104,99.3133,8197
2020-01-01 02:49:00,99.3133,99.3388,99.2342,99.2384,5249
2020-01-01 02:50:00,99.2384,99.3262,99.1372,99.1501,2613
2020-01-01 02:51:00,99.1501,99.1953,98.9818,99.0693,6708
2020-01-01 02:52:00,99.0693,99.101,99.0551,99.0616,1494
2020-01-01 02:53:00,99.0616,99.1131,99.0119,99.0954,1805
2020-01-01 02:54:00,99.0954,99.1556,99.084,99.1228,9464
2020-01-01 02:55:00,99.1228,99.2148,99.111,99.2048,2521
2020-01-01 02:56:00,99.2048,99.21,99.1989,99.2061,8891
2020-01-01 02:57:00,99.2061,99.3776,99.2032,99.3503,3604
2020-01-01 02:58:00,99.3503,99.4253,99.3101,99.324,2399
2020-01-01 02:59:00,99.324,99.6499,99.2764,99.5942,4115
2020-01-01 03:00:00,99.5942,99.7272,99.5212,99.6565,1596
2020-01-01 03:01:00,99.6565,99.6677,99.5385,99.5711,6806
2020-01-01 03:02:00,99.5711,99.6078,99.4198,99.4645,6871
2020-01-01 03:03:00,99.4645,99.5432,99.4274,99.5124,7806
2020-01-01 03:04:00,99.5124,99.5438,99.4825,99.4902,8726
2020-01-01 03:05:00,99.4902,99.7063,99.452,99.5612,2758
2020-01-01 03:06:00,99.5612,99.672,99.5257,99.6084,2423
2020-01-01 03:07:00,99.6084,99.6623,99.5619,99.6011,2995
2020-01-01 03:08:00,99.6011,99.6127,99.474,99.5168,1631
2020-01-01 03:09:00,99.5168,99.6221,99.3115,99.366,881
2020-01-01 03:10:00,99.366,99.4076,99.3023,99.3216,1525
2020-01-01 03:11:00,99.3216,99.4199,99.3208,99.4067,5028
2020-01-01 03:12:00,99.4067,99.4815,99.3947,99.428,2651
2020-01-01 03:13:00,99.428,99.4289,99.2109,99.3041,7523
2020-01-01 03:14:00,99.3041,99.3379,99.2186,99.3213,656
2020-01-01 03:15:00,99.3213,99.3877,99.3077,99.3596,8804
2020-01-01 03:16:00,99.3596,99.3731,99.2632,99.2718,6538
2020-01-01 03:17:00,99.2718,99.3382,99.21,99.287,6618
2020-01-01 03:18:00,99.287,99.3569,99.1706,99.2928,5886
2020-01-01 03:19:00,99.2928,99.3081,99.154,99.1793,4251
2020-01-01 03:20:00,99.1793,99.2293,99.1601,99.2148,6193
2020-01-01 03:21:00,99.2148,99.2811,99.1981,99.2704,2999
2020-01-01 03:22:00,99.2704,99.4023,99.2618,99.378,6834
2020-01-01 03:23:00,99.378,99.4854,99.3061,99.4827,5116
2020-01-01 03:24:00,99.4827,99.4827,99.3122,99.3456,6609
2020-01-01 03:25:00,99.3456,99.4051,99.2049,99.2525,3060
2020-01-01 03:26:00,99.2525,99.3789,99.2501,99.3036,5043
2020-01-01 03:27:00,99.3036,99.4295,99.2341,99.3546,9544
2020-01-01 03:28:00,99.3546,99.4063,99.2513,99.4058,9016
2020-01-01 03:29:00,99.4058,99.8231,99.3298,99.7888,1406
2020-01-01 03:30:00,99.7888,99.8613,99.7708,99.8457,859
2020-01-01 03:31:00,99.8457,99.9792,99.8441,99.9591,5338
2020-01-01 03:32:00,99.9591,100.088,99.9486,100.0545,326
2020-01-01 03:33:00,100.0545,100.1253,100.036,100.1196,4897
2020-01-01 03:34:00,100.1196,100.2154,99.9874,100.0881,8599
2020-01-01 03:35:00,100.0881,100.2124,100.0469,100.164,3478
2020-01-01 03:36:00,100.164,100.2089,100.0402,100.0866,6812
2020-01-01 03:37:00,100.0866,100.2238,100.0628,100.0629,9809
2020-01-01 03:38:00,100.0629,100.1223,100.0113,100.0144,9823
2020-01-01 03:39:00,100.0144,100.0486,99.9555,100.0226,5308
2020-01-01 03:40:00,100.0226,100.32,99.9494,100.2541,7542
2020-01-01 03:41:00,100.2541,100.264,100.0549,100.0669,4848
2020-01-01 03:42:00,100.0669,100.2388,100.0269,100.1355,9088
2020-01-01 03:43:00,100.1355,100.1571,99.9559,99.9741,7145
2020-01-01 03:44:00,99.9741,100.0378,99.9265,99.9269,7724
2020-01-01 03:45:00,99.9269,100.0819,99.9167,100.0357,1879
2020-01-01 03:46:00,100.0357,100.0753,100.0013,100.0421,7163
2020-01-01 03:47:00,100.0421,100.0465,99.919,99.9343,685
2020-01-01 03:48:00,99.9343,99.9609,99.8338,99.8628,1478
2020-01-01 03:49:00,99.8628,99.9716,99.8178,99.9307,5807
2020-01-01 03:50:00,99.9307,99.9784,99.8529,99.8577,5542
2020-01-01 03:51:00,99.8577,99.9391,99.7929,99.8793,7029
2020-01-01 03:52:00,99.8793,99.9285,99.8432,99.8839,6520
2020-01-01 03:53:00,99.8839,99.939,99.6591,99.8188,4131
2020-01-01 03:54:00,99.8188,100.1073,99.7941,100.0328,7542
2020-01-01 03:55:00,100.0328,100.1035,100.0309,100.0962,6460
2020-01-01 03:56:00,100.0962,100.1543,99.8867,99.8935,1947
2020-01-01 03:57:00,99.8935,99.9213,99.7946,99.9121,1141
2020-01-01 03:58:00,99.9121,99.9873,99.8173,99.846,4939
2020-01-01 03:59:00,99.846,99.9731,99.8195,99.9311,7451
2020-01-01 04:00:00,99.9311,100.0153,99.7699,99.8519,7885
2020-01-01 04:01:00,99.8519,99.8842,99.8222,99.8405,342
2020-01-01 04:02:00,99.8405,99.9148,99.8162,99.8909,5645
2020-01-01 04:03:00,99.8909,100.0031,99.8516,99.9774,2200
2020-01-01 04:04:00,99.9774,100.0584,99.8174,99.8573,9541
2020-01-01 04:05:00,99.8573,99.8833,99.7337,99.8239,1837
2020-01-01 04:06:00,99.8239,99.8905,99.7129,99.7765,2854
2020-01-01 04:07:00,99.7765,99.808,99.6678,99.7113,1492
2020-01-01 04:08:00,99.7113,99.9273,99.7042,99.8874,8539
2020-01-01 04:09:00,99.8874,99.9281,99.8621,99.9278,7835
2020-01-01 04:10:00,99.9278,99.9557,99.8016,99.8018,7743
2020-01-01 04:11:00,99.8018,99.9431,99.7436,99.8934,9977
2020-01-01 04:12:00,99.8934,100.1319,99.8932,100.1054,4116
2020-01-01 04:13:00,100.1054,100.2473,100.0784,100.2088,3532
2020-01-01 04:14:00,100.2088,100.2112,100.0142,100.0565,4626
2020-01-01 04:15:00,100.0565,100.1242,99.9771,100.0081,7884
2020-01-01 04:16:00,100.0081,100.1691,99.9904,100.1348,2181
2020-01-01 04:17:00,100.1348,100.1479,99.9692,100.0639,9639
2020-01-01 04:18:00,100.0639,100.1301,99.9924,100.1083,5675
2020-01-01 04:19:00,100.1083,100.1875,100.0792,100.1859,5444
2020-01-01 04:20:00,100.1859,100.1879,100.0854,100.093,4836
2020-01-01 04:21:00,100.093,100.1378,100.0169,100.0871,232
2020-01-01 04:22:00,100.0871,100.1166,99.723,99.7626,1954
2020-01-01 04:23:00,99.7626,99.7704,99.5462,99.6605,6150
2020-01-01 04:24:00,99.6605,99.6985,99.5828,99.6353,5177
2020-01-01 04:25:00,99.6353,99.6552,99.4941,99.511,5440
2020-01-01 04:26:00,99.511,99.6947,99.422,99.6734,8692
2020-01-01 04:27:00,99.6734,99.6796,99.4862,99.5309,705
2020-01-01 04:28:00,99.5309,99.5382,99.4522,99.4871,231
2020-01-01 04:29:00,99.4871,99.5252,99.4743,99.5001,7171
2020-01-01 04:30:00,99.5001,99.6618,99.4858,99.6435,6257
2020-01-01 04:31:00,99.6435,99.6629,99.486,99.5004,6678
2020-01-01 04:32:00,99.5004,99.7142,99.4593,99.6161,6713
2020-01-01 04:33:00,99.6161,99.664,99.6029,99.6171,4606
2020-01-01 04:34:00,99.6171,99.655,99.5002,99.5194,903
2020-01-01 04:35:00,99.5194,99.5938,99.4522,99.5654,5292
2020-01-01 04:36:00,99.5654,99.5911,99.5144,99.5852,4389
2020-01-01 04:37:00,99.5852,99.6047,99.492,99.5254,3733
2020-01-01 04:38:00,99.5254,99.5392,99.4713,99.5324,2776
2020-01-01 04:39:00,99.5324,99.5916,99.4834,99.494,1315
2020-01-01 04:40:00,99.494,99.5225,99.4559,99.5053,2577
2020-01-01 04:41:00,99.5053,99.5743,99.4791,99.5712,2364
2020-01-01 04:42:00,99.5712,99.7811,99.5583,99.7291,7890
2020-01-01 04:43:00,99.7291,99.7407,99.5894,99.6057,1069
2020-01-01 04:44:00,99.6057,99.8242,99.4905,99.8181,6728
2020-01-01 04:45:00,99.8181,99.8338,99.6195,99.6233,700
2020-01-01 04:46:00,99.6233,99.6279,99.5774,99.6081,4555
2020-01-01 04:47:00,99.6081,99.6672,99.5114,99.6667,6041
2020-01-01 04:48:00,99.6667,99.724,99.6239,99.6948,9624
2020-01-01 04:49:00,99.6948,99.7322,99.5785,99.6327,2816
2020-01-01 04:50:00,99.6327,99.6824,99.5644,99.6119,881
2020-01-01 04:51:00,99.6119,99.6813,99.5421,99.5628,1534
2020-01-01 04:52:00,99.5628,99.6066,99.4526,99.5042,4438
2020-01-01 04:53:00,99.5042,99.5974,99.487,99.5887,9308
2020-01-01 04:54:00,99.5887,99.6294,99.5774,99.6242,2802
2020-01-01 04:55:00,99.6242,99.6378,99.5238,99.5552,4091
2020-01-01 04:56:00,99.5552,99.7621,99.4998,99.6448,8751
2020-01-01 04:57:00,99.6448,99.7539,99.5416,99.6754,7632
2020-01-01 04:58:00,99.6754,99.8106,99.6687,99.7564,7345
2020-01-01 04:59:00,99.7564,99.8415,99.7096,99.8192,3740
2020-01-01 05:00:00,99.8192,99.9144,99.7194,99.7365,631
2020-01-01 05:01:00,99.7365,99.7852,99.643,99.6806,2077
2020-01-01 05:02:00,99.6806,99.8492,99.6226,99.7551,3864
2020-01-01 05:03:00,99.7551,99.8642,99.7308,99.816,390
2020-01-01 05:04:00,99.816,99.8279,99.7942,99.8139,6177
2020-01-01 05:05:00,99.8139,99.8892,99.7534,99.8256,7968
2020-01-01 05:06:00,99.8256,99.9539,99.7848,99.9532,3675
2020-01-01 05:07:00,99.9532,99.9725,99.7925,99.894,4749
2020-01-01 05:08:00,99.894,99.9564,99.8691,99.9487,6714
2020-01-01 05:09:00,99.9487,99.9844,99.878,99.9285,612
2020-01-01 05:10:00,99.9285,99.9334,99.8276,99.9067,1739
2020-01-01 05:11:00,99.9067,100.0426,99.8479,100.0165,8546
2020-01-01 05:12:00,100.0165,100.1274,100.0087,100.099,4916
2020-01-01 05:13:00,100.099,100.2211,100.0932,100.1805,5949
2020-01-01 05:14:00,100.1805,100.344,100.1507,100.3113,2737
2020-01-01 05:15:00,100.3113,100.3593,100.2496,100.3134,2065
2020-01-01 05:16:00,100.3134,100.4431,100.2971,100.3818,150
2020-01-01 05:17:00,100.3818,100.4655,100.2907,100.3506,899
2020-01-01 05:18:00,100.3506,100.44,100.2908,100.3832,8391
2020-01-01 05:19:00,100.3832,100.4866,100.296,100.3701,6742
2020-01-01 05:20:00,100.3701,100.3925,100.3165,100.3798,336
2020-01-01 05:21:00,100.3798,100.4697,100.3372,100.4396,571
2020-01-01 05:22:00,100.4396,100.4917,100.3387,100.3574,2304
2020-01-01 05:23:00,100.3574,100.5812,100.2999,100.5674,7281
2020-01-01 05:24:00,100.5674,100.5765,100.4412,100.4662,6359
2020-01-01 05:25:00,100.4662,100.5322,100.3169,100.3442,8430
2020-01-01 05:26:00,100.3442,100.4674,100.3439,100.4604,1483
2020-01-01 05:27:00,100.4604,100.565,100.4042,100.54,4601
2020-01-01 05:28:00,100.54,100.6287,100.4678,100.6027,1812
2020-01-01 05:29:00,100.6027,100.7195,100.5432,100.6659,9242
2020-01-01 05:30:00,100.6659,100.7049,100.6015,100.6647,6810
2020-01-01 05:31:00,100.6647,100.6915,100.5088,100.5744,3896
2020-01-01 05:32:00,100.5744,100.6773,100.5292,100.582,2473
2020-01-01 05:33:00,100.582,100.5896,100.4584,100.5139,9649
2020-01-01 05:34:00,100.5139,100.622,100.4857,100.6119,4524
2020-01-01 05:35:00,100.6119,100.6153,100.5697,100.5971,5519
2020-01-01 05:36:00,100.5971,100.6384,100.5135,100.5141,1799
2020-01-01 05:37:00,100.5141,100.5957,100.4112,100.4818,4210
2020-01-01 05:38:00,100.4818,100.5498,100.3859,100.5232,3472
2020-01-01 05:39:00,100.5232,100.5799,100.4535,100.4666,8925
2020-01-01 05:40:00,100.4666,100.4892,100.2505,100.384,5681
2020-01-01 05:41:00,100.384,100.5089,100.3691,100.4084,9420
2020-01-01 05:42:00,100.4084,100.4657,100.3615,100.433,2486
2020-01-01 05:43:00,100.433,100.4816,100.3708,100.3821,8683
2020-01-01 05:44:00,100.3821,100.4131,100.2984,100.3348,268
2020-01-01 05:45:00,100.3348,100.3919,100.3169,100.3581,4065
2020-01-01 05:46:00,100.3581,100.4027,100.1509,100.2128,3308
2020-01-01 05:47:00,100.2128,100.2829,100.0274,100.0717,9477
2020-01-01 05:48:00,100.0717,100.1108,99.9838,99.9998,8272
2020-01-01 05:49:00,99.9998,100.0106,99.9252,99.9785,2827
2020-01-01 05:50:00,99.9785,100.0166,99.9402,100.0096,3609
2020-01-01 05:51:00,100.0096,100.2335,99.9868,100.1571,7649
2020-01-01 05:52:00,100.1571,100.2497,100.1419,100.243,4577
2020-01-01 05:53:00,100.243,100.2862,100.1475,100.227,4820
2020-01-01 05:54:00,100.227,100.2618,100.223,100.2251,1813
2020-01-01 05:55:00,100.2251,100.354,100.0368,100.1246,6719
2020-01-01 05:56:00,100.1246,100.1496,100.0904,100.1228,2612
2020-01-01 05:57:00,100.1228,100.2224,99.9869,100.0939,4689
2020-01-01 05:58:00,100.0939,100.1443,100.0582,100.1262,6778
2020-01-01 05:59:00,100.1262,100.1323,100.0039,100.0433,2778
2020-01-01 06:00:00,100.0433,100.0997,99.9892,100.0953,381
2020-01-01 06:01:00,100.0953,100.2853,100.0476,100.2487,5026
2020-01-01 06:02:00,100.2487,100.261,100.1374,100.2378,529
2020-01-01 06:03:00,100.2378,100.3404,100.2214,100.2781,4758
2020-01-01 06:04:00,100.2781,100.3947,100.2449,100.3473,5262
2020-01-01 06:05:00,100.3473,100.3797,100.2991,100.307,8205
2020-01-01 06:06:00,100.307,100.3805,100.2911,100.3295,3312
2020-01-01 06:07:00,100.3295,100.3578,100.2509,100.3308,4732
2020-01-01 06:08:00,100.3308,100.4093,100.2799,100.3406,2763
2020-01-01 06:09:00,100.3406,100.4291,100.2038,100.263,9227
2020-01-01 06:10:00,100.263,100.3043,100.2569,100.2655,1788
2020-01-01 06:11:00,100.2655,100.3266,100.2049,100.3154,5694
2020-01-01 06:12:00,100.3154,100.4776,100.236,100.461,6035
2020-01-01 06:13:00,100.461,100.5858,100.4567,100.5573,9174
2020-01-01 06:14:00,100.5573,100.7811,100.5415,100.7739,916
2020-01-01 06:15:00,100.7739,100.8028,100.6932,100.6965,3966
2020-01-01 06:16:00,100.6965,100.8328,100.6918,100.7844,6288
2020-01-01 06:17:00,100.7844,100.8427,100.7009,100.8028,777
2020-01-01 06:18:00,100.8028,101.0323,100.7246,101.0236,2589
2020-01-01 06:19:00,101.0236,101.031,100.9295,100.9419,7332
2020-01-01 06:20:00,100.9419,101.0605,100.7985,100.8572,2546
2020-01-01 06:21:00,100.8572,100.9051,100.6925,100.7967,1988
2020-01-01 06:22:00,100.7967,100.8432,100.4656,100.5826,1820
2020-01-01 06:23:00,100.5826,100.5877,100.491,100.5297,323
2020-01-01 06:24:00,100.5297,100.5466,100.4223,100.4534,1034
2020-01-01 06:25:00,100.4534,100.4753,100.4306,100.4685,9604
2020-01-01 06:26:00,100.4685,100.5647,100.444,100.5029,1408
2020-01-01 06:27:00,100.5029,100.7122,100.4769,100.6914,8517
2020-01-01 06:28:00,100.6914,100.8784,100.6639,100.7871,299
2020-01-01 06:29:00,100.7871,100.8163,100.7242,100.729,4206
2020-01-01 06:30:00,100.729,100.8545,100.6343,100.6385,5174
2020-01-01 06:31:00,100.6385,100.7493,100.5594,100.688,4093
2020-01-01 06:32:00,100.688,100.7429,100.5139,100.5551,7172
2020-01-01 06:33:00,100.5551,100.7573,100.5248,100.7392,4033
2020-01-01 06:34:00,100.7392,100.8942,100.7049,100.858,7033
2020-01-01 06:35:00,100.858,100.9014,100.75,100.8107,1697
2020-01-01 06:36:00,100.8107,100.8344,100.52,100.638,104
2020-01-01 06:37:00,100.638,100.8498,100.605,100.7743,8571
2020-01-01 06:38:00,100.7743,100.788,100.6875,100.7627,7690
2020-01-01 06:39:00,100.7627,100.9818,100.7264,100.8875,3119
2020-01-01 06:40:00,100.8875,100.8906,100.6997,100.7266,5457
2020-01-01 06:41:00,100.7266,100.7306,100.6561,100.6662,2464
2020-01-01 06:42:00,100.6662,100.7271,100.5649,100.6668,226
2020-01-01 06:43:00,100.6668,100.6722,100.6404,100.6715,4926
2020-01-01 06:44:00,100.6715,100.6927,100.5739,100.6262,3349
2020-01-01 06:45:00,100.6262,100.7415,100.5691,100.6888,4001
2020-01-01 06:46:00,100.6888,100.6949,100.5704,100.5813,5257
2020-01-01 06:47:00,100.5813,100.6191,100.5166,100.567,8774
2020-01-01 06:48:00,100.567,100.6372,100.4829,100.5791,3139
2020-01-01 06:49:00,100.5791,100.6406,100.5682,100.6309,4510
2020-01-01 06:50:00,100.6309,100.7026,100.582,100.7025,9799
2020-01-01 06:51:00,100.7025,100.7114,100.5742,100.5892,9230
2020-01-01 06:52:00,100.5892,100.6431,100.3777,100.4349,116
2020-01-01 06:53:00,100.4349,100.5898,100.3692,100.5632,8104
2020-01-01 06:54:00,100.5632,100.5968,100.5176,100.5967,7183
2020-01-01 06:55:00,100.5967,100.6064,100.5039,100.5214,5175
2020-01-01 06:56:00,100.5214,100.7413,100.4952,100.6773,4042
2020-01-01 06:57:00,100.6773,100.6999,100.6469,100.6889,6272
2020-01-01 06:58:00,100.6889,100.8508,100.614,100.8077,3717
2020-01-01 06:59:00,100.8077,100.8149,100.8076,100.8145,9325
2020-01-01 07:00:00,100.8145,101.0756,100.7628,101.0222,6330
2020-01-01 07:01:00,101.0222,101.2197,101.0019,101.1996,8761
2020-01-01 07:02:00,101.1996,101.2002,101.1501,101.1744,1424
2020-01-01 07:03:00,101.1744,101.2733,101.1151,101.2727,3377
2020-01-01 07:04:00,101.2727,101.3864,101.2236,101.338,1724
2020-01-01 07:05:00,101.338,101.5024,101.2195,101.4767,7349
2020-01-01 07:06:00,101.4767,101.4788,101.3365,101.3788,9527
2020-01-01 07:07:00,101.3788,101.4738,101.3705,101.4483,218
2020-01-01 07:08:00,101.4483,101.6119,101.4323,101.5557,7403
2020-01-01 07:09:00,101.5557,101.6192,101.3665,101.3771,8040
2020-01-01 07:10:00,101.3771,101.3985,101.2186,101.2572,9079
2020-01-01 07:11:00,101.2572,101.3092,101.0379,101.0507,6620
2020-01-01 07:12:00,101.0507,101.0666,100.9659,101.0234,2575
2020-01-01 07:13:00,101.0234,101.0984,100.928,101.0959,2867
2020-01-01 07:14:00,101.0959,101.2605,101.0848,101.2478,9719
2020-01-01 07:15:00,101.2478,101.2644,101.2467,101.2553,342
2020-01-01 07:16:00,101.2553,101.4971,101.2264,101.4202,5180
2020-01-01 07:17:00,101.4202,101.4379,101.2153,101.2803,5564
2020-01-01 07:18:00,101.2803,101.3621,101.0931,101.1077,4822
2020-01-01 07:19:00,101.1077,101.1411,101.0521,101.1021,8307
2020-01-01 07:20:00,101.1021,101.157,101.0951,101.1409,4711
2020-01-01 07:21:00,101.1409,101.1683,101.0484,101.1376,6509
2020-01-01 07:22:00,101.1376,101.142,100.8957,100.9285,8214
2020-01-01 07:23:00,100.9285,100.958,100.8505,100.9196,6803
2020-01-01 07:24:00,100.9196,100.9441,100.7237,100.7879,2882
2020-01-01 07:25:00,100.7879,100.8653,100.7803,100.8554,6959
2020-01-01 07:26:00,100.8554,100.9314,100.786,100.8924,6263
2020-01-01 07:27:00,100.8924,100.9454,100.6967,100.7975,1923
2020-01-01 07:28:00,100.7975,100.8147,100.7189,100.7457,5023
2020-01-01 07:29:00,100.7457,100.7571,100.6229,100.639,8302
2020-01-01 07:30:00,100.639,100.662,100.6101,100.6327,5239
2020-01-01 07:31:00,100.6327,100.7688,100.6195,100.7288,8570
2020-01-01 07:32:00,100.7288,100.775,100.6263,100.6296,5766
2020-01-01 07:33:00,100.6296,100.74,100.5962,100.6803,5620
2020-01-01 07:34:00,100.6803,100.7301,100.6009,100.6269,7021
2020-01-01 07:35:00,100.6269,100.6516,100.4702,100.5471,2185
2020-01-01 07:36:00,100.5471,100.5739,100.5112,100.5363,5169
2020-01-01 07:37:00,100.5363,100.6687,100.381,100.4323,1206
2020-01-01 07:38:00,100.4323,100.4539,100.3197,100.3767,8323
2020-01-01 07:39:00,100.3767,100.4609,100.213,100.2564,9028
2020-01-01 07:40:00,100.2564,100.517,100.2463,100.4534,1948
2020-01-01 07:41:00,100.4534,100.5067,100.3459,100.4569,3708
2020-01-01 07:42:00,100.4569,100.4914,100.3646,100.3867,8207
2020-01-01 07:43:00,100.3867,100.4506,100.3543,100.4081,2777
2020-01-01 07:44:00,100.4081,100.4216,100.3066,100.3969,393
2020-01-01 07:45:00,100.3969,100.4324,100.3255,100.3747,3296
2020-01-01 07:46:00,100.3747,100.4775,100.3707,100.4363,1671
2020-01-01 07:47:00,100.4363,100.5706,100.4291,100.5124,6666
2020-01-01 07:48:00,100.5124,100.5739,100.433,100.4591,368
2020-01-01 07:49:00,100.4591,100.5068,100.3941,100.4012,7173
2020-01-01 07:50:00,100.4012,100.4275,100.3101,100.3736,9439
2020-01-01 07:51:00,100.3736,100.3783,100.1265,100.1426,3442
2020-01-01 07:52:00,100.1426,100.1674,99.9417,99.9908,5277
2020-01-01 07:53:00,99.9908,100.1752,99.9377,100.1275,979
2020-01-01 07:54:00,100.1275,100.3104,100.0907,100.2922,158
2020-01-01 07:55:00,100.2922,100.3511,100.2657,100.2672,3991
2020-01-01 07:56:00,100.2672,100.3749,100.2355,100.325,316
2020-01-01 07:57:00,100.325,100.4141,100.2943,100.3563,5800
2020-01-01 07:58:00,100.3563,100.7609,100.2549,100.6653,7749
2020-01-01 07:59:00,100.6653,100.7978,100.6079,100.778,6346
2020-01-01 08:00:00,100.778,100.8337,100.7136,100.7651,8078
2020-01-01 08:01:00,100.7651,100.7774,100.6277,100.6688,6484
2020-01-01 08:02:00,100.6688,100.7361,100.4859,100.5071,5056
2020-01-01 08:03:00,100.5071,100.5583,100.4568,100.5275,833
2020-01-01 08:04:00,100.5275,100.5561,100.3913,100.4515,6050
2020-01-01 08:05:00,100.4515,100.4551,100.2939,100.3086,5448
2020-01-01 08:06:00,100.3086,100.3208,100.2312,100.2437,5671
2020-01-01 08:07:00,100.2437,100.292,100.1,100.1353,7174
2020-01-01 08:08:00,100.1353,100.3537,100.1309,100.3043,2521
2020-01-01 08:09:00,100.3043,100.4315,100.2941,100.3927,3477
2020-01-01 08:10:00,100.3927,100.4433,100.3514,100.3919,8665
2020-01-01 08:11:00,100.3919,100.5448,100.3518,100.5405,7204
2020-01-01 08:12:00,100.5405,100.603,100.4248,100.5483,6883
2020-01-01 08:13:00,100.5483,100.5827,100.454,100.4617,211
2020-01-01 08:14:00,100.4617,100.6502,100.3921,100.6147,8585
2020-01-01 08:15:00,100.6147,100.682,100.5926,100.6689,2569
2020-01-01 08:16:00,100.6689,100.7438,100.5072,100.5645,2298
2020-01-01 08:17:00,100.5645,100.5689,100.5299,100.5453,5393
2020-01-01 08:18:00,100.5453,100.608,100.4485,100.4573,7681
2020-01-01 08:19:00,100.4573,100.4641,100.2614,100.3184,8459
2020-01-01 08:20:00,100.3184,100.4887,100.2632,100.4113,169
2020-01-01 08:21:00,100.4113,100.6701,100.3749,100.603,6056
2020-01-01 08:22:00,100.603,100.6421,100.418,100.4623,9717
2020-01-01 08:23:00,100.4623,100.5226,100.461,100.5189,6174
2020-01-01 08:24:00,100.5189,100.52,100.3918,100.4535,2672
2020-01-01 08:25:00,100.4535,100.4918,100.4023,100.4045,1754
2020-01-01 08:26:00,100.4045,100.4242,100.282,100.3451,2359
2020-01-01 08:27:00,100.3451,100.4395,100.171,100.2584,201
2020-01-01 08:28:00,100.2584,100.2879,100.2425,100.2632,6008
2020-01-01 08:29:00,100.2632,100.3199,100.0968,100.1799,5808
2020-01-01 08:30:00,100.1799,100.2552,100.1378,100.207,1461
2020-01-01 08:31:00,100.207,100.207,100.1882,100.202,8624
2020-01-01 08:32:00,100.202,100.2067,100.1308,100.178,3360
2020-01-01 08:33:00,100.178,100.2488,100.0731,100.0871,1222
2020-01-01 08:34:00,100.0871,100.0954,99.9852,100.0294,2057
2020-01-01 08:35:00,100.0294,100.1533,100.0265,100.105,8751
2020-01-01 08:36:00,100.105,100.2116,100.0395,100.1551,9509
2020-01-01 08:37:00,100.1551,100.2188,100.0497,100.0572,6798
2020-01-01 08:38:00,100.0572,100.1452,100.0054,100.0671,5085
2020-01-01 08:39:00,100.0671,100.2483,99.9876,100.1423,6879
2020-01-01 08:40:00,100.1423,100.1629,99.9365,99.9751,1030
2020-01-01 08:41:00,99.9751,100.0367,99.9546,100.0295,8602
2020-01-01 08:42:00,100.0295,100.1241,99.9222,99.9632,2989
2020-01-01 08:43:00,99.9632,100.0233,99.9072,100.0202,6059
2020-01-01 08:44:00,100.0202,100.0316,99.8662,99.9439,7239
2020-01-01 08:45:00,99.9439,99.9482,99.6968,99.7635,1858
2020-01-01 08:46:00,99.7635,99.7916,99.485,99.6011,8181
2020-01-01 08:47:00,99.6011,99.6531,99.5152,99.6059,4441
2020-01-01 08:48:00,99.6059,99.6881,99.5989,99.6318,8246
2020-01-01 08:49:00,99.6318,99.6333,99.4597,99.5417,571
2020-01-01 08:50:00,99.5417,99.682,99.5389,99.6052,4517
2020-01-01 08:51:00,99.6052,99.6315,99.4205,99.4398,3280
2020-01-01 08:52:00,99.4398,99.4614,99.3698,99.4332,7916
2020-01-01 08:53:00,99.4332,99.4737,99.2983,99.3128,1244
2020-01-01 08:54:00,99.3128,99.3934,99.2072,99.248,198
2020-01-01 08:55:00,99.248,99.313,99.2126,99.2527,3749
2020-01-01 08:56:00,99.2527,99.3072,99.1572,99.1673,593
2020-01-01 08:57:00,99.1673,99.2254,99.1007,99.1292,2257
2020-01-01 08:58:00,99.1292,99.3192,99.0262,99.229,4679
2020-01-01 08:59:00,99.229,99.3217,99.1451,99.1717,2277
2020-01-01 09:00:00,99.1717,99.3238,99.1498,99.2546,9715
2020-01-01 09:01:00,99.2546,99.2637,99.1352,99.1425,8797
2020-01-01 09:02:00,99.1425,99.1984,99.125,99.195,7012
2020-01-01 09:03:00,99.195,99.4776,99.1737,99.338,8652
2020-01-01 09:04:00,99.338,99.3513,99.0488,99.0925,8445
2020-01-01 09:05:00,99.0925,99.1147,99.0003,99.0135,8207
2020-01-01 09:06:00,99.0135,99.0882,99.0024,99.0706,632
2020-01-01 09:07:00,99.0706,99.1154,99.0476,99.0505,5766
2020-01-01 09:08:00,99.0505,99.1065,99.0437,99.0873,2457
2020-01-01 09:09:00,99.0873,99.1226,98.9823,99.0274,6879
2020-01-01 09:10:00,99.0274,99.0701,99.0244,99.036,2069
2020-01-01 09:11:00,99.036,99.1058,99.0086,99.0206,5071
2020-01-01 09:12:00,99.0206,99.2005,99.0007,99.1362,7271
2020-01-01 09:13:00,99.1362,99.2339,99.1273,99.1614,734
2020-01-01 09:14:00,99.1614,99.245,99.1499,99.1949,2701
2020-01-01 09:15:00,99.1949,99.27,99.1512,99.1541,1292
2020-01-01 09:16:00,99.1541,99.1676,99.0783,99.1057,9028
2020-01-01 09:17:00,99.1057,99.1189,99.0473,99.0628,9500
2020-01-01 09:18:00,99.0628,99.107,99.0519,99.1019,5904
2020-01-01 09:19:00,99.1019,99.1695,99.0513,99.0602,707
2020-01-01 09:20:00,99.0602,99.1106,99.0106,99.0889,6521
2020-01-01 09:21:00,99.0889,99.3249,99.0538,99.2946,5358
2020-01-01 09:22:00,99.2946,99.3829,99.2649,99.381,3165
2020-01-01 09:23:00,99.381,99.3886,99.347,99.3486,7966
2020-01-01 09:24:00,99.3486,99.5824,99.2482,99.468,7353
2020-01-01 09:25:00,99.468,99.5397,99.4166,99.4274,4426
2020-01-01 09:26:00,99.4274,99.4915,99.1903,99.2248,5670
2020-01-01 09:27:00,99.2248,99.2573,99.124,99.1247,2137
2020-01-01 09:28:00,99.1247,99.1485,98.8706,98.9393,2285
2020-01-01 09:29:00,98.9393,99.0199,98.8788,98.9045,9288
2020-01-01 09:30:00,98.9045,98.9977,98.861,98.9063,7605
2020-01-01 09:31:00,98.9063,99.098,98.8849,99.0721,1279
2020-01-01 09:32:00,99.0721,99.1644,98.9622,99.1045,4802
2020-01-01 09:33:00,99.1045,99.1249,99.0813,99.0828,7035
2020-01-01 09:34:00,99.0828,99.2202,99.0287,99.165,9624
2020-01-01 09:35:00,99.165,99.1865,98.9392,98.9457,2844
2020-01-01 09:36:00,98.9457,98.9783,98.869,98.969,2360
2020-01-01 09:37:00,98.969,99.0691,98.931,99.0453,6220
2020-01-01 09:38:00,99.0453,99.0646,98.8229,98.8989,3598
2020-01-01 09:39:00,98.8989,99.0253,98.8711,99.012,3513
2020-01-01 09:40:00,99.012,99.0994,99.0049,99.0455,5578
2020-01-01 09:41:00,99.0455,99.1842,98.9527,99.0044,5898
2020-01-01 09:42:00,99.0044,99.0912,98.9705,99.067,8197
2020-01-01 09:43:00,99.067,99.4021,99.0211,99.292,305
2020-01-01 09:44:00,99.292,99.3519,99.2271,99.31,5480
2020-01-01 09:45:00,99.31,99.3976,99.2422,99.3347,1909
2020-01-01 09:46:00,99.3347,99.3757,99.1852,99.2891,9191
2020-01-01 09:47:00,99.2891,99.305,99.1367,99.2047,9039
2020-01-01 09:48:00,99.2047,99.3068,99.1429,99.2871,7042
2020-01-01 09:49:00,99.2871,99.3054,99.1773,99.2021,2396
2020-01-01 09:50:00,99.2021,99.223,99.1468,99.2092,5028
2020-01-01 09:51:00,99.2092,99.2276,99.0833,99.1618,5249
2020-01-01 09:52:00,99.1618,99.2133,99.1346,99.2093,4098
2020-01-01 09:53:00,99.2093,99.2838,99.1783,99.2424,6034
2020-01-01 09:54:00,99.2424,99.362,99.2422,99.3453,1038
2020-01-01 09:55:00,99.3453,99.3702,99.2429,99.2947,5350
2020-01-01 09:56:00,99.2947,99.3195,99.2109,99.2679,4655
2020-01-01 09:57:00,99.2679,99.3118,99.0872,99.1707,6638
2020-01-01 09:58:00,99.1707,99.185,99.1154,99.1266,7795
2020-01-01 09:59:00,99.1266,99.1818,99.1212,99.164,6656
2020-01-01 10:00:00,99.164,99.2981,99.0892,99.2391,2264
2020-01-01 10:01:00,99.2391,99.2721,99.1271,99.1476,5368
2020-01-01 10:02:00,99.1476,99.2763,99.1223,99.2338,6352
2020-01-01 10:03:00,99.2338,99.4273,99.2162,99.3683,6221
2020-01-01 10:04:00,99.3683,99.4185,99.3431,99.4094,2973
2020-01-01 10:05:00,99.4094,99.6883,99.3958,99.596,1550
2020-01-01 10:06:00,99.596,99.619,99.4967,99.5189,5205
2020-01-01 10:07:00,99.5189,99.5244,99.3812,99.3951,5736
2020-01-01 10:08:00,99.3951,99.4515,99.1973,99.2183,1303
2020-01-01 10:09:00,99.2183,99.4001,99.1207,99.3667,7152
2020-01-01 10:10:00,99.3667,99.4418,99.363,99.4317,4591
2020-01-01 10:11:00,99.4317,99.4875,99.4088,99.4262,3124
2020-01-01 10:12:00,99.4262,99.5228,99.3978,99.454,6244
2020-01-01 10:13:00,99.454,99.4879,99.3183,99.3421,2155
2020-01-01 10:14:00,99.3421,99.5941,99.3197,99.5851,2291
2020-01-01 10:15:00,99.5851,99.6126,99.5612,99.5979,9970
2020-01-01 10:16:00,99.5979,99.6274,99.5976,99.6088,7932
2020-01-01 10:17:00,99.6088,99.6942,99.6024,99.6811,9957
2020-01-01 10:18:00,99.6811,99.793,99.5764,99.7291,4828
2020-01-01 10:19:00,99.7291,99.8456,99.6965,99.7514,5790
2020-01-01 10:20:00,99.7514,99.7724,99.6581,99.6725,4924
2020-01-01 10:21:00,99.6725,99.7419,99.5762,99.7195,3111
2020-01-01 10:22:00,99.7195,99.9301,99.6601,99.9072,7719
2020-01-01 10:23:00,99.9072,100.1093,99.8639,100.0416,8535
2020-01-01 10:24:00,100.0416,100.261,100.0315,100.201,8431
2020-01-01 10:25:00,100.201,100.2153,100.1291,100.1498,2548
2020-01-01 10:26:00,100.1498,100.2149,99.9531,100.0507,824
2020-01-01 10:27:00,100.0507,100.0864,99.9966,100.0381,9856
2020-01-01 10:28:00,100.0381,100.0902,100.0085,100.0437,203
2020-01-01 10:29:00,100.0437,100.2438,99.9962,100.1531,4147
2020-01-01 10:30:00,100.1531,100.214,99.9151,99.9836,162
2020-01-01 10:31:00,99.9836,100.1419,99.9609,100.1366,2162
2020-01-01 10:32:00,100.1366,100.1532,100.0757,100.1207,3665
2020-01-01 10:33:00,100.1207,100.1973,100.0475,100.078,9838
2020-01-01 10:34:00,100.078,100.0935,99.8963,99.9767,6684
2020-01-01 10:35:00,99.9767,100.0325,99.7905,99.8113,6768
2020-01-01 10:36:00,99.8113,99.933,99.7484,99.8934,4922
2020-01-01 10:37:00,99.8934,99.9602,99.8097,99.9008,4933
2020-01-01 10:38:00,99.9008,99.9237,99.7259,99.7719,3746
2020-01-01 10:39:00,99.7719,99.7733,99.5959,99.6427,229
2020-01-01 10:40:00,99.6427,99.6563,99.5333,99.6092,3115
2020-01-01 10:41:00,99.6092,99.8054,99.588,99.7755,7769
2020-01-01 10:42:00,99.7755,99.8288,99.746,99.7496,5390
2020-01-01 10:43:00,99.7496,99.7599,99.5377,99.5996,1026
2020-01-01 10:44:00,99.5996,99.6389,99.5168,99.5751,2080
2020-01-01 10:45:00,99.5751,99.5864,99.5196,99.548,5625
2020-01-01 10:46:00,99.548,99.6457,99.2647,99.2795,1919
2020-01-01 10:47:00,99.2795,99.2962,99.2489,99.2741,5207
2020-01-01 10:48:00,99.2741,99.2921,99.2481,99.2512,4883
2020-01-01 10:49:00,99.2512,99.3962,99.2482,99.3203,2995
2020-01-01 10:50:00,99.3203,99.5149,99.2487,99.5039,1856
2020-01-01 10:51:00,99.5039,99.6277,99.4262,99.616,2427
2020-01-01 10:52:00,99.616,99.6353,99.5822,99.5893,3296
2020-01-01 10:53:00,99.5893,99.6722,99.4672,99.4791,3753
2020-01-01 10:54:00,99.4791,99.7775,99.475,99.7351,6354
2020-01-01 10:55:00,99.7351,99.8135,99.6547,99.741,4359
2020-01-01 10:56:00,99.741,99.8139,99.7242,99.7423,514
2020-01-01 10:57:00,99.7423,99.7866,99.6602,99.7399,6437
2020-01-01 10:58:00,99.7399,99.7933,99.7025,99.7597,8246
2020-01-01 10:59:00,99.7597,99.8185,99.6398,99.7453,2970
2020-01-01 11:00:00,99.7453,99.8153,99.6297,99.6881,9314
2020-01-01 11:01:00,99.6881,99.7003,99.6136,99.6336,6352
2020-01-01 11:02:00,99.6336,99.6809,99.6024,99.6303,498
2020-01-01 11:03:00,99.6303,99.7157,99.5305,99.5762,4070
2020-01-01 11:04:00,99.5762,99.6099,99.492,99.5052,8420
2020-01-01 11:05:00,99.5052,99.5161,99.4335,99.5158,9824
2020-01-01 11:06:00,99.5158,99.5582,99.4598,99.4904,6670
2020-01-01 11:07:00,99.4904,99.6856,99.4376,99.64,1150
2020-01-01 11:08:00,99.64,99.6433,99.3075,99.3759,3052
2020-01-01 11:09:00,99.3759,99.5142,99.3163,99.4843,443
2020-01-01 11:10:00,99.4843,99.6471,99.3898,99.6083,9716
2020-01-01 11:11:00,99.6083,99.6113,99.4012,99.4018,703
2020-01-01 11:12:00,99.4018,99.4452,99.341,99.3677,9882
2020-01-01 11:13:00,99.3677,99.4134,99.2631,99.3308,7136
2020-01-01 11:14:00,99.3308,99.4042,99.1292,99.191,4928
2020-01-01 11:15:00,99.191,99.2163,99.0682,99.1139,6032
2020-01-01 11:16:00,99.1139,99.1685,98.9756,99.0038,4351
2020-01-01 11:17:00,99.0038,99.1861,98.9896,99.1773,6683
2020-01-01 11:18:00,99.1773,99.2964,99.1618,99.2701,2248
2020-01-01 11:19:00,99.2701,99.4363,99.2356,99.3963,6144
2020-01-01 11:20:00,99.3963,99.5094,99.371,99.468,847
2020-01-01 11:21:00,99.468,99.4728,99.3472,99.3557,8791
2020-01-01 11:22:00,99.3557,99.3646,99.2903,99.3036,3456
2020-01-01 11:23:00,99.3036,99.3909,99.2397,99.3522,5288
2020-01-01 11:24:00,99.3522,99.4305,99.1933,99.2308,5998
2020-01-01 11:25:00,99.2308,99.3437,99.156,99.3015,485
2020-01-01 11:26:00,99.3015,99.3829,99.2671,99.2777,4333
2020-01-01 11:27:00,99.2777,99.2905,99.1944,99.2405,6346
2020-01-01 11:28:00,99.2405,99.3712,99.2123,99.311,1835
2020-01-01 11:29:00,99.311,99.3802,99.2652,99.3551,2657
2020-01-01 11:30:00,99.3551,99.3805,99.3142,99.3193,4922
2020-01-01 11:31:00,99.3193,99.4777,99.3059,99.4344,1278
2020-01-01 11:32:00,99.4344,99.4875,99.3235,99.3269,979
2020-01-01 11:33:00,99.3269,99.3925,99.3165,99.3881,1605
2020-01-01 11:34:00,99.3881,99.4811,99.3563,99.447,5428
2020-01-01 11:35:00,99.447,99.5006,99.3557,99.4163,1106
2020-01-01 11:36:00,99.4163,99.5172,99.3143,99.4487,5397
2020-01-01 11:37:00,99.4487,99.5555,99.2613,99.3243,3757
2020-01-01 11:38:00,99.3243,99.4419,99.2996,99.416,5209
2020-01-01 11:39:00,99.416,99.5196,99.3796,99.3977,372
2020-01-01 11:40:00,99.3977,99.4254,99.2828,99.3457,2995
2020-01-01 11:41:00,99.3457,99.4804,99.2833,99.4499,3195
2020-01-01 11:42:00,99.4499,99.4709,99.2936,99.3799,1706
2020-01-01 11:43:00,99.3799,99.4431,99.2208,99.2399,2547
2020-01-01 11:44:00,99.2399,99.2691,99.0709,99.0854,6596
2020-01-01 11:45:00,99.0854,99.1805,98.9996,99.1455,1424
2020-01-01 11:46:00,99.1455,99.1471,99.0007,99.0185,4002
2020-01-01 11:47:00,99.0185,99.2366,98.9987,99.1923,7310
2020-01-01 11:48:00,99.1923,99.2013,98.9458,98.9858,3222
2020-01-01 11:49:00,98.9858,99.1812,98.9693,99.1537,4966
2020-01-01 11:50:00,99.1537,99.2329,99.0326,99.1746,1829
2020-01-01 11:51:00,99.1746,99.2795,99.1357,99.165,5454
2020-01-01 11:52:00,99.165,99.236,99.0761,99.111,4685
2020-01-01 11:53:00,99.111,99.2459,99.0834,99.1505,2822
2020-01-01 11:54:00,99.1505,99.1627,99.139,99.1468,4776
2020-01-01 11:55:00,99.1468,99.3315,99.1151,99.2562,2994
2020-01-01 11:56:00,99.2562,99.2698,99.1297,99.2675,7748
2020-01-01 11:57:00,99.2675,99.3196,99.2259,99.2824,2061
2020-01-01 11:58:00,99.2824,99.3566,99.2188,99.2463,6668
2020-01-01 11:59:00,99.2463,99.2563,99.2254,99.2407,4962
2020-01-01 12:00:00,99.2407,99.2808,99.1987,99.2712,2775
2020-01-01 12:01:00,99.2712,99.3694,99.0121,99.1015,2039
2020-01-01 12:02:00,99.1015,99.1028,98.9317,98.9679,113
2020-01-01 12:03:00,98.9679,99.045,98.9362,99.0414,845
2020-01-01 12:04:00,99.0414,99.09,99.005,99.0583,8262
2020-01-01 12:05:00,99.0583,99.0934,98.991,99.0401,4670
2020-01-01 12:06:00,99.0401,99.0635,98.9826,99.0419,7809
2020-01-01 12:07:00,99.0419,99.1496,98.9907,99.0764,3046
2020-01-01 12:08:00,99.0764,99.1899,98.922,99.0229,3282
2020-01-01 12:09:00,99.0229,99.0778,98.8832,98.9458,3586
2020-01-01 12:10:00,98.9458,99.0429,98.9065,98.9652,6664
2020-01-01 12:11:00,98.9652,98.9819,98.8614,98.8684,4606
2020-01-01 12:12:00,98.8684,98.9344,98.8506,98.9087,4178
2020-01-01 12:13:00,98.9087,98.9354,98.6402,98.7403,2007
2020-01-01 12:14:00,98.7403,98.8906,98.6858,98.842,4091
2020-01-01 12:15:00,98.842,99.0485,98.8326,98.8887,1747
2020-01-01 12:16:00,98.8887,98.9886,98.8453,98.914,4876
2020-01-01 12:17:00,98.914,99.0607,98.8531,99.0112,2763
2020-01-01 12:18:00,99.0112,99.1965,98.9988,99.1761,8227
2020-01-01 12:19:00,99.1761,99.3489,99.1296,99.2767,1982
2020-01-01 12:20:00,99.2767,99.3249,99.0103,99.0939,428
2020-01-01 12:21:00,99.0939,99.101,98.9283,98.9671,4467
2020-01-01 12:22:00,98.9671,99.008,98.8604,98.9053,4817
2020-01-01 12:23:00,98.9053,98.9273,98.8827,98.9079,9979
2020-01-01 12:24:00,98.9079,99.0421,98.8988,98.9591,5700
2020-01-01 12:25:00,98.9591,98.9627,98.8247,98.8873,2266
2020-01-01 12:26:00,98.8873,98.9147,98.8298,98.9057,481
2020-01-01 12:27:00,98.9057,98.9523,98.7831,98.831,9725
2020-01-01 12:28:00,98.831,98.9246,98.759,98.7706,4244
2020-01-01 12:29:00,98.7706,98.7785,98.5786,98.6316,3981
2020-01-01 12:30:00,98.6316,98.6477,98.4883,98.5406,8208
2020-01-01 12:31:00,98.5406,98.5948,98.3263,98.4074,6847
2020-01-01 12:32:00,98.4074,98.518,98.2773,98.3114,2299
2020-01-01 12:33:00,98.3114,98.4703,98.276,98.4149,3632
2020-01-01 12:34:00,98.4149,98.4435,98.1971,98.3215,2829
2020-01-01 12:35:00,98.3215,98.5805,98.2937,98.5803,8887
2020-01-01 12:36:00,98.5803,98.6361,98.5682,98.629,8138
2020-01-01 12:37:00,98.629,98.6532,98.6234,98.6472,4010
2020-01-01 12:38:00,98.6472,98.6673,98.4962,98.5625,3596
2020-01-01 12:39:00,98.5625,98.6761,98.5582,98.6315,7602
2020-01-01 12:40:00,98.6315,98.6776,98.5535,98.5748,3900
2020-01-01 12:41:00,98.5748,98.6082,98.5466,98.5868,8262
2020-01-01 12:42:00,98.5868,98.855,98.5346,98.8392,2736
2020-01-01 12:43:00,98.8392,98.9183,98.815,98.8297,2923
2020-01-01 12:44:00,98.8297,99.0203,98.7956,98.9433,1592
2020-01-01 12:45:00,98.9433,98.9894,98.8665,98.8737,3416
2020-01-01 12:46:00,98.8737,99.0229,98.8662,98.8702,6875
2020-01-01 12:47:00,98.8702,99.1235,98.8647,99.0453,4002
2020-01-01 12:48:00,99.0453,99.0847,98.9459,98.9832,5037
2020-01-01 12:49:00,98.9832,99.2621,98.9551,99.1626,7517
2020-01-01 12:50:00,99.1626,99.2942,99.0943,99.2328,4684
2020-01-01 12:51:00,99.2328,99.3111,99.0774,99.177,6494
2020-01-01 12:52:00,99.177,99.2833,99.098,99.2397,8272
2020-01-01 12:53:00,99.2397,99.4032,99.174,99.3362,6557
2020-01-01 12:54:00,99.3362,99.4971,99.2657,99.398,3396
2020-01-01 12:55:00,99.398,99.4088,99.1828,99.2419,5884
2020-01-01 12:56:00,99.2419,99.3199,99.1631,99.1698,7323
2020-01-01 12:57:00,99.1698,99.185,99.006,99.1452,9815
2020-01-01 12:58:00,99.1452,99.1645,99.1086,99.1378,8264
2020-01-01 12:59:00,99.1378,99.2031,99.0681,99.1994,5660
2020-01-01 13:00:00,99.1994,99.2788,99.1506,99.217,1074
2020-01-01 13:01:00,99.217,99.2979,99.0593,99.0845,6376
2020-01-01 13:02:00,99.0845,99.1589,99.063,99.1222,6324
2020-01-01 13:03:00,99.1222,99.2227,99.0941,99.1827,6593
2020-01-01 13:04:00,99.1827,99.3166,99.1363,99.2382,1770
2020-01-01 13:05:00,99.2382,99.391,99.2118,99.3455,7218
2020-01-01 13:06:00,99.3455,99.4809,99.3338,99.4283,8284
2020-01-01 13:07:00,99.4283,99.478,99.4002,99.474,5271
2020-01-01 13:08:00,99.474,99.5606,99.4008,99.467,6737
2020-01-01 13:09:00,99.467,99.4896,99.2909,99.3018,4905
2020-01-01 13:10:00,99.3018,99.3573,99.2871,99.3444,6861
2020-01-01 13:11:00,99.3444,99.3898,99.2818,99.3651,2903
2020-01-01 13:12:00,99.3651,99.3948,99.333,99.3921,9823
2020-01-01 13:13:00,99.3921,99.414,99.2412,99.2652,3916
2020-01-01 13:14:00,99.2652,99.3075,99.1234,99.1578,5233
2020-01-01 13:15:00,99.1578,99.2761,99.1198,99.2623,4179
2020-01-01 13:16:00,99.2623,99.3568,99.1599,99.2584,8175
2020-01-01 13:17:00,99.2584,99.35,99.2352,99.326,8873
2020-01-01 13:18:00,99.326,99.331,99.293,99.3288,6362
2020-01-01 13:19:00,99.3288,99.3925,99.2846,99.3318,7918
2020-01-01 13:20:00,99.3318,99.4532,99.2693,99.425,3657
2020-01-01 13:21:00,99.425,99.4504,99.36,99.3737,7450
2020-01-01 13:22:00,99.3737,99.3976,99.2953,99.3832,2482
2020-01-01 13:23:00,99.3832,99.3854,99.3122,99.3373,5781
2020-01-01 13:24:00,99.3373,99.3835,99.24,99.2941,330
2020-01-01 13:25:00,99.2941,99.3269,99.2311,99.2634,6554
2020-01-01 13:26:00,99.2634,99.314,99.2548,99.2855,1983
2020-01-01 13:27:00,99.2855,99.286,99.1328,99.2379,6131
2020-01-01 13:28:00,99.2379,99.3943,99.2051,99.3625,8976
2020-01-01 13:29:00,99.3625,99.3878,99.168,99.2737,4276
2020-01-01 13:30:00,99.2737,99.3091,99.126,99.2551,9590
2020-01-01 13:31:00,99.2551,99.2663,99.1502,99.2115,4583
2020-01-01 13:32:00,99.2115,99.36,99.0702,99.355,5022
2020-01-01 13:33:00,99.355,99.3852,99.3513,99.3745,1468
2020-01-01 13:34:00,99.3745,99.4999,99.3253,99.4771,2366
2020-01-01 13:35:00,99.4771,99.4939,99.3241,99.3293,751
2020-01-01 13:36:00,99.3293,99.3606,99.2602,99.3558,2210
2020-01-01 13:37:00,99.3558,99.4543,99.3146,99.4442,3198
2020-01-01 13:38:00,99.4442,99.4526,99.3596,99.4524,2855
2020-01-01 13:39:00,99.4524,99.6433,99.3947,99.5584,7648
2020-01-01 13:40:00,99.5584,99.6077,99.4868,99.5069,4148
2020-01-01 13:41:00,99.5069,99.6503,99.5035,99.6471,1277
2020-01-01 13:42:00,99.6471,99.9548,99.6038,99.8762,7849
2020-01-01 13:43:00,99.8762,99.8948,99.8284,99.8399,9334
2020-01-01 13:44:00,99.8399,99.8956,99.7924,99.7955,2656
2020-01-01 13:45:00,99.7955,99.9544,99.7912,99.9405,6894
2020-01-01 13:46:00,99.9405,100.117,99.8734,100.0984,9915
2020-01-01 13:47:00,100.0984,100.1124,100.0295,100.046,7696
2020-01-01 13:48:00,100.046,100.0737,99.9574,100.004,2184
2020-01-01 13:49:00,100.004,100.0338,99.9323,99.9758,2571
2020-01-01 13:50:00,99.9758,100.0476,99.8087,99.8414,4878
2020-01-01 13:51:00,99.8414,99.8556,99.6797,99.7497,2485
2020-01-01 13:52:00,99.7497,99.7777,99.6395,99.6495,8257
2020-01-01 13:53:00,99.6495,99.662,99.5069,99.573,9586
2020-01-01 13:54:00,99.573,99.6549,99.555,99.5696,1018
2020-01-01 13:55:00,99.5696,99.6046,99.5658,99.5929,4847
2020-01-01 13:56:00,99.5929,99.7817,99.5911,99.7473,9895
2020-01-01 13:57:00,99.7473,99.7815,99.5964,99.6477,5836
2020-01-01 13:58:00,99.6477,99.7732,99.605,99.7458,5681
2020-01-01 13:59:00,99.7458,99.7754,99.7147,99.7245,1181
2020-01-01 14:00:00,99.7245,99.7883,99.706,99.7195,8667
2020-01-01 14:01:00,99.7195,99.8429,99.6722,99.7868,7966
2020-01-01 14:02:00,99.7868,99.8282,99.6702,99.6748,7723
2020-01-01 14:03:00,99.6748,99.7424,99.6074,99.7129,6650
2020-01-01 14:04:00,99.7129,99.7485,99.6329,99.7295,9700
2020-01-01 14:05:00,99.7295,99.7889,99.6898,99.7786,2203
2020-01-01 14:06:00,99.7786,99.8708,99.7175,99.8075,5735
2020-01-01 14:07:00,99.8075,100.1173,99.758,100.0525,6016
2020-01-01 14:08:00,100.0525,100.0666,99.9313,99.9887,8308
2020-01-01 14:09:00,99.9887,100.0202,99.9097,99.9356,532
2020-01-01 14:10:00,99.9356,99.9788,99.8064,99.8733,4150
2020-01-01 14:11:00,99.8733,99.9079,99.8034,99.8179,336
2020-01-01 14:12:00,99.8179,99.8281,99.7158,99.7542,406
2020-01-01 14:13:00,99.7542,99.8921,99.6837,99.8728,5981
2020-01-01 14:14:00,99.8728,100.0554,99.8602,100.0147,123
2020-01-01 14:15:00,100.0147,100.0532,99.9252,99.9576,5519
2020-01-01 14:16:00,99.9576,99.9736,99.8584,99.8744,9305
2020-01-01 14:17:00,99.8744,99.9872,99.8208,99.9215,780
2020-01-01 14:18:00,99.9215,99.9712,99.8577,99.8663,1615
2020-01-01 14:19:00,99.8663,99.9562,99.8659,99.9295,1051
2020-01-01 14:20:00,99.9295,99.9573,99.9281,99.9498,5507
2020-01-01 14:21:00,99.9498,100.0166,99.7939,99.7983,514
2020-01-01 14:22:00,99.7983,99.9534,99.7567,99.9528,4948
2020-01-01 14:23:00,99.9528,100.1487,99.9164,100.1323,9715
2020-01-01 14:24:00,100.1323,100.1348,100.0335,100.0709,4611
2020-01-01 14:25:00,100.0709,100.1445,99.9511,100.0321,5071
2020-01-01 14:26:00,100.0321,100.0696,100.015,100.0607,5085
2020-01-01 14:27:00,100.0607,100.1339,100.0159,100.0942,8069
2020-01-01 14:28:00,100.0942,100.1957,100.0543,100.1601,7750
2020-01-01 14:29:00,100.1601,100.3913,100.1469,100.3614,5470
2020-01-01 14:30:00,100.3614,100.4266,100.303,100.3437,6621
2020-01-01 14:31:00,100.3437,100.3578,100.2263,100.2636,5557
2020-01-01 14:32:00,100.2636,100.2981,100.0933,100.1253,549
2020-01-01 14:33:00,100.1253,100.1558,100.0412,100.0521,7428
2020-01-01 14:34:00,100.0521,100.1231,99.9615,100.0488,8383
2020-01-01 14:35:00,100.0488,100.326,100.0475,100.2283,6728
2020-01-01 14:36:00,100.2283,100.2618,100.1636,100.1764,7686
2020-01-01 14:37:00,100.1764,100.2481,100.1564,100.1989,3051
2020-01-01 14:38:00,100.1989,100.2659,100.119,100.1972,3225
2020-01-01 14:39:00,100.1972,100.3607,100.1641,100.3163,6844
2020-01-01 14:40:00,100.3163,100.6126,100.311,100.5698,1637
2020-01-01 14:41:00,100.5698,100.6064,100.4908,100.5164,3268
2020-01-01 14:42:00,100.5164,100.5406,100.3747,100.4672,5787
2020-01-01 14:43:00,100.4672,100.5843,100.4476,100.5721,1995
2020-01-01 14:44:00,100.5721,100.6842,100.4545,100.6407,7903
2020-01-01 14:45:00,100.6407,100.881,100.6165,100.8265,8476
2020-01-01 14:46:00,100.8265,100.9277,100.8181,100.8854,1556
2020-01-01 14:47:00,100.8854,100.928,100.8122,100.8492,1594
2020-01-01 14:48:00,100.8492,100.9751,100.8291,100.9087,5160
2020-01-01 14:49:00,100.9087,101.0533,100.8691,101.0206,9440
2020-01-01 14:50:00,101.0206,101.1077,100.9728,101.1035,9579
2020-01-01 14:51:00,101.1035,101.1787,101.0883,101.1548,1850
2020-01-01 14:52:00,101.1548,101.2642,101.0801,101.2627,9536
2020-01-01 14:53:00,101.2627,101.4077,101.2261,101.3811,6587
2020-01-01 14:54:00,101.3811,101.5383,101.3777,101.5212,273
2020-01-01 14:55:00,101.5212,101.6007,101.388,101.5871,4412
2020-01-01 14:56:00,101.5871,101.6638,101.4948,101.5701,3377
2020-01-01 14:57:00,101.5701,101.6199,101.5621,101.585,2121
2020-01-01 14:58:00,101.585,101.742,101.5226,101.7075,5798
2020-01-01 14:59:00,101.7075,101.7266,101.5553,101.6245,1496
2020-01-01 15:00:00,101.6245,101.709,101.6207,101.6619,273
2020-01-01 15:01:00,101.6619,101.689,101.6028,101.6219,6321
2020-01-01 15:02:00,101.6219,101.7018,101.5735,101.6249,7651
2020-01-01 15:03:00,101.6249,101.7827,101.563,101.7548,2346
2020-01-01 15:04:00,101.7548,101.7784,101.7329,101.7742,6845
2020-01-01 15:05:00,101.7742,101.8657,101.741,101.779,3178
2020-01-01 15:06:00,101.779,101.8214,101.6292,101.6405,3151
2020-01-01 15:07:00,101.6405,101.7335,101.637,101.7164,4829
2020-01-01 15:08:00,101.7164,101.8097,101.7036,101.7821,1799
2020-01-01 15:09:00,101.7821,102.0378,101.7577,102.0022,6768
2020-01-01 15:10:00,102.0022,102.006,101.9686,101.9708,9254
2020-01-01 15:11:00,101.9708,102.0107,101.9641,101.9932,3191
2020-01-01 15:12:00,101.9932,102.0919,101.975,102.0186,3884
2020-01-01 15:13:00,102.0186,102.2077,102.0147,102.1796,1944
2020-01-01 15:14:00,102.1796,102.2204,102.1585,102.1698,6497
2020-01-01 15:15:00,102.1698,102.1992,102.1193,102.1983,3351
2020-01-01 15:16:00,102.1983,102.2623,102.1805,102.2605,7620
2020-01-01 15:17:00,102.2605,102.3065,102.2065,102.2795,992
2020-01-01 15:18:00,102.2795,102.3319,102.2318,102.2339,8506
2020-01-01 15:19:00,102.2339,102.2683,102.2036,102.2537,3529
2020-01-01 15:20:00,102.2537,102.4467,102.2143,102.3635,6845
2020-01-01 15:21:00,102.3635,102.4332,102.224,102.2584,3744
2020-01-01 15:22:00,102.2584,102.3586,102.2112,102.272,5439
2020-01-01 15:23:00,102.272,102.2853,102.2003,102.2004,705
2020-01-01 15:24:00,102.2004,102.3244,102.1678,102.3225,8843
2020-01-01 15:25:00,102.3225,102.3781,102.1577,102.1667,4514
2020-01-01 15:26:00,102.1667,102.2061,102.0724,102.1096,2613
2020-01-01 15:27:00,102.1096,102.1738,102.0538,102.1481,7143
2020-01-01 15:28:00,102.1481,102.3615,102.1045,102.308,1277
2020-01-01 15:29:00,102.308,102.3187,102.2551,102.3013,5281
2020-01-01 15:30:00,102.3013,102.3221,102.2339,102.2445,1583
2020-01-01 15:31:00,102.2445,102.5316,102.2053,102.4368,3411
2020-01-01 15:32:00,102.4368,102.4966,102.1369,102.2885,4385
2020-01-01 15:33:00,102.2885,102.2938,101.9958,102.0636,7413
2020-01-01 15:34:00,102.0636,102.1212,102.0556,102.1085,9837
2020-01-01 15:35:00,102.1085,102.1631,102.05,102.0572,9788
2020-01-01 15:36:00,102.0572,102.0923,101.9367,101.953,8364
2020-01-01 15:37:00,101.953,102.0456,101.8819,102.0252,5458
2020-01-01 15:38:00,102.0252,102.1773,101.9711,102.0501,6659
2020-01-01 15:39:00,102.0501,102.0838,101.9174,101.9925,1190
2020-01-01 15:40:00,101.9925,102.0495,101.8418,101.862,9908
2020-01-01 15:41:00,101.862,102.0042,101.8302,101.9508,4902
2020-01-01 15:42:00,101.9508,102.0522,101.934,102.0171,9279
2020-01-01 15:43:00,102.0171,102.0348,101.9403,102.007,1691
2020-01-01 15:44:00,102.007,102.2423,101.9595,102.1954,6001
2020-01-01 15:45:00,102.1954,102.2572,102.0701,102.086,8179
2020-01-01 15:46:00,102.086,102.1189,101.8609,101.9303,8879
2020-01-01 15:47:00,101.9303,101.9707,101.8499,101.8598,9134
2020-01-01 15:48:00,101.8598,101.8982,101.8338,101.8551,3749
2020-01-01 15:49:00,101.8551,101.9936,101.7844,101.8799,1665
2020-01-01 15:50:00,101.8799,101.9152,101.7579,101.8553,3709
2020-01-01 15:51:00,101.8553,101.9435,101.8548,101.8912,3029
2020-01-01 15:52:00,101.8912,101.9342,101.7254,101.7637,821
2020-01-01 15:53:00,101.7637,101.9267,101.7224,101.9106,1904
2020-01-01 15:54:00,101.9106,101.9447,101.8893,101.9022,754
2020-01-01 15:55:00,101.9022,102.0238,101.8717,102.0161,8436
2020-01-01 15:56:00,102.0161,102.1609,102.0028,102.051,7784
2020-01-01 15:57:00,102.051,102.1091,101.9712,102.0976,9988
2020-01-01 15:58:00,102.0976,102.1737,102.0619,102.1558,6553
2020-01-01 15:59:00,102.1558,102.2084,102.1313,102.2015,4339
2020-01-01 16:00:00,102.2015,102.4193,102.1766,102.2672,992
2020-01-01 16:01:00,102.2672,102.468,102.2528,102.4032,4390
2020-01-01 16:02:00,102.4032,102.4616,102.3821,102.4233,1760
2020-01-01 16:03:00,102.4233,102.5109,102.3855,102.4959,5013
2020-01-01 16:04:00,102.4959,102.5107,102.4396,102.4867,7436
2020-01-01 16:05:00,102.4867,102.643,102.4581,102.6343,7450
2020-01-01 16:06:00,102.6343,102.6669,102.5593,102.5649,4020
2020-01-01 16:07:00,102.5649,102.8023,102.5577,102.7496,9428
2020-01-01 16:08:00,102.7496,102.7809,102.6993,102.7455,1399
2020-01-01 16:09:00,102.7455,102.7699,102.5508,102.5985,2623
2020-01-01 16:10:00,102.5985,102.631,102.4605,102.6116,1760
2020-01-01 16:11:00,102.6116,102.6209,102.5278,102.5417,9606
2020-01-01 16:12:00,102.5417,102.7219,102.5302,102.6279,8725
2020-01-01 16:13:00,102.6279,102.6532,102.5266,102.5609,7730
2020-01-01 16:14:00,102.5609,102.6106,102.5118,102.5152,4612
2020-01-01 16:15:00,102.5152,102.5279,102.2847,102.3215,1958
2020-01-01 16:16:00,102.3215,102.36,102.22,102.2752,9002
2020-01-01 16:17:00,102.2752,102.3053,102.014,102.0273,8429
2020-01-01 16:18:00,102.0273,102.0829,101.8198,101.8657,1853
2020-01-01 16:19:00,101.8657,101.9626,101.7906,101.9432,7435
2020-01-01 16:20:00,101.9432,102.1428,101.815,102.0233,6377
2020-01-01 16:21:00,102.0233,102.082,101.9625,102.0667,1284
2020-01-01 16:22:00,102.0667,102.0874,101.9679,101.968,7027
2020-01-01 16:23:00,101.968,101.9954,101.9209,101.9631,833
2020-01-01 16:24:00,101.9631,102.0112,101.9538,101.9627,1951
2020-01-01 16:25:00,101.9627,101.9727,101.8404,101.8446,6620
2020-01-01 16:26:00,101.8446,102.0827,101.8222,101.9977,9645
2020-01-01 16:27:00,101.9977,102.0963,101.9212,102.0872,8686
2020-01-01 16:28:00,102.0872,102.1191,102.0404,102.0647,5391
2020-01-01 16:29:00,102.0647,102.1085,102.036,102.0674,2617
2020-01-01 16:30:00,102.0674,102.0937,102.0015,102.0887,7689
2020-01-01 16:31:00,102.0887,102.1284,101.8592,101.8802,3427
2020-01-01 16:32:00,101.8802,101.9105,101.8359,101.8551,6224
2020-01-01 16:33:00,101.8551,101.8766,101.7504,101.7856,2166
2020-01-01 16:34:00,101.7856,101.8524,101.6454,101.6836,346
2020-01-01 16:35:00,101.6836,101.6959,101.6327,101.6551,5424
2020-01-01 16:36:00,101.6551,101.8544,101.5808,101.8378,7687
2020-01-01 16:37:00,101.8378,101.9632,101.7786,101.9031,3238
2020-01-01 16:38:00,101.9031,101.9434,101.8343,101.8449,441
2020-01-01 16:39:00,101.8449,101.9177,101.731,101.9032,2534
2020-01-01 16:40:00,101.9032,102.1059,101.7752,102.0458,441
2020-01-01 16:41:00,102.0458,102.1622,102.0448,102.1401,207
2020-01-01 16:42:00,102.1401,102.203,102.1242,102.1462,6920
2020-01-01 16:43:00,102.1462,102.1848,102.0535,102.0801,4828
2020-01-01 16:44:00,102.0801,102.2068,102.0609,102.1514,5193
2020-01-01 16:45:00,102.1514,102.2024,102.1317,102.1916,5621
2020-01-01 16:46:00,102.1916,102.307,102.143,102.2831,5326
2020-01-01 16:47:00,102.2831,102.3858,102.2357,102.3481,7902
2020-01-01 16:48:00,102.3481,102.4583,102.3321,102.4555,2484
2020-01-01 16:49:00,102.4555,102.4595,102.2967,102.4006,6020
2020-01-01 16:50:00,102.4006,102.5461,102.3891,102.5355,8900
2020-01-01 16:51:00,102.5355,102.5624,102.5267,102.5558,6023
2020-01-01 16:52:00,102.5558,102.7755,102.5075,102.7686,5568
2020-01-01 16:53:00,102.7686,102.8085,102.6718,102.6978,7796
2020-01-01 16:54:00,102.6978,102.9245,102.6449,102.8761,2839
2020-01-01 16:55:00,102.8761,102.9004,102.8311,102.8964,4923
2020-01-01 16:56:00,102.8964,102.9054,102.8161,102.8294,5160
2020-01-01 16:57:00,102.8294,102.8678,102.7611,102.7797,7140
2020-01-01 16:58:00,102.7797,102.8481,102.6609,102.7467,8502
2020-01-01 16:59:00,102.7467,102.8575,102.6917,102.7903,8577
2020-01-01 17:00:00,102.7903,102.8726,102.75,102.8441,5938
2020-01-01 17:01:00,102.8441,102.9276,102.6542,102.7851,8785
2020-01-01 17:02:00,102.7851,102.8243,102.7673,102.7826,1117
2020-01-01 17:03:00,102.7826,103.0503,102.7415,103.0027,3590
2020-01-01 17:04:00,103.0027,103.1871,102.9466,103.1807,2984
2020-01-01 17:05:00,103.1807,103.3082,103.1802,103.2257,2914
2020-01-01 17:06:00,103.2257,103.2408,103.2121,103.2296,8814
2020-01-01 17:07:00,103.2296,103.3152,103.2242,103.242,5014
2020-01-01 17:08:00,103.242,103.3242,103.2139,103.3054,9948
2020-01-01 17:09:00,103.3054,103.318,103.1331,103.1997,8015
2020-01-01 17:10:00,103.1997,103.2308,103.1655,103.1731,3164
2020-01-01 17:11:00,103.1731,103.2027,102.9557,103.001,689
2020-01-01 17:12:00,103.001,103.128,102.9537,103.0421,8926
2020-01-01 17:13:00,103.0421,103.1599,102.977,103.1088,8499
2020-01-01 17:14:00,103.1088,103.1541,102.9928,103.059,2333
2020-01-01 17:15:00,103.059,103.272,103.0079,103.2212,9268
2020-01-01 17:16:00,103.2212,103.2271,103.023,103.0947,1413
2020-01-01 17:17:00,103.0947,103.117,102.9355,102.9437,8269
2020-01-01 17:18:00,102.9437,102.9752,102.9182,102.9668,1070
2020-01-01 17:19:00,102.9668,103.1129,102.9625,103.0746,4806
2020-01-01 17:20:00,103.0746,103.2743,103.0703,103.2482,6689
2020-01-01 17:21:00,103.2482,103.3067,103.1671,103.2008,9771
2020-01-01 17:22:00,103.2008,103.3237,103.1722,103.3121,9462
2020-01-01 17:23:00,103.3121,103.3677,103.2892,103.3082,3285
2020-01-01 17:24:00,103.3082,103.3084,103.2299,103.2903,7364
2020-01-01 17:25:00,103.2903,103.426,103.2553,103.3816,9691
2020-01-01 17:26:00,103.3816,103.5243,103.3789,103.449,7226
2020-01-01 17:27:00,103.449,103.4794,103.27,103.286,2475
2020-01-01 17:28:00,103.286,103.4481,103.2286,103.4385,4544
2020-01-01 17:29:00,103.4385,103.6937,103.3784,103.5812,6550
2020-01-01 17:30:00,103.5812,103.656,103.4162,103.5164,298
2020-01-01 17:31:00,103.5164,103.644,103.484,103.5574,3348
2020-01-01 17:32:00,103.5574,103.6286,103.5258,103.6085,1247
2020-01-01 17:33:00,103.6085,103.6356,103.6001,103.6356,5376
2020-01-01 17:34:00,103.6356,103.6784,103.4348,103.5785,6850
2020-01-01 17:35:00,103.5785,103.6171,103.4162,103.509,4806
2020-01-01 17:36:00,103.509,103.5524,103.4709,103.5063,4135
2020-01-01 17:37:00,103.5063,103.6627,103.4666,103.6277,9609
2020-01-01 17:38:00,103.6277,103.7137,103.6262,103.684,4068
2020-01-01 17:39:00,103.684,103.7263,103.5861,103.6456,5154
2020-01-01 17:40:00,103.6456,103.7868,103.551,103.7256,1526
2020-01-01 17:41:00,103.7256,103.7579,103.3832,103.4301,1941
2020-01-01 17:42:00,103.4301,103.6416,103.4031,103.5489,7387
2020-01-01 17:43:00,103.5489,103.6011,103.3311,103.3688,4963
2020-01-01 17:44:00,103.3688,103.4345,103.3272,103.3313,6274
2020-01-01 17:45:00,103.3313,103.3482,103.1449,103.2156,2244
2020-01-01 17:46:00,103.2156,103.231,102.9898,103.082,9785
2020-01-01 17:47:00,103.082,103.225,103.0614,103.2017,804
2020-01-01 17:48:00,103.2017,103.2777,103.1339,103.1534,1169
2020-01-01 17:49:00,103.1534,103.2102,103.1492,103.1891,7828
2020-01-01 17:50:00,103.1891,103.2251,103.1337,103.1843,6580
2020-01-01 17:51:00,103.1843,103.3171,103.0593,103.2335,6917
2020-01-01 17:52:00,103.2335,103.299,103.1632,103.2414,6528
2020-01-01 17:53:00,103.2414,103.2452,103.0992,103.109,6377
2020-01-01 17:54:00,103.109,103.2455,103.0274,103.2117,9060
2020-01-01 17:55:00,103.2117,103.2218,103.0982,103.1608,8551
2020-01-01 17:56:00,103.1608,103.1893,102.996,103.0002,6746
2020-01-01 17:57:00,103.0002,103.0547,102.9393,102.9561,6835
2020-01-01 17:58:00,102.9561,103.1713,102.8782,103.1106,3043
2020-01-01 17:59:00,103.1106,103.2789,103.0618,103.1983,9879
2020-01-01 18:00:00,103.1983,103.2441,103.0759,103.1623,8375
2020-01-01 18:01:00,103.1623,103.2515,103.1146,103.1262,4605
2020-01-01 18:02:00,103.1262,103.1541,103.0145,103.0931,5375
2020-01-01 18:03:00,103.0931,103.3294,103.0928,103.3072,3661
2020-01-01 18:04:00,103.3072,103.415,103.2897,103.3466,6571
2020-01-01 18:05:00,103.3466,103.3928,103.3449,103.3911,9931
2020-01-01 18:06:00,103.3911,103.509,103.3636,103.4976,2493
2020-01-01 18:07:00,103.4976,103.5245,103.4836,103.5223,6340
2020-01-01 18:08:00,103.5223,103.6748,103.4241,103.4955,2784
2020-01-01 18:09:00,103.4955,103.5785,103.3554,103.4752,2330
2020-01-01 18:10:00,103.4752,103.5006,103.4037,103.4678,9105
2020-01-01 18:11:00,103.4678,103.4848,103.4264,103.4639,3847
2020-01-01 18:12:00,103.4639,103.5424,103.4081,103.5392,995
2020-01-01 18:13:00,103.5392,103.553,103.461,103.5446,8952
2020-01-01 18:14:00,103.5446,103.6514,103.4795,103.6204,5140
2020-01-01 18:15:00,103.6204,103.6524,103.5814,103.6121,1210
2020-01-01 18:16:00,103.6121,103.6879,103.579,103.6202,3845
2020-01-01 18:17:00,103.6202,103.6299,103.3441,103.4132,6923
2020-01-01 18:18:00,103.4132,103.537,103.331,103.5079,9450
2020-01-01 18:19:00,103.5079,103.5541,103.3971,103.5438,2237
2020-01-01 18:20:00,103.5438,103.6663,103.5083,103.6471,1940
2020-01-01 18:21:00,103.6471,103.6985,103.3334,103.3469,2010
2020-01-01 18:22:00,103.3469,103.6128,103.3248,103.5628,842
2020-01-01 18:23:00,103.5628,103.575,103.4928,103.5483,3260
2020-01-01 18:24:00,103.5483,103.6982,103.4486,103.6631,1416
2020-01-01 18:25:00,103.6631,103.7602,103.5144,103.5553,4641
2020-01-01 18:26:00,103.5553,103.6458,103.4923,103.6187,7666
2020-01-01 18:27:00,103.6187,103.6469,103.4462,103.5096,7781
2020-01-01 18:28:00,103.5096,103.5195,103.4356,103.445,7107
2020-01-01 18:29:00,103.445,103.7124,103.418,103.643,3905
2020-01-01 18:30:00,103.643,103.6871,103.6092,103.6232,9332
2020-01-01 18:31:00,103.6232,103.6958,103.5631,103.6458,8208
2020-01-01 18:32:00,103.6458,103.7376,103.59,103.7359,1831
2020-01-01 18:33:00,103.7359,103.8072,103.7296,103.7874,9947
2020-01-01 18:34:00,103.7874,103.809,103.7378,103.803,7509
2020-01-01 18:35:00,103.803,103.8663,103.7067,103.8409,1667
2020-01-01 18:36:00,103.8409,104.1134,103.8094,104.0904,1910
2020-01-01 18:37:00,104.0904,104.0943,103.9569,104.0844,7974
2020-01-01 18:38:00,104.0844,104.1623,104.0316,104.1054,5223
2020-01-01 18:39:00,104.1054,104.2653,104.0965,104.2147,9786
2020-01-01 18:40:00,104.2147,104.3515,104.1569,104.33,8896
2020-01-01 18:41:00,104.33,104.4566,104.2637,104.4538,8769
2020-01-01 18:42:00,104.4538,104.5549,104.4287,104.5205,7380
2020-01-01 18:43:00,104.5205,104.5369,104.3561,104.401,5952
2020-01-01 18:44:00,104.401,104.627,104.3496,104.5716,4805
2020-01-01 18:45:00,104.5716,104.6186,104.3825,104.4517,241
2020-01-01 18:46:00,104.4517,104.5365,104.4434,104.4833,4755
2020-01-01 18:47:00,104.4833,104.54,104.3606,104.4045,2198
2020-01-01 18:48:00,104.4045,104.4411,104.3747,104.3978,5489
2020-01-01 18:49:00,104.3978,104.4831,104.3649,104.4321,1386
2020-01-01 18:50:00,104.4321,104.548,104.3811,104.4657,9501
2020-01-01 18:51:00,104.4657,104.5304,104.4604,104.5098,907
2020-01-01 18:52:00,104.5098,104.6974,104.4797,104.6784,7488
2020-01-01 18:53:00,104.6784,104.7868,104.6528,104.7259,3905
2020-01-01 18:54:00,104.7259,104.7353,104.6999,104.7003,4604
2020-01-01 18:55:00,104.7003,104.8716,104.6973,104.8013,1073
2020-01-01 18:56:00,104.8013,104.9763,104.797,104.9259,3038
2020-01-01 18:57:00,104.9259,104.9879,104.7291,104.7971,185
2020-01-01 18:58:00,104.7971,104.8879,104.7887,104.8597,7823
2020-01-01 18:59:00,104.8597,104.9428,104.8291,104.9332,9599
2020-01-01 19:00:00,104.9332,104.9944,104.8313,104.902,8751
2020-01-01 19:01:00,104.902,105.1236,104.8826,105.0463,2608
2020-01-01 19:02:00,105.0463,105.1159,104.9984,105.0306,1244
2020-01-01 19:03:00,105.0306,105.1145,105.0186,105.0438,7928
2020-01-01 19:04:00,105.0438,105.106,104.9811,105.0256,4764
2020-01-01 19:05:00,105.0256,105.0744,104.9757,105.0272,4745
2020-01-01 19:06:00,105.0272,105.0636,104.9072,104.9121,5932
2020-01-01 19:07:00,104.9121,104.93,104.6662,104.761,9701
2020-01-01 19:08:00,104.761,104.9951,104.6807,104.928,4366
2020-01-01 19:09:00,104.928,104.9758,104.7679,104.8392,9645
2020-01-01 19:10:00,104.8392,104.843,104.7083,104.7352,4230
2020-01-01 19:11:00,104.7352,104.7567,104.4398,104.5097,9516
2020-01-01 19:12:00,104.5097,104.5736,104.4307,104.4429,1291
2020-01-01 19:13:00,104.4429,104.5723,104.2423,104.3047,9824
2020-01-01 19:14:00,104.3047,104.5303,104.2675,104.476,9539
2020-01-01 19:15:00,104.476,104.6397,104.4399,104.5815,6021
2020-01-01 19:16:00,104.5815,104.6026,104.4765,104.5095,2125
2020-01-01 19:17:00,104.5095,104.7538,104.4821,104.7449,3611
2020-01-01 19:18:00,104.7449,104.8821,104.7221,104.8478,5841
2020-01-01 19:19:00,104.8478,104.9424,104.8029,104.8137,8124
2020-01-01 19:20:00,104.8137,104.8832,104.4528,104.5517,7972
2020-01-01 19:21:00,104.5517,104.8422,104.5423,104.7913,3792
2020-01-01 19:22:00,104.7913,104.893,104.5523,104.6457,6599
2020-01-01 19:23:00,104.6457,104.7691,104.4267,104.4735,8259
2020-01-01 19:24:00,104.4735,104.6989,104.443,104.5803,4728
2020-01-01 19:25:00,104.5803,104.8453,104.5184,104.8354,6616
2020-01-01 19:26:00,104.8354,105.0473,104.8034,104.9806,3583
2020-01-01 19:27:00,104.9806,105.0904,104.9174,105.0398,1115
2020-01-01 19:28:00,105.0398,105.1079,104.9778,105.1022,6257
2020-01-01 19:29:00,105.1022,105.1979,105.0367,105.1919,6458
2020-01-01 19:30:00,105.1919,105.3189,105.1657,105.2718,2683
2020-01-01 19:31:00,105.2718,105.319,105.1963,105.3014,5239
2020-01-01 19:32:00,105.3014,105.3748,105.2745,105.3123,1027
2020-01-01 19:33:00,105.3123,105.3294,105.2806,105.3058,9803
2020-01-01 19:34:00,105.3058,105.3406,105.2015,105.2264,1837
2020-01-01 19:35:00,105.2264,105.2532,105.1852,105.1968,6679
2020-01-01 19:36:00,105.1968,105.2106,104.9538,105.0187,3138
2020-01-01 19:37:00,105.0187,105.0677,104.9912,105.0084,7319
2020-01-01 19:38:00,105.0084,105.0274,104.8391,104.9046,6600
2020-01-01 19:39:00,104.9046,104.914,104.7649,104.7888,1821
2020-01-01 19:40:00,104.7888,104.9846,104.7255,104.8077,2866
2020-01-01 19:41:00,104.8077,104.9772,104.7907,104.9536,2925
2020-01-01 19:42:00,104.9536,105.0901,104.9473,105.0499,6770
2020-01-01 19:43:00,105.0499,105.0704,104.8559,104.885,8510
2020-01-01 19:44:00,104.885,104.9094,104.7189,104.7812,8813
2020-01-01 19:45:00,104.7812,104.9344,104.6941,104.8797,504
2020-01-01 19:46:00,104.8797,104.9324,104.7105,104.7767,5238
2020-01-01 19:47:00,104.7767,104.8054,104.6776,104.7532,8871
2020-01-01 19:48:00,104.7532,104.854,104.7344,104.8108,6258
2020-01-01 19:49:00,104.8108,104.9012,104.6831,104.7093,4521
2020-01-01 19:50:00,104.7093,104.7287,104.7011,104.7203,3797
2020-01-01 19:51:00,104.7203,104.735,104.5786,104.5806,5166
2020-01-01 19:52:00,104.5806,104.5953,104.4429,104.5177,257
2020-01-01 19:53:00,104.5177,104.5834,104.4568,104.5512,3275
2020-01-01 19:54:00,104.5512,104.5692,104.3565,104.3846,6011
2020-01-01 19:55:00,104.3846,104.4749,104.3099,104.4306,9913
2020-01-01 19:56:00,104.4306,104.5305,104.3404,104.4285,7143
2020-01-01 19:57:00,104.4285,104.5791,104.416,104.4862,8021
2020-01-01 19:58:00,104.4862,104.5349,104.4402,104.5096,905
2020-01-01 19:59:00,104.5096,104.6544,104.5055,104.6522,9597
2020-01-01 20:00:00,104.6522,104.7128,104.552,104.6653,8805
2020-01-01 20:01:00,104.6653,104.7413,104.5637,104.6203,7335
2020-01-01 20:02:00,104.6203,104.6679,104.5571,104.6331,603
2020-01-01 20:03:00,104.6331,104.6963,104.5984,104.69,7336
2020-01-01 20:04:00,104.69,104.7666,104.6532,104.6951,7826
2020-01-01 20:05:00,104.6951,104.7018,104.6676,104.6994,6086
2020-01-01 20:06:00,104.6994,104.7229,104.6038,104.6259,5283
2020-01-01 20:07:00,104.6259,104.6567,104.4756,104.5565,2739
2020-01-01 20:08:00,104.5565,104.582,104.3633,104.4099,9057
2020-01-01 20:09:00,104.4099,104.6802,104.318,104.5925,336
2020-01-01 20:10:00,104.5925,104.6446,104.4065,104.4624,4591
2020-01-01 20:11:00,104.4624,104.4667,104.3053,104.39,6060
2020-01-01 20:12:00,104.39,104.4253,104.3042,104.315,1899
2020-01-01 20:13:00,104.315,104.4386,104.3053,104.4084,3487
2020-01-01 20:14:00,104.4084,104.4348,104.2776,104.3776,4099
2020-01-01 20:15:00,104.3776,104.5659,104.3299,104.5078,1546
2020-01-01 20:16:00,104.5078,104.5656,104.3622,104.4375,231
2020-01-01 20:17:00,104.4375,104.4732,104.4224,104.4666,6469
2020-01-01 20:18:00,104.4666,104.5001,104.3283,104.3793,5692
2020-01-01 20:19:00,104.3793,104.6233,104.3726,104.6032,4313
2020-01-01 20:20:00,104.6032,104.6515,104.4481,104.479,6159
2020-01-01 20:21:00,104.479,104.5255,104.4422,104.5114,1558
2020-01-01 20:22:00,104.5114,104.5816,104.4867,104.5776,5398
2020-01-01 20:23:00,104.5776,104.7078,104.5521,104.6209,2122
2020-01-01 20:24:00,104.6209,104.6659,104.5527,104.6015,2048
2020-01-01 20:25:00,104.6015,104.7462,104.5334,104.5879,6705
2020-01-01 20:26:00,104.5879,104.7345,104.5296,104.5925,9912
2020-01-01 20:27:00,104.5925,104.6711,104.5758,104.5771,6961
2020-01-01 20:28:00,104.5771,104.6916,104.5155,104.6779,7371
2020-01-01 20:29:00,104.6779,104.9098,104.6557,104.9093,7967
2020-01-01 20:30:00,104.9093,104.9252,104.8035,104.8508,4818
2020-01-01 20:31:00,104.8508,104.8817,104.6533,104.7072,4250
2020-01-01 20:32:00,104.7072,104.7173,104.6716,104.698,623
2020-01-01 20:33:00,104.698,104.9756,104.6942,104.9681,2581
2020-01-01 20:34:00,104.9681,104.973,104.8708,104.8837,4584
2020-01-01 20:35:00,104.8837,105.0652,104.8575,105.0556,6910
2020-01-01 20:36:00,105.0556,105.301,105.0143,105.2319,7602
2020-01-01 20:37:00,105.2319,105.234,105.1426,105.1736,8637
2020-01-01 20:38:00,105.1736,105.2421,105.1137,105.2335,2412
2020-01-01 20:39:00,105.2335,105.4116,105.2292,105.4048,7115
2020-01-01 20:40:00,105.4048,105.4162,105.3378,105.3649,7371
2020-01-01 20:41:00,105.3649,105.4248,105.3075,105.3434,9990
2020-01-01 20:42:00,105.3434,105.362,105.266,105.2821,240
2020-01-01 20:43:00,105.2821,105.2941,105.1555,105.1753,6992
2020-01-01 20:44:00,105.1753,105.2435,105.0771,105.107,7876
2020-01-01 20:45:00,105.107,105.1112,104.9548,104.9784,9413
2020-01-01 20:46:00,104.9784,104.9932,104.9425,104.9819,2983
2020-01-01 20:47:00,104.9819,104.987,104.8907,104.9011,7728
2020-01-01 20:48:00,104.9011,104.9905,104.827,104.9256,9326
2020-01-01 20:49:00,104.9256,104.9392,104.7465,104.7624,7561
2020-01-01 20:50:00,104.7624,104.8643,104.7269,104.797,9274
2020-01-01 20:51:00,104.797,104.8898,104.7666,104.8844,3560
2020-01-01 20:52:00,104.8844,104.9295,104.5747,104.6753,2684
2020-01-01 20:53:00,104.6753,104.75,104.6744,104.7144,4833
2020-01-01 20:54:00,104.7144,104.859,104.6327,104.843,9448
2020-01-01 20:55:00,104.843,104.8755,104.7014,104.7162,9869
2020-01-01 20:56:00,104.7162,105.0345,104.7129,104.8913,6647
2020-01-01 20:57:00,104.8913,104.9355,104.8678,104.9353,1407
2020-01-01 20:58:00,104.9353,104.9594,104.8478,104.8613,2952
2020-01-01 20:59:00,104.8613,104.917,104.8024,104.8554,2324
2020-01-01 21:00:00,104.8554,104.943,104.798,104.914,3544
2020-01-01 21:01:00,104.914,104.9521,104.8797,104.922,1351
2020-01-01 21:02:00,104.922,104.981,104.8927,104.9785,9963
2020-01-01 21:03:00,104.9785,105.0503,104.8223,104.8818,1495
2020-01-01 21:04:00,104.8818,104.9162,104.8434,104.8996,9306
2020-01-01 21:05:00,104.8996,104.9713,104.7168,104.7513,4841
2020-01-01 21:06:00,104.7513,104.766,104.6533,104.7396,856
2020-01-01 21:07:00,104.7396,104.782,104.6054,104.645,7404
2020-01-01 21:08:00,104.645,104.7022,104.4997,104.568,2720
2020-01-01 21:09:00,104.568,104.762,104.5171,104.6973,2529
2020-01-01 21:10:00,104.6973,104.9095,104.6536,104.8115,9523
2020-01-01 21:11:00,104.8115,104.9015,104.7938,104.8754,7905
2020-01-01 21:12:00,104.8754,104.913,104.7534,104.7608,4124
2020-01-01 21:13:00,104.7608,104.8018,104.7056,104.7277,134
2020-01-01 21:14:00,104.7277,104.8918,104.7162,104.8547,7533
2020-01-01 21:15:00,104.8547,104.9102,104.8511,104.8696,120
2020-01-01 21:16:00,104.8696,105.2121,104.8321,105.1128,2412
2020-01-01 21:17:00,105.1128,105.1547,105.0905,105.1541,556
2020-01-01 21:18:00,105.1541,105.1967,105.1456,105.1743,7387
2020-01-01 21:19:00,105.1743,105.2259,105.1389,105.1418,8000
2020-01-01 21:20:00,105.1418,105.2681,105.119,105.1559,4578
2020-01-01 21:21:00,105.1559,105.1735,105.1047,105.1398,1162
2020-01-01 21:22:00,105.1398,105.2305,105.06,105.2143,8020
2020-01-01 21:23:00,105.2143,105.3332,105.1576,105.3149,7227
2020-01-01 21:24:00,105.3149,105.3489,105.1739,105.2322,7289
2020-01-01 21:25:00,105.2322,105.2705,105.0889,105.0921,9882
2020-01-01 21:26:00,105.0921,105.1196,104.8769,104.8991,8194
2020-01-01 21:27:00,104.8991,105.0241,104.8853,104.9524,8338
2020-01-01 21:28:00,104.9524,104.9936,104.8228,104.8366,4941
2020-01-01 21:29:00,104.8366,104.9387,104.5817,104.6109,4734
2020-01-01 21:30:00,104.6109,104.69,104.5529,104.6515,7749
2020-01-01 21:31:00,104.6515,104.961,104.6502,104.9124,5267
2020-01-01 21:32:00,104.9124,104.9742,104.8989,104.9118,4874
2020-01-01 21:33:00,104.9118,105.096,104.891,104.9998,5179
2020-01-01 21:34:00,104.9998,105.1014,104.9881,105.0083,7348
2020-01-01 21:35:00,105.0083,105.0729,104.9709,104.998,1753
2020-01-01 21:36:00,104.998,105.1367,104.9679,105.0945,144
2020-01-01 21:37:00,105.0945,105.1191,105.0145,105.064,4470
2020-01-01 21:38:00,105.064,105.1078,104.9349,105.0921,3864
2020-01-01 21:39:00,105.0921,105.1494,105.0762,105.1259,3132
2020-01-01 21:40:00,105.1259,105.1374,105.0459,105.0556,4427
2020-01-01 21:41:00,105.0556,105.1617,105.02,105.1598,185
2020-01-01 21:42:00,105.1598,105.1979,105.0575,105.1414,1713
2020-01-01 21:43:00,105.1414,105.2558,105.0334,105.062,6881
2020-01-01 21:44:00,105.062,105.1705,105.0095,105.1184,7327
2020-01-01 21:45:00,105.1184,105.1472,104.9587,105.0239,3391
2020-01-01 21:46:00,105.0239,105.0398,104.9403,105.0269,8879
2020-01-01 21:47:00,105.0269,105.0862,104.9714,105.0259,8894
2020-01-01 21:48:00,105.0259,105.1658,105.0245,105.14,6881
2020-01-01 21:49:00,105.14,105.2494,105.0886,105.1899,3616
2020-01-01 21:50:00,105.1899,105.1965,105.1111,105.1872,1356
2020-01-01 21:51:00,105.1872,105.3297,105.1719,105.2733,3135
2020-01-01 21:52:00,105.2733,105.4643,105.2239,105.4196,7616
2020-01-01 21:53:00,105.4196,105.5474,105.3831,105.4784,5386
2020-01-01 21:54:00,105.4784,105.4876,105.3726,105.4795,5055
2020-01-01 21:55:00,105.4795,105.5252,105.3187,105.3411,9101
2020-01-01 21:56:00,105.3411,105.3889,105.1799,105.2289,737
2020-01-01 21:57:00,105.2289,105.2503,105.1534,105.1968,252
2020-01-01 21:58:00,105.1968,105.2005,105.1274,105.1327,6009
2020-01-01 21:59:00,105.1327,105.1746,105.0899,105.113,2838
2020-01-01 22:00:00,105.113,105.139,105.1,105.119,238
2020-01-01 22:01:00,105.119,105.211,105.1101,105.1747,6339
2020-01-01 22:02:00,105.1747,105.1822,105.1373,105.1673,825
2020-01-01 22:03:00,105.1673,105.3028,105.1604,105.2184,5800
2020-01-01 22:04:00,105.2184,105.2494,105.1813,105.2252,2465
2020-01-01 22:05:00,105.2252,105.2733,105.0083,105.0173,118
2020-01-01 22:06:00,105.0173,105.0243,104.9011,104.9187,9728
2020-01-01 22:07:00,104.9187,104.9541,104.837,104.9036,2061
2020-01-01 22:08:00,104.9036,104.9454,104.6535,104.7767,1951
2020-01-01 22:09:00,104.7767,104.8636,104.7275,104.8395,7212
2020-01-01 22:10:00,104.8395,105.0184,104.745,105.0,5621
2020-01-01 22:11:00,105.0,105.146,104.9838,105.128,9154
2020-01-01 22:12:00,105.128,105.1547,105.0648,105.1055,200
2020-01-01 22:13:00,105.1055,105.3201,104.9939,105.2622,8884
2020-01-01 22:14:00,105.2622,105.3529,105.2092,105.2779,6938
2020-01-01 22:15:00,105.2779,105.3292,105.1711,105.2424,7235
2020-01-01 22:16:00,105.2424,105.2545,105.1672,105.1778,6129
2020-01-01 22:17:00,105.1778,105.2159,105.0187,105.146,2609
2020-01-01 22:18:00,105.146,105.3236,105.081,105.1052,2055
2020-01-01 22:19:00,105.1052,105.1502,105.0161,105.1231,9946
2020-01-01 22:20:00,105.1231,105.1441,105.1097,105.14,7178
2020-01-01 22:21:00,105.14,105.1674,105.0682,105.1403,7643
2020-01-01 22:22:00,105.1403,105.2115,105.0313,105.1863,4880
2020-01-01 22:23:00,105.1863,105.3131,105.1805,105.3115,9980
2020-01-01 22:24:00,105.3115,105.4174,105.2831,105.4115,1010
2020-01-01 22:25:00,105.4115,105.4356,105.1856,105.255,6263
2020-01-01 22:26:00,105.255,105.2693,104.9699,104.9862,8093
2020-01-01 22:27:00,104.9862,105.1549,104.9819,105.0842,6815
2020-01-01 22:28:00,105.0842,105.157,104.834,104.9406,6242
2020-01-01 22:29:00,104.9406,104.9538,104.8491,104.917,6705
2020-01-01 22:30:00,104.917,104.9874,104.7911,104.7943,1281
2020-01-01 22:31:00,104.7943,104.8225,104.5105,104.6054,7631
2020-01-01 22:32:00,104.6054,104.7434,104.5831,104.6621,704
2020-01-01 22:33:00,104.6621,104.8132,104.6458,104.7415,5949
2020-01-01 22:34:00,104.7415,104.78,104.6543,104.6811,2470
2020-01-01 22:35:00,104.6811,104.7556,104.3791,104.4099,302
2020-01-01 22:36:00,104.4099,104.4127,104.3321,104.3529,342
2020-01-01 22:37:00,104.3529,104.4265,104.3226,104.3937,9821
2020-01-01 22:38:00,104.3937,104.4293,104.237,104.2394,6331
2020-01-01 22:39:00,104.2394,104.2737,104.1847,104.2585,3840
2020-01-01 22:40:00,104.2585,104.3278,104.1604,104.2569,2821
2020-01-01 22:41:00,104.2569,104.348,104.2284,104.3173,6126
2020-01-01 22:42:00,104.3173,104.3747,104.3102,104.3297,8951
2020-01-01 22:43:00,104.3297,104.3348,104.1629,104.2282,9004
2020-01-01 22:44:00,104.2282,104.3648,104.223,104.3529,9466
2020-01-01 22:45:00,104.3529,104.3868,104.3261,104.3364,5319
2020-01-01 22:46:00,104.3364,104.36,104.3134,104.3336,8538
2020-01-01 22:47:00,104.3336,104.4232,104.2221,104.2362,830
2020-01-01 22:48:00,104.2362,104.3034,104.1477,104.19,1660
2020-01-01 22:49:00,104.19,104.2553,103.9948,104.0978,9276
2020-01-01 22:50:00,104.0978,104.1376,103.9658,104.0798,8787
2020-01-01 22:51:00,104.0798,104.3516,104.0747,104.2579,5508
2020-01-01 22:52:00,104.2579,104.2703,104.0974,104.1149,6658
2020-01-01 22:53:00,104.1149,104.1282,103.8649,103.9469,2675
2020-01-01 22:54:00,103.9469,104.1576,103.9391,104.0998,7608
2020-01-01 22:55:00,104.0998,104.1873,104.0427,104.078,1182
2020-01-01 22:56:00,104.078,104.0785,103.9494,104.0084,2853
2020-01-01 22:57:00,104.0084,104.1674,103.9922,104.1166,3058
2020-01-01 22:58:00,104.1166,104.147,103.9934,104.0535,8835
2020-01-01 22:59:00,104.0535,104.2465,104.0161,104.2435,6933
2020-01-01 23:00:00,104.2435,104.3392,104.2368,104.3142,4414
2020-01-01 23:01:00,104.3142,104.3156,104.1812,104.2633,5190
2020-01-01 23:02:00,104.2633,104.5629,104.1587,104.4882,2250
2020-01-01 23:03:00,104.4882,104.5624,104.359,104.4249,6203
2020-01-01 23:04:00,104.4249,104.513,104.4151,104.5024,983
2020-01-01 23:05:00,104.5024,104.5421,104.4759,104.5337,2777
2020-01-01 23:06:00,104.5337,104.7143,104.513,104.6698,5338
2020-01-01 23:07:00,104.6698,104.8729,104.5973,104.8332,4075
2020-01-01 23:08:00,104.8332,104.8683,104.806,104.8366,106
2020-01-01 23:09:00,104.8366,104.8513,104.7192,104.7576,7745
2020-01-01 23:10:00,104.7576,104.8781,104.7011,104.8058,9837
2020-01-01 23:11:00,104.8058,104.8274,104.6711,104.7347,5500
2020-01-01 23:12:00,104.7347,104.9732,104.6164,104.9456,2189
2020-01-01 23:13:00,104.9456,105.0853,104.9142,104.9599,4291
2020-01-01 23:14:00,104.9599,105.0037,104.8681,104.9216,5723
2020-01-01 23:15:00,104.9216,104.9772,104.9137,104.941,2393
2020-01-01 23:16:00,104.941,104.9472,104.694,104.7996,7491
2020-01-01 23:17:00,104.7996,104.8417,104.5907,104.6978,4309
2020-01-01 23:18:00,104.6978,104.8255,104.5842,104.8235,4525
2020-01-01 23:19:00,104.8235,104.8345,104.7222,104.7546,3324
2020-01-01 23:20:00,104.7546,104.7629,104.6386,104.6449,1340
2020-01-01 23:21:00,104.6449,104.7386,104.6259,104.7011,7617
2020-01-01 23:22:00,104.7011,104.8587,104.6934,104.8252,3593
2020-01-01 23:23:00,104.8252,104.9573,104.773,104.9006,3690
2020-01-01 23:24:00,104.9006,105.025,104.8674,105.0051,9008
2020-01-01 23:25:00,105.0051,105.0351,104.9158,104.9256,8555
2020-01-01 23:26:00,104.9256,104.966,104.7645,104.7764,7044
2020-01-01 23:27:00,104.7764,105.0135,104.7216,104.9337,417
2020-01-01 23:28:00,104.9337,104.9502,104.8329,104.8999,2307
2020-01-01 23:29:00,104.8999,104.9801,104.8502,104.8736,740
2020-01-01 23:30:00,104.8736,105.0466,104.8202,105.0129,958
2020-01-01 23:31:00,105.0129,105.1777,105.0068,105.0713,4343
2020-01-01 23:32:00,105.0713,105.1403,104.9854,105.1192,9762
2020-01-01 23:33:00,105.1192,105.3598,105.0644,105.3468,9266
2020-01-01 23:34:00,105.3468,105.3486,105.2219,105.279,9577
2020-01-01 23:35:00,105.279,105.4105,105.2313,105.3766,8343
2020-01-01 23:36:00,105.3766,105.3845,105.3696,105.3827,1119
2020-01-01 23:37:00,105.3827,105.4379,105.3014,105.411,8000
2020-01-01 23:38:00,105.411,105.588,105.327,105.5721,8579
2020-01-01 23:39:00,105.5721,105.6701,105.4501,105.6257,5473
2020-01-01 23:40:00,105.6257,105.6923,105.6125,105.6825,6457
2020-01-01 23:41:00,105.6825,105.8282,105.5128,105.7959,5311
2020-01-01 23:42:00,105.7959,105.8082,105.7152,105.7573,7872
2020-01-01 23:43:00,105.7573,105.7754,105.6094,105.6685,4838
2020-01-01 23:44:00,105.6685,105.7295,105.556,105.5581,4001
2020-01-01 23:45:00,105.5581,105.5777,105.3461,105.3506,8002
2020-01-01 23:46:00,105.3506,105.7425,105.3467,105.5672,5033
2020-01-01 23:47:00,105.5672,105.5983,105.4094,105.4507,7770
2020-01-01 23:48:00,105.4507,105.455,105.4046,105.4274,1649
2020-01-01 23:49:00,105.4274,105.4571,105.386,105.3982,5034
2020-01-01 23:50:00,105.3982,105.4448,105.3492,105.4306,2766
2020-01-01 23:51:00,105.4306,105.535,105.4246,105.5166,2553
2020-01-01 23:52:00,105.5166,105.7225,105.4712,105.6074,1667
2020-01-01 23:53:00,105.6074,105.6104,105.4648,105.5458,3852
2020-01-01 23:54:00,105.5458,105.6345,105.4298,105.5282,8579
2020-01-01 23:55:00,105.5282,105.6218,105.4589,105.558,2573
2020-01-01 23:56:00,105.558,105.5679,105.5076,105.5318,535
2020-01-01 23:57:00,105.5318,105.7688,105.5139,105.7014,9281
2020-01-01 23:58:00,105.7014,105.7729,105.6071,105.7533,6324
2020-01-01 23:59:00,105.7533,105.832,105.7235,105.831,2505
2020-01-02 00:00:00,105.831,105.9022,105.7978,105.9011,8546
2020-01-02 00:01:00,105.9011,106.0633,105.8941,106.0254,1934
2020-01-02 00:02:00,106.0254,106.0735,106.0239,106.0446,7142
2020-01-02 00:03:00,106.0446,106.0673,105.8071,105.9071,8756
2020-01-02 00:04:00,105.9071,106.0228,105.8242,105.9494,4451
2020-01-02 00:05:00,105.9494,105.9808,105.8475,105.8804,522
2020-01-02 00:06:00,105.8804,105.901,105.7477,105.8244,6033
2020-01-02 00:07:00,105.8244,105.9302,105.815,105.8865,9580
2020-01-02 00:08:00,105.8865,106.0686,105.8707,106.0176,6172
2020-01-02 00:09:00,106.0176,106.1086,106.0016,106.0199,9640
2020-01-02 00:10:00,106.0199,106.0834,105.9515,106.0526,654
2020-01-02 00:11:00,106.0526,106.2786,105.9888,106.2331,106
2020-01-02 00:12:00,106.2331,106.355,106.2049,106.2587,1865
2020-01-02 00:13:00,106.2587,106.5902,106.2577,106.5352,2191
2020-01-02 00:14:00,106.5352,106.7255,106.535,106.5954,4930
2020-01-02 00:15:00,106.5954,106.6279,106.3276,106.4077,1757
2020-01-02 00:16:00,106.4077,106.59,106.3557,106.4879,9103
2020-01-02 00:17:00,106.4879,106.5726,106.47,106.5285,6194
2020-01-02 00:18:00,106.5285,106.7054,106.5003,106.6659,7563
2020-01-02 00:19:00,106.6659,106.758,106.6542,106.7377,9520
2020-01-02 00:20:00,106.7377,106.7691,106.7173,106.7229,2062
2020-01-02 00:21:00,106.7229,106.7462,106.5559,106.5922,590
2020-01-02 00:22:00,106.5922,106.623,106.5184,106.5699,8609
2020-01-02 00:23:00,106.5699,106.6504,106.3935,106.4793,8182
2020-01-02 00:24:00,106.4793,106.6543,106.4097,106.4175,2648
2020-01-02 00:25:00,106.4175,106.4876,106.3846,106.4801,9508
2020-01-02 00:26:00,106.4801,106.6753,106.3926,106.6579,8624
2020-01-02 00:27:00,106.6579,106.7061,106.6567,106.7,1276
2020-01-02 00:28:00,106.7,106.713,106.5575,106.5724,6199
2020-01-02 00:29:00,106.5724,106.6264,106.5197,106.6198,2700
2020-01-02 00:30:00,106.6198,106.8161,106.544,106.7474,3194
2020-01-02 00:31:00,106.7474,106.754,106.6617,106.6823,2363
2020-01-02 00:32:00,106.6823,106.7443,106.6626,106.668,1166
2020-01-02 00:33:00,106.668,106.6782,106.6594,106.6696,5844
2020-01-02 00:34:00,106.6696,106.6943,106.4915,106.5859,2890
2020-01-02 00:35:00,106.5859,106.7309,106.5321,106.6549,7179
2020-01-02 00:36:00,106.6549,106.7174,106.5911,106.642,1773
2020-01-02 00:37:00,106.642,106.6925,106.6294,106.6868,2463
2020-01-02 00:38:00,106.6868,106.755,106.5603,106.5921,3823
2020-01-02 00:39:00,106.5921,106.6574,106.4676,106.5455,3601
2020-01-02 00:40:00,106.5455,106.6232,106.4879,106.6224,2914
2020-01-02 00:41:00,106.6224,106.6404,106.5589,106.5827,6742
2020-01-02 00:42:00,106.5827,106.7868,106.509,106.7668,448
2020-01-02 00:43:00,106.7668,106.7924,106.6993,106.7241,2222
2020-01-02 00:44:00,106.7241,106.7797,106.6883,106.7481,4233
2020-01-02 00:45:00,106.7481,106.8489,106.692,106.8476,311
2020-01-02 00:46:00,106.8476,106.9749,106.6758,106.6961,3629
2020-01-02 00:47:00,106.6961,106.7548,106.4993,106.5082,7837
2020-01-02 00:48:00,106.5082,106.5416,106.3001,106.3457,6449
2020-01-02 00:49:00,106.3457,106.5443,106.2567,106.48,4200
2020-01-02 00:50:00,106.48,106.5233,106.394,106.4212,9558
2020-01-02 00:51:00,106.4212,106.7031,106.3491,106.6935,247
2020-01-02 00:52:00,106.6935,106.7055,106.6301,106.6333,1809
2020-01-02 00:53:00,106.6333,106.7221,106.56,106.6529,3122
2020-01-02 00:54:00,106.6529,106.8848,106.6434,106.8174,4090
2020-01-02 00:55:00,106.8174,107.0348,106.7766,107.0317,7954
2020-01-02 00:56:00,107.0317,107.2778,106.9633,107.2523,3936
2020-01-02 00:57:00,107.2523,107.4176,107.241,107.3819,8283
2020-01-02 00:58:00,107.3819,107.5049,107.3303,107.4919,4623
2020-01-02 00:59:00,107.4919,107.5789,107.4345,107.5556,468
2020-01-02 01:00:00,107.5556,107.6691,107.4997,107.6393,7244
2020-01-02 01:01:00,107.6393,107.6619,107.5225,107.58,1570
2020-01-02 01:02:00,107.58,107.6118,107.4764,107.492,2697
2020-01-02 01:03:00,107.492,107.5596,107.4482,107.4916,1402
2020-01-02 01:04:00,107.4916,107.5917,107.4708,107.4733,1994
2020-01-02 01:05:00,107.4733,107.48,107.3918,107.4246,2624
2020-01-02 01:06:00,107.4246,107.5585,107.412,107.4994,1188
2020-01-02 01:07:00,107.4994,107.621,107.4671,107.6021,5805
2020-01-02 01:08:00,107.6021,107.6754,107.5476,107.6116,1426
2020-01-02 01:09:00,107.6116,107.8278,107.5767,107.7706,7584
2020-01-02 01:10:00,107.7706,107.825,107.5854,107.6476,4369
2020-01-02 01:11:00,107.6476,107.6526,107.6247,107.6267,7682
2020-01-02 01:12:00,107.6267,107.6627,107.5318,107.5496,9575
2020-01-02 01:13:00,107.5496,107.6246,107.3067,107.3488,3456
2020-01-02 01:14:00,107.3488,107.351,107.2823,107.34,6316
2020-01-02 01:15:00,107.34,107.4222,107.2721,107.3269,1202
2020-01-02 01:16:00,107.3269,107.506,107.2542,107.4893,1167
2020-01-02 01:17:00,107.4893,107.5993,107.4893,107.5571,844
2020-01-02 01:18:00,107.5571,107.6025,107.4437,107.447,3174
2020-01-02 01:19:00,107.447,107.6615,107.4057,107.6462,2590
2020-01-02 01:20:00,107.6462,107.8486,107.617,107.7776,7644
2020-01-02 01:21:00,107.7776,107.9972,107.7556,107.8404,3864
2020-01-02 01:22:00,107.8404,107.9063,107.7382,107.8159,6121
2020-01-02 01:23:00,107.8159,107.8653,107.7086,107.7125,2962
2020-01-02 01:24:00,107.7125,107.7566,107.6012,107.6724,9174
2020-01-02 01:25:00,107.6724,107.8078,107.6587,107.7896,6055
2020-01-02 01:26:00,107.7896,108.0084,107.7451,107.9928,6968
2020-01-02 01:27:00,107.9928,108.1807,107.9914,108.1594,2660
2020-01-02 01:28:00,108.1594,108.1917,108.0271,108.1066,4891
2020-01-02 01:29:00,108.1066,108.1579,107.9435,107.9855,3934
2020-01-02 01:30:00,107.9855,108.0665,107.9289,108.0007,2874
2020-01-02 01:31:00,108.0007,108.0221,107.78,107.8097,8368
2020-01-02 01:32:00,107.8097,107.8786,107.7975,107.8446,3214
2020-01-02 01:33:00,107.8446,107.9293,107.7388,107.8287,5804
2020-01-02 01:34:00,107.8287,107.881,107.7603,107.7784,1112
2020-01-02 01:35:00,107.7784,107.8536,107.5118,107.6065,4385
2020-01-02 01:36:00,107.6065,107.7456,107.5515,107.6618,9166
2020-01-02 01:37:00,107.6618,107.6719,107.5556,107.6044,4457
2020-01-02 01:38:00,107.6044,107.6381,107.4514,107.4786,3656
2020-01-02 01:39:00,107.4786,107.5522,107.1336,107.1699,2425
2020-01-02 01:40:00,107.1699,107.2042,107.1578,107.1669,7057
2020-01-02 01:41:00,107.1669,107.4165,107.1394,107.3568,4088
2020-01-02 01:42:00,107.3568,107.55,107.3015,107.5352,2454
2020-01-02 01:43:00,107.5352,107.5843,107.4678,107.486,6793
2020-01-02 01:44:00,107.486,107.496,107.3838,107.4213,2494
2020-01-02 01:45:00,107.4213,107.5413,107.4189,107.4717,5642
2020-01-02 01:46:00,107.4717,107.4837,107.2865,107.3644,4621
2020-01-02 01:47:00,107.3644,107.4764,107.3232,107.3968,141
2020-01-02 01:48:00,107.3968,107.5571,107.3614,107.479,1948
2020-01-02 01:49:00,107.479,107.6619,107.3926,107.6109,4291
2020-01-02 01:50:00,107.6109,107.6783,107.5848,107.6001,7530
2020-01-02 01:51:00,107.6001,107.605,107.521,107.5782,2966
2020-01-02 01:52:00,107.5782,107.6415,107.4739,107.4838,9938
2020-01-02 01:53:00,107.4838,107.5447,107.3577,107.3949,6993
2020-01-02 01:54:00,107.3949,107.418,107.3503,107.3706,8496
2020-01-02 01:55:00,107.3706,107.4373,107.3136,107.41,3434
2020-01-02 01:56:00,107.41,107.5308,107.3845,107.5081,3759
2020-01-02 01:57:00,107.5081,107.6164,107.3677,107.4218,7179
2020-01-02 01:58:00,107.4218,107.5885,107.3358,107.5821,754
2020-01-02 01:59:00,107.5821,107.6422,107.5498,107.553,2462
2020-01-02 02:00:00,107.553,107.5622,107.4987,107.5507,9684
2020-01-02 02:01:00,107.5507,107.6121,107.3894,107.4703,8175
2020-01-02 02:02:00,107.4703,107.534,107.1268,107.2098,5471
2020-01-02 02:03:00,107.2098,107.3907,107.1909,107.3045,5552
2020-01-02 02:04:00,107.3045,107.441,107.2491,107.3836,4939
2020-01-02 02:05:00,107.3836,107.3838,107.3431,107.3534,7693
2020-01-02 02:06:00,107.3534,107.3705,107.3045,107.3606,384
2020-01-02 02:07:00,107.3606,107.4293,107.2774,107.416,9632
2020-01-02 02:08:00,107.416,107.4466,107.1973,107.2481,611
2020-01-02 02:09:00,107.2481,107.2844,107.1009,107.1914,4224
2020-01-02 02:10:00,107.1914,107.3298,107.1883,107.2765,3178
2020-01-02 02:11:00,107.2765,107.2901,107.094,107.142,4737
2020-01-02 02:12:00,107.142,107.1959,107.0744,107.1734,8506
2020-01-02 02:13:00,107.1734,107.1746,107.0143,107.028,5219
2020-01-02 02:14:00,107.028,107.1096,106.9828,107.078,3431
2020-01-02 02:15:00,107.078,107.0956,107.074,107.0742,2408
2020-01-02 02:16:00,107.0742,107.1029,106.8151,106.9012,1937
2020-01-02 02:17:00,106.9012,107.0508,106.8806,107.0257,8110
2020-01-02 02:18:00,107.0257,107.0908,106.9442,106.9471,5219
2020-01-02 02:19:00,106.9471,106.9856,106.8521,106.8604,5836
2020-01-02 02:20:00,106.8604,106.8889,106.8312,106.8819,665
2020-01-02 02:21:00,106.8819,107.0293,106.8772,107.0047,7739
2020-01-02 02:22:00,107.0047,107.028,106.8687,106.896,9092
2020-01-02 02:23:00,106.896,106.9274,106.7682,106.9025,1378
2020-01-02 02:24:00,106.9025,106.9781,106.8965,106.9484,9593
2020-01-02 02:25:00,106.9484,107.0805,106.8676,107.0225,7291
2020-01-02 02:26:00,107.0225,107.0738,107.0034,107.0414,5184
2020-01-02 02:27:00,107.0414,107.0919,106.9968,107.0021,3604
2020-01-02 02:28:00,107.0021,107.0186,106.9056,106.9136,9283
2020-01-02 02:29:00,106.9136,106.9745,106.8482,106.9228,5713
2020-01-02 02:30:00,106.9228,106.9529,106.7918,106.8081,6617
2020-01-02 02:31:00,106.8081,106.8702,106.39,106.4961,7005
2020-01-02 02:32:00,106.4961,106.6669,106.4502,106.5426,476
2020-01-02 02:33:00,106.5426,106.708,106.5367,106.6389,8242
2020-01-02 02:34:00,106.6389,106.6396,106.3234,106.3869,1204
2020-01-02 02:35:00,106.3869,106.4331,106.2035,106.2795,6846
2020-01-02 02:36:00,106.2795,106.4323,106.2669,106.3453,9905
2020-01-02 02:37:00,106.3453,106.6986,106.337,106.5641,5774
2020-01-02 02:38:00,106.5641,106.5978,106.5117,106.5663,5342
2020-01-02 02:39:00,106.5663,106.5727,106.418,106.4887,2947
2020-01-02 02:40:00,106.4887,106.5876,106.4477,106.4693,8314
2020-01-02 02:41:00,106.4693,106.6416,106.4252,106.6157,2803
2020-01-02 02:42:00,106.6157,106.6746,106.5376,106.5468,4965
2020-01-02 02:43:00,106.5468,106.5522,106.4372,106.4616,6762
2020-01-02 02:44:00,106.4616,106.4906,106.3871,106.4102,3448
2020-01-02 02:45:00,106.4102,106.4676,106.2795,106.3088,9210
2020-01-02 02:46:00,106.3088,106.3646,106.2614,106.3218,476
2020-01-02 02:47:00,106.3218,106.5066,106.3033,106.4946,6534
2020-01-02 02:48:00,106.4946,106.5972,106.4854,106.529,9542
2020-01-02 02:49:00,106.529,106.5689,106.4034,106.5021,9488
2020-01-02 02:50:00,106.5021,106.5374,106.3899,106.471,9962
2020-01-02 02:51:00,106.471,106.6096,106.2145,106.3046,7720
2020-01-02 02:52:00,106.3046,106.4239,106.2892,106.3985,6585
2020-01-02 02:53:00,106.3985,106.4473,106.3598,106.3902,1456
2020-01-02 02:54:00,106.3902,106.4097,106.3537,106.371,1866
2020-01-02 02:55:00,106.371,106.7123,106.3336,106.7106,5605
2020-01-02 02:56:00,106.7106,106.7612,106.6848,106.7425,9657
2020-01-02 02:57:00,106.7425,106.7907,106.6067,106.6623,5526
2020-01-02 02:58:00,106.6623,106.6739,106.5916,106.6168,3941
2020-01-02 02:59:00,106.6168,106.7877,106.5879,106.7392,3344
2020-01-02 03:00:00,106.7392,106.7681,106.5465,106.7513,643
2020-01-02 03:01:00,106.7513,106.8221,106.5339,106.5978,6147
2020-01-02 03:02:00,106.5978,106.7047,106.548,106.6958,9067
2020-01-02 03:03:00,106.6958,106.7476,106.6057,106.6245,1720
2020-01-02 03:04:00,106.6245,106.9405,106.5912,106.8242,4412
2020-01-02 03:05:00,106.8242,107.0372,106.8093,106.9396,8823
2020-01-02 03:06:00,106.9396,106.9791,106.834,106.8918,7928
2020-01-02 03:07:00,106.8918,107.0622,106.8388,107.0287,988
2020-01-02 03:08:00,107.0287,107.1702,106.9715,107.036,492
2020-01-02 03:09:00,107.036,107.224,107.0071,107.1272,9913
2020-01-02 03:10:00,107.1272,107.2592,107.1101,107.1792,3557
2020-01-02 03:11:00,107.1792,107.1969,107.0472,107.0884,7768
2020-01-02 03:12:00,107.0884,107.2184,106.9611,107.0195,2463
2020-01-02 03:13:00,107.0195,107.1495,106.9426,107.1298,7454
2020-01-02 03:14:00,107.1298,107.1821,107.0748,107.0939,9640
2020-01-02 03:15:00,107.0939,107.1035,106.9777,107.0507,417
2020-01-02 03:16:00,107.0507,107.0533,106.8792,106.9484,6637
2020-01-02 03:17:00,106.9484,107.0072,106.9291,106.9937,8996
2020-01-02 03:18:00,106.9937,107.2256,106.9545,107.2144,3871
2020-01-02 03:19:00,107.2144,107.247,107.0681,107.0999,9333
2020-01-02 03:20:00,107.0999,107.1222,107.0393,107.1025,4344
2020-01-02 03:21:00,107.1025,107.2555,107.0227,107.2538,4753
2020-01-02 03:22:00,107.2538,107.3347,107.2332,107.2452,6985
2020-01-02 03:23:00,107.2452,107.4529,107.1688,107.2938,4106
2020-01-02 03:24:00,107.2938,107.3211,107.1084,107.1798,4742
2020-01-02 03:25:00,107.1798,107.2642,107.1605,107.2257,2227
2020-01-02 03:26:00,107.2257,107.2872,107.0798,107.2056,4713
2020-01-02 03:27:00,107.2056,107.3148,107.173,107.3113,2849
2020-01-02 03:28:00,107.3113,107.4499,107.2553,107.4387,8535
2020-01-02 03:29:00,107.4387,107.77,107.4363,107.7169,8300
2020-01-02 03:30:00,107.7169,107.8597,107.6749,107.7794,3754
2020-01-02 03:31:00,107.7794,107.8307,107.7322,107.8145,9615
2020-01-02 03:32:00,107.8145,107.8498,107.8047,107.8354,5539
2020-01-02 03:33:00,107.8354,107.9259,107.786,107.7974,2470
2020-01-02 03:34:00,107.7974,107.9484,107.702,107.8338,2703
2020-01-02 03:35:00,107.8338,107.871,107.7467,107.802,5847
2020-01-02 03:36:00,107.802,107.8992,107.7848,107.8201,3633
2020-01-02 03:37:00,107.8201,108.0212,107.7809,107.9622,7665
2020-01-02 03:38:00,107.9622,107.9904,107.8527,107.8535,8684
2020-01-02 03:39:00,107.8535,108.0007,107.8497,107.9765,1351
2020-01-02 03:40:00,107.9765,108.1664,107.9232,108.1187,3066
2020-01-02 03:41:00,108.1187,108.1507,108.1047,108.1059,9458
2020-01-02 03:42:00,108.1059,108.1896,107.8054,107.8765,7671
2020-01-02 03:43:00,107.8765,107.9104,107.8026,107.811,3107
2020-01-02 03:44:00,107.811,107.9563,107.7297,107.9508,7913
2020-01-02 03:45:00,107.9508,107.9915,107.8808,107.9483,7306
2020-01-02 03:46:00,107.9483,107.9938,107.8087,107.8405,8484
2020-01-02 03:47:00,107.8405,107.8695,107.7739,107.786,8618
2020-01-02 03:48:00,107.786,107.8819,107.782,107.8766,4220
2020-01-02 03:49:00,107.8766,108.0265,107.8436,107.9356,4297
2020-01-02 03:50:00,107.9356,108.0227,107.8827,107.9098,8954
2020-01-02 03:51:00,107.9098,107.9102,107.854,107.8702,4937
2020-01-02 03:52:00,107.8702,107.9417,107.8179,107.828,4125
2020-01-02 03:53:00,107.828,107.9415,107.6827,107.7285,4357
2020-01-02 03:54:00,107.7285,108.0138,107.6789,107.9025,4873
2020-01-02 03:55:00,107.9025,107.9457,107.8558,107.8678,9177
2020-01-02 03:56:00,107.8678,108.0,107.835,107.9991,4053
2020-01-02 03:57:00,107.9991,108.1831,107.9346,108.1634,2394
2020-01-02 03:58:00,108.1634,108.3311,108.0696,108.2713,6417
2020-01-02 03:59:00,108.2713,108.3232,108.1555,108.2246,3567
2020-01-02 04:00:00,108.2246,108.3219,108.1213,108.2683,1132
2020-01-02 04:01:00,108.2683,108.2838,108.2223,108.2657,1571
2020-01-02 04:02:00,108.2657,108.3713,108.142,108.1678,5213
2020-01-02 04:03:00,108.1678,108.2071,108.0965,108.2029,5790
2020-01-02 04:04:00,108.2029,108.2669,108.0682,108.0754,6905
2020-01-02 04:05:00,108.0754,108.2311,108.0523,108.2037,4171
2020-01-02 04:06:00,108.2037,108.264,108.1435,108.1534,7839
2020-01-02 04:07:00,108.1534,108.3266,108.1243,108.1752,1248
2020-01-02 04:08:00,108.1752,108.2223,108.1377,108.2058,8332
2020-01-02 04:09:00,108.2058,108.2766,108.0564,108.1778,6580
2020-01-02 04:10:00,108.1778,108.2722,108.1247,108.2413,3856
2020-01-02 04:11:00,108.2413,108.3367,108.1371,108.1899,7508
2020-01-02 04:12:00,108.1899,108.3645,108.0545,108.2842,7361
2020-01-02 04:13:00,108.2842,108.3096,108.0191,108.1384,6763
2020-01-02 04:14:00,108.1384,108.1793,108.0978,108.1521,3896
2020-01-02 04:15:00,108.1521,108.4167,108.0456,108.3618,3547
2020-01-02 04:16:00,108.3618,108.3959,108.1583,108.2534,8376
2020-01-02 04:17:00,108.2534,108.3201,108.1536,108.18,7932
2020-01-02 04:18:00,108.18,108.2588,108.1285,108.2356,4557
2020-01-02 04:19:00,108.2356,108.3338,108.1934,108.255,5470
2020-01-02 04:20:00,108.255,108.3257,108.2251,108.293,2739
2020-01-02 04:21:00,108.293,108.38,108.2767,108.346,9322
2020-01-02 04:22:00,108.346,108.5048,108.3348,108.4147,7787
2020-01-02 04:23:00,108.4147,108.6192,108.3202,108.535,1030
2020-01-02 04:24:00,108.535,108.6074,108.4366,108.5795,1921
2020-01-02 04:25:00,108.5795,108.6202,108.5209,108.5533,6002
2020-01-02 04:26:00,108.5533,108.6675,108.4959,108.6263,5927
2020-01-02 04:27:00,108.6263,108.8666,108.6071,108.8327,3909
2020-01-02 04:28:00,108.8327,108.894,108.7414,108.8183,9885
2020-01-02 04:29:00,108.8183,108.8236,108.6744,108.7122,5631
2020-01-02 04:30:00,108.7122,108.9415,108.5853,108.8326,9412
2020-01-02 04:31:00,108.8326,108.835,108.8,108.8195,9973
2020-01-02 04:32:00,108.8195,108.8816,108.5288,108.5831,2024
2020-01-02 04:33:00,108.5831,108.691,108.5715,108.6751,2540
2020-01-02 04:34:00,108.6751,108.7069,108.5876,108.6169,7113
2020-01-02 04:35:00,108.6169,108.7077,108.6056,108.6071,3542
2020-01-02 04:36:00,108.6071,108.6633,108.5926,108.6431,1307
2020-01-02 04:37:00,108.6431,108.7038,108.562,108.6638,9458
2020-01-02 04:38:00,108.6638,108.7869,108.6093,108.7409,5682
2020-01-02 04:39:00,108.7409,108.8357,108.6551,108.6936,8353
2020-01-02 04:40:00,108.6936,108.7609,108.6729,108.7493,8454
2020-01-02 04:41:00,108.7493,108.8039,108.7197,108.7211,4747
2020-01-02 04:42:00,108.7211,108.821,108.7083,108.8014,7502
2020-01-02 04:43:00,108.8014,108.9392,108.7844,108.8684,9375
2020-01-02 04:44:00,108.8684,108.9464,108.7042,108.7665,338
2020-01-02 04:45:00,108.7665,108.9225,108.7068,108.8847,3886
2020-01-02 04:46:00,108.8847,108.9135,108.7953,108.8263,8729
2020-01-02 04:47:00,108.8263,108.9881,108.7852,108.9142,8820
2020-01-02 04:48:00,108.9142,108.9815,108.8605,108.9542,8396
2020-01-02 04:49:00,108.9542,109.1836,108.8773,109.1545,7360
2020-01-02 04:50:00,109.1545,109.2107,109.1162,109.1301,9530
2020-01-02 04:51:00,109.1301,109.2636,108.9984,109.092,6732
2020-01-02 04:52:00,109.092,109.1431,109.0845,109.0899,8442
2020-01-02 04:53:00,109.0899,109.1004,109.0304,109.0568,1893
2020-01-02 04:54:00,109.0568,109.1862,109.0143,109.1441,7056
2020-01-02 04:55:00,109.1441,109.1503,108.9118,108.9676,8922
2020-01-02 04:56:00,108.9676,108.9862,108.753,108.8528,8207
2020-01-02 04:57:00,108.8528,108.9591,108.7094,108.7366,306
2020-01-02 04:58:00,108.7366,108.9066,108.7083,108.8399,2922
2020-01-02 04:59:00,108.8399,109.0335,108.7495,109.0261,9125
2020-01-02 05:00:00,109.0261,109.0271,108.9714,109.0147,1600
2020-01-02 05:01:00,109.0147,109.0211,108.9687,108.9963,6807
2020-01-02 05:02:00,108.9963,109.0099,108.9078,109.0039,4421
2020-01-02 05:03:00,109.0039,109.1369,108.987,109.1306,9095
2020-01-02 05:04:00,109.1306,109.1782,108.9756,109.0294,6933
2020-01-02 05:05:00,109.0294,109.0886,108.9922,109.0554,6349
2020-01-02 05:06:00,109.0554,109.1846,109.0278,109.1617,3247
2020-01-02 05:07:00,109.1617,109.3821,109.1007,109.2164,4711
2020-01-02 05:08:00,109.2164,109.2535,109.146,109.2371,1946
2020-01-02 05:09:00,109.2371,109.437,109.1646,109.3465,8234
2020-01-02 05:10:00,109.3465,109.3818,109.0402,109.0509,6518
2020-01-02 05:11:00,109.0509,109.2053,109.0295,109.1248,3819
2020-01-02 05:12:00,109.1248,109.1754,108.9545,109.0535,6194
2020-01-02 05:13:00,109.0535,109.0677,108.8159,108.8538,2165
2020-01-02 05:14:00,108.8538,108.9421,108.7638,108.9095,4480
2020-01-02 05:15:00,108.9095,109.1264,108.8748,109.0591,4845
2020-01-02 05:16:00,109.0591,109.0642,109.0377,109.0441,8285
2020-01-02 05:17:00,109.0441,109.2423,109.0204,109.148,6500
2020-01-02 05:18:00,109.148,109.3466,109.0539,109.324,9534
2020-01-02 05:19:00,109.324,109.481,109.313,109.4677,2504
2020-01-02 05:20:00,109.4677,109.651,109.457,109.6472,355
2020-01-02 05:21:00,109.6472,109.7735,109.6374,109.7286,6577
2020-01-02 05:22:00,109.7286,109.8322,109.6504,109.7369,7635
2020-01-02 05:23:00,109.7369,109.7416,109.4818,109.5611,6240
2020-01-02 05:24:00,109.5611,109.5649,109.4899,109.5341,6258
2020-01-02 05:25:00,109.5341,109.5739,109.3863,109.4418,278
2020-01-02 05:26:00,109.4418,109.6896,109.4234,109.6794,7712
2020-01-02 05:27:00,109.6794,109.7363,109.631,109.6601,8039
2020-01-02 05:28:00,109.6601,109.674,109.6301,109.6736,5622
2020-01-02 05:29:00,109.6736,109.7935,109.666,109.7341,4283
2020-01-02 05:30:00,109.7341,109.8445,109.6407,109.7388,6337
2020-01-02 05:31:00,109.7388,109.9648,109.7305,109.9249,5040
2020-01-02 05:32:00,109.9249,109.9567,109.8132,109.8564,127
2020-01-02 05:33:00,109.8564,109.9035,109.855,109.8778,8345
2020-01-02 05:34:00,109.8778,109.9494,109.6999,109.7962,8612
2020-01-02 05:35:00,109.7962,109.8327,109.6237,109.6513,3730
2020-01-02 05:36:00,109.6513,109.7297,109.5195,109.5842,7003
2020-01-02 05:37:00,109.5842,109.588,109.5527,109.5801,6873
2020-01-02 05:38:00,109.5801,109.5992,109.526,109.5331,6021
2020-01-02 05:39:00,109.5331,109.5792,109.4196,109.4572,431
2020-01-02 05:40:00,109.4572,109.4616,109.2483,109.3033,1817
2020-01-02 05:41:00,109.3033,109.3367,109.2371,109.2942,416
2020-01-02 05:42:00,109.2942,109.3946,109.0779,109.1298,6344
2020-01-02 05:43:00,109.1298,109.2368,109.1121,109.2127,3651
2020-01-02 05:44:00,109.2127,109.2838,109.1753,109.2217,6198
2020-01-02 05:45:00,109.2217,109.2344,108.9938,109.0625,3017
2020-01-02 05:46:00,109.0625,109.0983,108.9957,109.0288,7892
2020-01-02 05:47:00,109.0288,109.0894,108.9145,108.9468,9654
2020-01-02 05:48:00,108.9468,109.069,108.8955,108.9816,8439
2020-01-02 05:49:00,108.9816,109.1647,108.9528,109.1277,7563
2020-01-02 05:50:00,109.1277,109.2123,108.8738,108.923,7674
2020-01-02 05:51:00,108.923,109.0175,108.8501,108.9356,2728
2020-01-02 05:52:00,108.9356,109.0214,108.9015,108.9181,4673
2020-01-02 05:53:00,108.9181,108.9923,108.8534,108.9912,8148
2020-01-02 05:54:00,108.9912,109.0866,108.9269,109.0145,1309
2020-01-02 05:55:00,109.0145,109.0445,108.8324,108.9325,269
2020-01-02 05:56:00,108.9325,109.0341,108.8728,108.8977,9859
2020-01-02 05:57:00,108.8977,108.9391,108.7901,108.811,4496
2020-01-02 05:58:00,108.811,109.0223,108.7682,108.9281,3535
2020-01-02 05:59:00,108.9281,109.0117,108.9272,108.9305,1977
2020-01-02 06:00:00,108.9305,109.1376,108.9037,109.1375,4152
2020-01-02 06:01:00,109.1375,109.1394,109.1246,109.1309,3135
2020-01-02 06:02:00,109.1309,109.1589,108.997,109.0536,3348
2020-01-02 06:03:00,109.0536,109.0778,108.8327,108.8885,3973
2020-01-02 06:04:00,108.8885,108.8925,108.6495,108.6922,8814
2020-01-02 06:05:00,108.6922,108.7228,108.4582,108.52,3652
2020-01-02 06:06:00,108.52,108.6262,108.4756,108.549,5705
2020-01-02 06:07:00,108.549,108.6159,108.5178,108.6042,2806
2020-01-02 06:08:00,108.6042,108.6625,108.3391,108.4325,2632
2020-01-02 06:09:00,108.4325,108.5767,108.3862,108.5296,921
2020-01-02 06:10:00,108.5296,108.5735,108.4369,108.4771,3608
2020-01-02 06:11:00,108.4771,108.5609,108.4568,108.4931,294
2020-01-02 06:12:00,108.4931,108.6834,108.4829,108.668,565
2020-01-02 06:13:00,108.668,108.8507,108.6361,108.7654,3125
2020-01-02 06:14:00,108.7654,108.8005,108.712,108.7362,8245
2020-01-02 06:15:00,108.7362,108.7745,108.6366,108.6393,2637
2020-01-02 06:16:00,108.6393,108.6877,108.3825,108.4055,199
2020-01-02 06:17:00,108.4055,108.4284,108.3053,108.3276,8407
2020-01-02 06:18:00,108.3276,108.3341,108.2983,108.3047,5814
2020-01-02 06:19:00,108.3047,108.3406,108.1001,108.1978,6375
2020-01-02 06:20:00,108.1978,108.2273,108.1519,108.1836,9563
2020-01-02 06:21:00,108.1836,108.2684,108.1336,108.1919,2790
2020-01-02 06:22:00,108.1919,108.231,108.1418,108.1676,1534
2020-01-02 06:23:00,108.1676,108.2345,108.0947,108.0973,2002
2020-01-02 06:24:00,108.0973,108.176,108.027,108.1155,3123
2020-01-02 06:25:00,108.1155,108.2077,108.0392,108.1633,7157
2020-01-02 06:26:00,108.1633,108.2542,108.0239,108.0453,6913
2020-01-02 06:27:00,108.0453,108.1979,107.9949,108.1978,6162
2020-01-02 06:28:00,108.1978,108.242,108.1297,108.1871,2693
2020-01-02 06:29:00,108.1871,108.1958,108.1735,108.1892,6618
2020-01-02 06:30:00,108.1892,108.2956,108.0645,108.2658,5039
2020-01-02 06:31:00,108.2658,108.3244,108.2366,108.291,4493
2020-01-02 06:32:00,108.291,108.4177,108.2047,108.3942,7239
2020-01-02 06:33:00,108.3942,108.5123,108.3549,108.4254,7324
2020-01-02 06:34:00,108.4254,108.5036,108.3252,108.359,3026
2020-01-02 06:35:00,108.359,108.3992,108.3144,108.3981,6962
2020-01-02 06:36:00,108.3981,108.3993,108.2532,108.2742,6104
2020-01-02 06:37:00,108.2742,108.3045,108.2542,108.2859,1926
2020-01-02 06:38:00,108.2859,108.3874,108.2454,108.2823,6652
2020-01-02 06:39:00,108.2823,108.288,108.2007,108.2598,1125
2020-01-02 06:40:00,108.2598,108.2922,108.2175,108.2459,885
2020-01-02 06:41:00,108.2459,108.2987,107.9366,108.0422,1900
2020-01-02 06:42:00,108.0422,108.0836,107.9258,107.9829,5286
2020-01-02 06:43:00,107.9829,108.0213,107.9743,107.9929,7336
2020-01-02 06:44:00,107.9929,108.014,107.9849,108.0102,8652
2020-01-02 06:45:00,108.0102,108.016,107.8527,107.8992,6701
2020-01-02 06:46:00,107.8992,108.0915,107.8968,108.0357,3497
2020-01-02 06:47:00,108.0357,108.1065,107.9394,107.9422,1326
2020-01-02 06:48:00,107.9422,108.1702,107.9293,108.0468,2740
2020-01-02 06:49:00,108.0468,108.1045,108.033,108.093,5150
2020-01-02 06:50:00,108.093,108.1183,108.0184,108.0231,3749
2020-01-02 06:51:00,108.0231,108.2231,107.9623,108.2149,6011
2020-01-02 06:52:00,108.2149,108.2816,108.0812,108.0857,5737
2020-01-02 06:53:00,108.0857,108.2087,108.0841,108.1851,3303
2020-01-02 06:54:00,108.1851,108.3238,108.1832,108.2933,7335
2020-01-02 06:55:00,108.2933,108.4192,108.1505,108.2207,7393
2020-01-02 06:56:00,108.2207,108.3842,108.1607,108.3714,9708
2020-01-02 06:57:00,108.3714,108.4271,108.2481,108.3443,7950
2020-01-02 06:58:00,108.3443,108.3968,108.2806,108.3756,8627
2020-01-02 06:59:00,108.3756,108.4053,108.3401,108.4038,7955
2020-01-02 07:00:00,108.4038,108.4266,108.3488,108.3892,6038
2020-01-02 07:01:00,108.3892,108.5322,108.3334,108.4771,2061
2020-01-02 07:02:00,108.4771,108.597,108.401,108.5632,7047
2020-01-02 07:03:00,108.5632,108.652,108.3141,108.3733,943
2020-01-02 07:04:00,108.3733,108.5241,108.3583,108.5147,9932
2020-01-02 07:05:00,108.5147,108.576,108.2073,108.3343,4240
2020-01-02 07:06:00,108.3343,108.4498,108.2668,108.4462,1224
2020-01-02 07:07:00,108.4462,108.6891,108.4327,108.5683,6662
2020-01-02 07:08:00,108.5683,108.5866,108.3187,108.4499,4811
2020-01-02 07:09:00,108.4499,108.4744,108.4009,108.4053,864
2020-01-02 07:10:00,108.4053,108.4962,108.2659,108.2855,9992
2020-01-02 07:11:00,108.2855,108.296,108.2415,108.2622,5675
2020-01-02 07:12:00,108.2622,108.2843,108.1828,108.2289,7503
2020-01-02 07:13:00,108.2289,108.3599,108.2202,108.3132,4729
2020-01-02 07:14:00,108.3132,108.4745,108.2622,108.4552,9384
2020-01-02 07:15:00,108.4552,108.6894,108.3536,108.6065,1704
2020-01-02 07:16:00,108.6065,108.6171,108.4632,108.5455,9561
2020-01-02 07:17:00,108.5455,108.562,108.4871,108.5228,6606
2020-01-02 07:18:00,108.5228,108.539,108.3352,108.3401,630
2020-01-02 07:19:00,108.3401,108.3739,108.217,108.2528,2890
2020-01-02 07:20:00,108.2528,108.3617,108.2516,108.3572,1352
2020-01-02 07:21:00,108.3572,108.5504,108.2684,108.5323,4041
2020-01-02 07:22:00,108.5323,108.5503,108.3512,108.3983,5728
2020-01-02 07:23:00,108.3983,108.4027,108.3231,108.3341,8949
2020-01-02 07:24:00,108.3341,108.3363,108.2812,108.3312,5333
2020-01-02 07:25:00,108.3312,108.4028,108.3017,108.3616,6486
2020-01-02 07:26:00,108.3616,108.3681,108.2524,108.2738,9460
2020-01-02 07:27:00,108.2738,108.3387,108.2208,108.3198,5892
2020-01-02 07:28:00,108.3198,108.3296,108.2404,108.2684,2586
2020-01-02 07:29:00,108.2684,108.3071,108.2204,108.2669,2943
2020-01-02 07:30:00,108.2669,108.3455,108.2581,108.326,7889
2020-01-02 07:31:00,108.326,108.4367,108.3123,108.3267,3338
2020-01-02 07:32:00,108.3267,108.3761,108.2498,108.2794,7800
2020-01-02 07:33:00,108.2794,108.2945,108.2314,108.2676,5384
2020-01-02 07:34:00,108.2676,108.2885,108.1711,108.258,2789
2020-01-02 07:35:00,108.258,108.2714,108.1686,108.2179,3432
2020-01-02 07:36:00,108.2179,108.2359,108.139,108.1899,1298
2020-01-02 07:37:00,108.1899,108.378,108.1625,108.3629,7054
2020-01-02 07:38:00,108.3629,108.5164,108.2783,108.4237,7363
2020-01-02 07:39:00,108.4237,108.4799,108.3831,108.3916,9672
2020-01-02 07:40:00,108.3916,108.5015,108.3785,108.4672,7150
2020-01-02 07:41:00,108.4672,108.5346,108.4162,108.431,5361
2020-01-02 07:42:00,108.431,108.6813,108.3449,108.5582,9482
2020-01-02 07:43:00,108.5582,108.6514,108.5269,108.5983,7970
2020-01-02 07:44:00,108.5983,108.6115,108.5746,108.5867,1442
2020-01-02 07:45:00,108.5867,108.7754,108.5809,108.6353,1754
2020-01-02 07:46:00,108.6353,108.6648,108.403,108.4646,4853
2020-01-02 07:47:00,108.4646,108.5627,108.2696,108.3424,7236
2020-01-02 07:48:00,108.3424,108.3798,108.1874,108.2131,6081
2020-01-02 07:49:00,108.2131,108.2314,108.1463,108.2285,9280
2020-01-02 07:50:00,108.2285,108.4298,108.2189,108.416,1177
2020-01-02 07:51:00,108.416,108.7294,108.4067,108.6579,221
2020-01-02 07:52:00,108.6579,108.7346,108.5939,108.7273,3295
2020-01-02 07:53:00,108.7273,108.8208,108.7008,108.7817,2314
2020-01-02 07:54:00,108.7817,108.8418,108.5459,108.5858,3091
2020-01-02 07:55:00,108.5858,108.5999,108.4728,108.5269,9125
2020-01-02 07:56:00,108.5269,108.5689,108.4301,108.4414,9970
2020-01-02 07:57:00,108.4414,108.487,108.3561,108.3741,2169
2020-01-02 07:58:00,108.3741,108.4052,108.3074,108.3558,5495
2020-01-02 07:59:00,108.3558,108.3828,108.2999,108.3047,2062
2020-01-02 08:00:00,108.3047,108.3434,108.0693,108.0903,4123
2020-01-02 08:01:00,108.0903,108.1879,108.0545,108.1712,8699
2020-01-02 08:02:00,108.1712,108.1784,108.0128,108.0551,6542
2020-01-02 08:03:00,108.0551,108.114,108.0343,108.081,6520
2020-01-02 08:04:00,108.081,108.332,108.008,108.3051,2469
2020-01-02 08:05:00,108.3051,108.3091,108.1538,108.2056,2419
2020-01-02 08:06:00,108.2056,108.3376,107.9075,107.9318,3339
2020-01-02 08:07:00,107.9318,107.948,107.8561,107.9009,8056
2020-01-02 08:08:00,107.9009,108.0527,107.8458,108.0197,5655
2020-01-02 08:09:00,108.0197,108.2763,107.965,108.2312,1992
2020-01-02 08:10:00,108.2312,108.2578,108.079,108.0982,6507
2020-01-02 08:11:00,108.0982,108.2696,107.9787,108.1518,3938
2020-01-02 08:12:00,108.1518,108.1734,108.0417,108.1015,7609
2020-01-02 08:13:00,108.1015,108.1505,108.0519,108.0901,1589
2020-01-02 08:14:00,108.0901,108.3963,108.0549,108.3759,4109
2020-01-02 08:15:00,108.3759,108.3901,108.1598,108.213,1921
2020-01-02 08:16:00,108.213,108.2833,108.1591,108.2405,1372
2020-01-02 08:17:00,108.2405,108.3221,108.2299,108.2911,8988
2020-01-02 08:18:00,108.2911,108.4434,108.2703,108.4087,4936
2020-01-02 08:19:00,108.4087,108.5092,108.387,108.4193,4314
2020-01-02 08:20:00,108.4193,108.5061,108.3941,108.4527,1869
2020-01-02 08:21:00,108.4527,108.4956,108.3435,108.4102,2941
2020-01-02 08:22:00,108.4102,108.4821,108.3874,108.4394,8041
2020-01-02 08:23:00,108.4394,108.4643,108.3992,108.4022,2464
2020-01-02 08:24:00,108.4022,108.579,108.3577,108.4696,5463
2020-01-02 08:25:00,108.4696,108.4719,108.3326,108.4295,1217
2020-01-02 08:26:00,108.4295,108.5017,108.3872,108.4704,7547
2020-01-02 08:27:00,108.4704,108.549,108.4658,108.4672,912
2020-01-02 08:28:00,108.4672,108.6341,108.4646,108.5893,137
2020-01-02 08:29:00,108.5893,108.6545,108.5302,108.5837,2560
2020-01-02 08:30:00,108.5837,108.6529,108.3812,108.3912,4438
2020-01-02 08:31:00,108.3912,108.6665,108.3318,108.528,5583
2020-01-02 08:32:00,108.528,108.5498,108.4297,108.4297,3819
2020-01-02 08:33:00,108.4297,108.592,108.3572,108.3588,7331
2020-01-02 08:34:00,108.3588,108.4039,108.283,108.2943,9146
2020-01-02 08:35:00,108.2943,108.4697,108.2273,108.4431,2454
2020-01-02 08:36:00,108.4431,108.5182,108.1777,108.2115,4142
2020-01-02 08:37:00,108.2115,108.5726,108.1436,108.5511,274
2020-01-02 08:38:00,108.5511,108.711,108.5001,108.6657,6840
2020-01-02 08:39:00,108.6657,108.7479,108.6087,108.69,771
2020-01-02 08:40:00,108.69,108.6909,108.6745,108.684,793
2020-01-02 08:41:00,108.684,108.7171,108.6648,108.715,8839
2020-01-02 08:42:00,108.715,108.8371,108.715,108.7717,6076
2020-01-02 08:43:00,108.7717,108.8957,108.7224,108.8419,1222
2020-01-02 08:44:00,108.8419,108.9473,108.7871,108.9023,3397
2020-01-02 08:45:00,108.9023,108.9146,108.8569,108.9121,4086
2020-01-02 08:46:00,108.9121,108.9163,108.8811,108.8906,2696
2020-01-02 08:47:00,108.8906,108.9747,108.8481,108.8741,4468
2020-01-02 08:48:00,108.8741,108.8951,108.8214,108.8529,3123
2020-01-02 08:49:00,108.8529,109.1238,108.836,108.9763,9075
2020-01-02 08:50:00,108.9763,109.0553,108.9,109.041,9501
2020-01-02 08:51:00,109.041,109.1201,108.6682,108.7204,9231
2020-01-02 08:52:00,108.7204,108.8442,108.6736,108.7917,1628
2020-01-02 08:53:00,108.7917,108.8571,108.7753,108.8129,193
2020-01-02 08:54:00,108.8129,108.849,108.7219,108.8108,9622
2020-01-02 08:55:00,108.8108,108.8856,108.7523,108.7686,6760
2020-01-02 08:56:00,108.7686,108.9019,108.7489,108.8908,5149
2020-01-02 08:57:00,108.8908,109.0709,108.8686,108.994,2321
2020-01-02 08:58:00,108.994,109.0134,108.8924,108.9098,2842
2020-01-02 08:59:00,108.9098,109.076,108.8738,108.9541,1196
2020-01-02 09:00:00,108.9541,109.0265,108.8335,108.8482,8291
2020-01-02 09:01:00,108.8482,108.8637,108.6965,108.6981,5103
2020-01-02 09:02:00,108.6981,108.8352,108.6022,108.6299,2203
2020-01-02 09:03:00,108.6299,108.74,108.562,108.7236,2842
2020-01-02 09:04:00,108.7236,108.8622,108.6205,108.8272,4829
2020-01-02 09:05:00,108.8272,108.9223,108.7638,108.8831,4399
2020-01-02 09:06:00,108.8831,108.9662,108.8527,108.962,3762
2020-01-02 09:07:00,108.962,109.0668,108.9205,109.0183,8307
2020-01-02 09:08:00,109.0183,109.1571,108.8472,108.9483,225
2020-01-02 09:09:00,108.9483,109.0887,108.9069,108.9954,6097
2020-01-02 09:10:00,108.9954,109.1111,108.9635,109.0826,5774
2020-01-02 09:11:00,109.0826,109.2441,109.0612,109.1649,4274
2020-01-02 09:12:00,109.1649,109.3169,109.1307,109.2947,9080
2020-01-02 09:13:00,109.2947,109.4239,109.2404,109.3721,5598
2020-01-02 09:14:00,109.3721,109.4353,109.3565,109.4106,6507
2020-01-02 09:15:00,109.4106,109.5923,109.3504,109.5276,2452
2020-01-02 09:16:00,109.5276,109.5316,109.4249,109.5247,9803
2020-01-02 09:17:00,109.5247,109.5706,109.3597,109.4282,6983
2020-01-02 09:18:00,109.4282,109.4337,109.4007,109.4103,4320
2020-01-02 09:19:00,109.4103,109.4621,109.3095,109.3288,4937
2020-01-02 09:20:00,109.3288,109.393,109.1808,109.255,8372
2020-01-02 09:21:00,109.255,109.3576,109.2323,109.2392,7115
2020-01-02 09:22:00,109.2392,109.2571,109.0897,109.1526,9936
2020-01-02 09:23:00,109.1526,109.1549,109.1153,109.119,274
2020-01-02 09:24:00,109.119,109.1199,108.8613,108.9124,8967
2020-01-02 09:25:00,108.9124,108.9455,108.8802,108.9356,8639
2020-01-02 09:26:00,108.9356,108.969,108.8915,108.9358,9682
2020-01-02 09:27:00,108.9358,108.9377,108.8006,108.8468,1658
2020-01-02 09:28:00,108.8468,108.9386,108.8267,108.9185,1538
2020-01-02 09:29:00,108.9185,109.0428,108.8539,109.0206,3025
2020-01-02 09:30:00,109.0206,109.054,108.8018,108.8454,7086
2020-01-02 09:31:00,108.8454,108.8882,108.6773,108.7624,4919
2020-01-02 09:32:00,108.7624,108.7975,108.6285,108.6787,5471
2020-01-02 09:33:00,108.6787,108.7247,108.5258,108.5765,4803
2020-01-02 09:34:00,108.5765,108.6676,108.5506,108.6666,6812
2020-01-02 09:35:00,108.6666,108.6949,108.6454,108.6455,6477
2020-01-02 09:36:00,108.6455,108.6791,108.6008,108.6168,457
2020-01-02 09:37:00,108.6168,108.6563,108.2853,108.3992,3497
2020-01-02 09:38:00,108.3992,108.5026,108.3199,108.468,9380
2020-01-02 09:39:00,108.468,108.4796,108.3289,108.3336,392
2020-01-02 09:40:00,108.3336,108.3724,108.2944,108.3401,5543
2020-01-02 09:41:00,108.3401,108.3988,108.2861,108.3702,9282
2020-01-02 09:42:00,108.3702,108.5473,108.2831,108.5176,2676
2020-01-02 09:43:00,108.5176,108.5804,108.345,108.3756,6378
2020-01-02 09:44:00,108.3756,108.4279,107.974,108.0483,919
2020-01-02 09:45:00,108.0483,108.0948,108.0293,108.0682,4325
2020-01-02 09:46:00,108.0682,108.3238,108.0107,108.2628,3720
2020-01-02 09:47:00,108.2628,108.5296,108.1598,108.3969,8029
2020-01-02 09:48:00,108.3969,108.4957,108.3243,108.4196,6812
2020-01-02 09:49:00,108.4196,108.4711,108.3597,108.3663,4788
2020-01-02 09:50:00,108.3663,108.4772,108.2728,108.4538,2024
2020-01-02 09:51:00,108.4538,108.5175,108.2616,108.3482,5851
2020-01-02 09:52:00,108.3482,108.4066,108.3265,108.3998,5714
2020-01-02 09:53:00,108.3998,108.4589,108.3924,108.4546,4734
2020-01-02 09:54:00,108.4546,108.6405,108.3747,108.5696,4456
2020-01-02 09:55:00,108.5696,108.9081,108.5616,108.8692,3744
2020-01-02 09:56:00,108.8692,108.9262,108.8573,108.9119,3307
2020-01-02 09:57:00,108.9119,109.0392,108.8493,108.8565,2756
2020-01-02 09:58:00,108.8565,108.9509,108.8231,108.8537,9976
2020-01-02 09:59:00,108.8537,108.912,108.6344,108.6612,1350
2020-01-02 10:00:00,108.6612,108.6789,108.574,108.5857,327
2020-01-02 10:01:00,108.5857,108.5912,108.4973,108.5412,3998
2020-01-02 10:02:00,108.5412,108.5465,108.4693,108.4843,2973
2020-01-02 10:03:00,108.4843,108.5448,108.4781,108.5009,9551
2020-01-02 10:04:00,108.5009,108.5915,108.3357,108.4116,5239
2020-01-02 10:05:00,108.4116,108.5468,108.3304,108.5332,6667
2020-01-02 10:06:00,108.5332,108.5687,108.4973,108.5332,6656
2020-01-02 10:07:00,108.5332,108.551,108.4786,108.5322,3560
2020-01-02 10:08:00,108.5322,108.5874,108.4871,108.4966,2614
2020-01-02 10:09:00,108.4966,108.5386,108.4264,108.5134,4384
2020-01-02 10:10:00,108.5134,108.6614,108.4455,108.603,5604
2020-01-02 10:11:00,108.603,108.6633,108.495,108.5088,6162
2020-01-02 10:12:00,108.5088,108.5675,108.365,108.4374,3269
2020-01-02 10:13:00,108.4374,108.4732,108.3946,108.4045,6513
2020-01-02 10:14:00,108.4045,108.4136,108.2204,108.2586,764
2020-01-02 10:15:00,108.2586,108.2715,108.0745,108.1699,5437
2020-01-02 10:16:00,108.1699,108.244,108.0913,108.1183,1283
2020-01-02 10:17:00,108.1183,108.2992,108.0495,108.2129,6839
2020-01-02 10:18:00,108.2129,108.242,108.1926,108.2413,2732
2020-01-02 10:19:00,108.2413,108.2776,108.2158,108.2623,3165
2020-01-02 10:20:00,108.2623,108.3856,108.2295,108.3544,1989
2020-01-02 10:21:00,108.3544,108.4263,108.2927,108.3395,1059
2020-01-02 10:22:00,108.3395,108.4145,108.2931,108.3818,8449
2020-01-02 10:23:00,108.3818,108.3937,108.3226,108.3706,2107
2020-01-02 10:24:00,108.3706,108.4359,108.2996,108.3994,821
2020-01-02 10:25:00,108.3994,108.4081,108.2813,108.3362,7800
2020-01-02 10:26:00,108.3362,108.355,108.0534,108.072,7618
2020-01-02 10:27:00,108.072,108.0902,107.9426,108.0575,1354
2020-01-02 10:28:00,108.0575,108.2381,108.026,108.2112,2445
2020-01-02 10:29:00,108.2112,108.3917,108.2044,108.3114,4640
2020-01-02 10:30:00,108.3114,108.4542,108.2584,108.416,204
2020-01-02 10:31:00,108.416,108.594,108.3858,108.55,1761
2020-01-02 10:32:00,108.55,108.5756,108.4722,108.5596,5518
2020-01-02 10:33:00,108.5596,108.6627,108.4979,108.5811,1191
2020-01-02 10:34:00,108.5811,108.6378,108.4886,108.514,8829
2020-01-02 10:35:00,108.514,108.5387,108.4679,108.4797,5839
2020-01-02 10:36:00,108.4797,108.5471,108.4603,108.5465,7060
2020-01-02 10:37:00,108.5465,108.7011,108.5115,108.6772,9356
2020-01-02 10:38:00,108.6772,108.7683,108.5733,108.662,1671
2020-01-02 10:39:00,108.662,108.7015,108.597,108.6131,3115
2020-01-02 10:40:00,108.6131,108.6815,108.5999,108.6132,7106
2020-01-02 10:41:00,108.6132,108.6836,108.5794,108.6785,3546
2020-01-02 10:42:00,108.6785,108.7223,108.4717,108.5215,1529
2020-01-02 10:43:00,108.5215,108.5247,108.2654,108.2724,341
2020-01-02 10:44:00,108.2724,108.3159,108.1962,108.2127,7186
2020-01-02 10:45:00,108.2127,108.2971,107.9608,108.0806,9654
2020-01-02 10:46:00,108.0806,108.1234,107.9837,108.0257,2167
2020-01-02 10:47:00,108.0257,108.0538,107.9482,108.0098,7931
2020-01-02 10:48:00,108.0098,108.0765,107.9239,107.9608,7438
2020-01-02 10:49:00,107.9608,108.2268,107.9476,108.1176,6987
2020-01-02 10:50:00,108.1176,108.1847,108.1023,108.1529,5235
2020-01-02 10:51:00,108.1529,108.2563,108.1525,108.1854,7550
2020-01-02 10:52:00,108.1854,108.2531,108.1384,108.2528,400
2020-01-02 10:53:00,108.2528,108.2696,108.0455,108.1295,2928
2020-01-02 10:54:00,108.1295,108.2776,108.0593,108.2418,5477
2020-01-02 10:55:00,108.2418,108.2542,108.1461,108.2336,5807
2020-01-02 10:56:00,108.2336,108.379,108.1966,108.3062,2500
2020-01-02 10:57:00,108.3062,108.3388,108.1885,108.1901,3258
2020-01-02 10:58:00,108.1901,108.2285,107.9348,108.022,8094
2020-01-02 10:59:00,108.022,108.1191,107.9852,108.1104,1120
2020-01-02 11:00:00,108.1104,108.2395,108.0633,108.1511,1649
2020-01-02 11:01:00,108.1511,108.2007,108.021,108.0535,8065
2020-01-02 11:02:00,108.0535,108.0616,107.9313,107.9595,7002
2020-01-02 11:03:00,107.9595,108.1411,107.9184,108.081,977
2020-01-02 11:04:00,108.081,108.1061,107.9441,107.9525,7109
2020-01-02 11:05:00,107.9525,108.1929,107.866,108.1298,3180
2020-01-02 11:06:00,108.1298,108.1374,108.0064,108.0324,3634
2020-01-02 11:07:00,108.0324,108.2105,107.9505,108.1014,7891
2020-01-02 11:08:00,108.1014,108.1074,108.0155,108.0659,9612
2020-01-02 11:09:00,108.0659,108.1487,108.0001,108.131,5436
2020-01-02 11:10:00,108.131,108.1576,108.0084,108.0722,3203
2020-01-02 11:11:00,108.0722,108.1135,108.0344,108.0546,2936
2020-01-02 11:12:00,108.0546,108.0837,108.0397,108.059,6413
2020-01-02 11:13:00,108.059,108.0862,107.9221,107.9507,2217
2020-01-02 11:14:00,107.9507,108.0485,107.909,108.0307,9426
2020-01-02 11:15:00,108.0307,108.0696,107.9557,107.9753,2817
2020-01-02 11:16:00,107.9753,107.9844,107.8689,107.9506,8226
2020-01-02 11:17:00,107.9506,107.9766,107.8296,107.8433,6514
2020-01-02 11:18:00,107.8433,107.8842,107.5643,107.5669,7541
2020-01-02 11:19:00,107.5669,107.6111,107.4962,107.5464,8481
2020-01-02 11:20:00,107.5464,107.8568,107.462,107.8058,3479
2020-01-02 11:21:00,107.8058,107.8947,107.7731,107.8904,1669
2020-01-02 11:22:00,107.8904,107.9058,107.851,107.8883,4025
2020-01-02 11:23:00,107.8883,107.9049,107.8337,107.86,1587
2020-01-02 11:24:00,107.86,107.9109,107.8599,107.8624,8859
2020-01-02 11:25:00,107.8624,107.9542,107.8286,107.9214,3923
2020-01-02 11:26:00,107.9214,107.9287,107.7858,107.794,3604
2020-01-02 11:27:00,107.794,107.9565,107.7076,107.9141,2722
2020-01-02 11:28:00,107.9141,108.0546,107.9031,107.9913,5619
2020-01-02 11:29:00,107.9913,108.0972,107.9641,108.0689,6835
2020-01-02 11:30:00,108.0689,108.2222,108.0346,108.1162,1013
2020-01-02 11:31:00,108.1162,108.1353,108.0479,108.1184,5329
2020-01-02 11:32:00,108.1184,108.2475,108.0684,108.1911,8339
2020-01-02 11:33:00,108.1911,108.2751,108.1208,108.2551,9035
2020-01-02 11:34:00,108.2551,108.2759,108.1823,108.2168,5301
2020-01-02 11:35:00,108.2168,108.2403,108.1197,108.1547,5497
2020-01-02 11:36:00,108.1547,108.1681,108.129,108.1658,6795
2020-01-02 11:37:00,108.1658,108.3373,108.1167,108.3333,641
2020-01-02 11:38:00,108.3333,108.3827,108.1908,108.1991,4962
2020-01-02 11:39:00,108.1991,108.2526,107.9755,108.0403,9498
2020-01-02 11:40:00,108.0403,108.1206,107.9918,108.0581,8475
2020-01-02 11:41:00,108.0581,108.1235,108.0187,108.0636,7821
2020-01-02 11:42:00,108.0636,108.1022,107.9612,108.0823,8280
2020-01-02 11:43:00,108.0823,108.1953,108.0214,108.1087,6709
2020-01-02 11:44:00,108.1087,108.1277,108.0786,108.0846,4834
2020-01-02 11:45:00,108.0846,108.2835,108.0232,108.2456,4789
2020-01-02 11:46:00,108.2456,108.3037,107.9936,108.0723,9548
2020-01-02 11:47:00,108.0723,108.1163,107.9449,107.9828,4196
2020-01-02 11:48:00,107.9828,107.9996,107.9581,107.9716,7251
2020-01-02 11:49:00,107.9716,108.0305,107.7497,107.7942,4914
2020-01-02 11:50:00,107.7942,107.9132,107.6665,107.7752,3880
2020-01-02 11:51:00,107.7752,107.9685,107.7017,107.9543,8574
2020-01-02 11:52:00,107.9543,108.0201,107.9301,107.9566,3700
2020-01-02 11:53:00,107.9566,108.0422,107.9081,107.9815,7074
2020-01-02 11:54:00,107.9815,108.0193,107.8267,107.8454,9501
2020-01-02 11:55:00,107.8454,107.8966,107.7714,107.7789,6365
2020-01-02 11:56:00,107.7789,107.7846,107.6302,107.7385,540
2020-01-02 11:57:00,107.7385,107.7766,107.6359,107.7042,3907
2020-01-02 11:58:00,107.7042,107.8778,107.6922,107.8423,573
2020-01-02 11:59:00,107.8423,107.9116,107.8358,107.9024,7389
2020-01-02 12:00:00,107.9024,107.9248,107.7215,107.7825,1957
2020-01-02 12:01:00,107.7825,107.8471,107.7153,107.8091,2879
2020-01-02 12:02:00,107.8091,107.8755,107.7468,107.8628,5136
2020-01-02 12:03:00,107.8628,107.9888,107.8495,107.9858,4442
2020-01-02 12:04:00,107.9858,108.2407,107.9316,108.1564,9838
2020-01-02 12:05:00,108.1564,108.1923,107.9932,108.0466,8848
2020-01-02 12:06:00,108.0466,108.0839,107.8854,107.959,5343
2020-01-02 12:07:00,107.959,107.9637,107.7183,107.8233,7133
2020-01-02 12:08:00,107.8233,107.8274,107.7965,107.798,4442
2020-01-02 12:09:00,107.798,107.8526,107.7409,107.8483,5154
2020-01-02 12:10:00,107.8483,108.0911,107.7819,107.9548,3438
2020-01-02 12:11:00,107.9548,107.9748,107.8776,107.9466,7857
2020-01-02 12:12:00,107.9466,108.0565,107.9045,107.9121,6394
2020-01-02 12:13:00,107.9121,107.9577,107.9117,107.9284,4319
2020-01-02 12:14:00,107.9284,108.0327,107.7717,107.8383,8286
2020-01-02 12:15:00,107.8383,108.0815,107.8191,108.0636,6515
2020-01-02 12:16:00,108.0636,108.171,107.8161,107.8899,1994
2020-01-02 12:17:00,107.8899,107.9569,107.8581,107.9098,5559
2020-01-02 12:18:00,107.9098,108.2104,107.9069,108.1282,3901
2020-01-02 12:19:00,108.1282,108.1497,108.1078,108.1289,2755
2020-01-02 12:20:00,108.1289,108.129,108.0388,108.1084,3618
2020-01-02 12:21:00,108.1084,108.1248,108.0535,108.0698,5781
2020-01-02 12:22:00,108.0698,108.0754,108.0279,108.0503,5176
2020-01-02 12:23:00,108.0503,108.274,108.0331,108.1986,9772
2020-01-02 12:24:00,108.1986,108.2264,107.9503,107.9593,9845
2020-01-02 12:25:00,107.9593,108.2287,107.9165,108.1248,745
2020-01-02 12:26:00,108.1248,108.1469,107.9447,107.9709,9841
2020-01-02 12:27:00,107.9709,107.9939,107.8417,107.9421,1798
2020-01-02 12:28:00,107.9421,108.0191,107.8423,107.8957,8037
2020-01-02 12:29:00,107.8957,108.0083,107.8452,107.9592,3670
2020-01-02 12:30:00,107.9592,107.9837,107.727,107.7867,3526
2020-01-02 12:31:00,107.7867,107.8944,107.7844,107.8365,4885
2020-01-02 12:32:00,107.8365,108.0689,107.8202,108.0548,4674
2020-01-02 12:33:00,108.0548,108.098,107.8789,107.9075,490
2020-01-02 12:34:00,107.9075,107.9662,107.8785,107.928,1381
2020-01-02 12:35:00,107.928,107.9553,107.8355,107.8565,606
2020-01-02 12:36:00,107.8565,107.938,107.7802,107.9025,1822
2020-01-02 12:37:00,107.9025,107.9139,107.9023,107.9045,1057
2020-01-02 12:38:00,107.9045,107.9503,107.7831,107.8353,5958
2020-01-02 12:39:00,107.8353,107.8889,107.7837,107.8879,6537
2020-01-02 12:40:00,107.8879,108.1005,107.8744,108.0826,862
2020-01-02 12:41:00,108.0826,108.1733,108.0491,108.062,5696
2020-01-02 12:42:00,108.062,108.2106,108.0358,108.1397,6049
2020-01-02 12:43:00,108.1397,108.1658,107.9932,107.9999,6362
2020-01-02 12:44:00,107.9999,108.0799,107.8512,107.8966,6721
2020-01-02 12:45:00,107.8966,107.9885,107.8737,107.9476,2989
2020-01-02 12:46:00,107.9476,108.1528,107.908,108.1078,7877
2020-01-02 12:47:00,108.1078,108.178,108.0458,108.1462,1442
2020-01-02 12:48:00,108.1462,108.2164,108.0872,108.1124,5614
2020-01-02 12:49:00,108.1124,108.1711,108.08,108.1123,7315
2020-01-02 12:50:00,108.1123,108.1872,107.9298,107.9771,9928
2020-01-02 12:51:00,107.9771,108.0427,107.9667,108.0424,6718
2020-01-02 12:52:00,108.0424,108.2546,108.0202,108.1377,7853
2020-01-02 12:53:00,108.1377,108.2042,108.0174,108.0888,8841
2020-01-02 12:54:00,108.0888,108.1548,108.0096,108.038,2105
2020-01-02 12:55:00,108.038,108.0902,107.9668,108.0667,6971
2020-01-02 12:56:00,108.0667,108.0868,107.881,108.0195,2283
2020-01-02 12:57:00,108.0195,108.0234,107.9915,108.0124,9050
2020-01-02 12:58:00,108.0124,108.242,108.0096,108.2392,423
2020-01-02 12:59:00,108.2392,108.2461,108.1627,108.2125,7464
2020-01-02 13:00:00,108.2125,108.2427,108.0721,108.1737,8402
2020-01-02 13:01:00,108.1737,108.183,108.0941,108.1036,1923
2020-01-02 13:02:00,108.1036,108.2351,107.9766,108.1841,3721
2020-01-02 13:03:00,108.1841,108.2082,108.0957,108.1645,1238
2020-01-02 13:04:00,108.1645,108.1973,108.0339,108.0942,1820
2020-01-02 13:05:00,108.0942,108.3093,108.081,108.2371,823
2020-01-02 13:06:00,108.2371,108.4643,108.2176,108.3907,6731
2020-01-02 13:07:00,108.3907,108.3957,108.1944,108.3256,2512
2020-01-02 13:08:00,108.3256,108.378,108.0822,108.1234,866
2020-01-02 13:09:00,108.1234,108.2715,108.0921,108.2324,9585
2020-01-02 13:10:00,108.2324,108.2491,108.1203,108.1583,4117
2020-01-02 13:11:00,108.1583,108.2732,108.1408,108.2438,4370
2020-01-02 13:12:00,108.2438,108.2904,108.0113,108.0305,7286
2020-01-02 13:13:00,108.0305,108.1309,107.9918,108.127,2058
2020-01-02 13:14:00,108.127,108.1354,107.9953,107.996,8228
2020-01-02 13:15:00,107.996,108.1047,107.9659,108.0749,9286
2020-01-02 13:16:00,108.0749,108.2008,108.0695,108.0765,6497
2020-01-02 13:17:00,108.0765,108.1177,107.8931,107.9734,1951
2020-01-02 13:18:00,107.9734,108.0276,107.9179,107.9294,7010
2020-01-02 13:19:00,107.9294,108.0247,107.8703,108.0035,3971
2020-01-02 13:20:00,108.0035,108.0736,107.9689,108.0149,3323
2020-01-02 13:21:00,108.0149,108.0836,108.0072,108.0781,9514
2020-01-02 13:22:00,108.0781,108.3268,107.9914,108.2917,8081
2020-01-02 13:23:00,108.2917,108.3415,108.0778,108.1223,9768
2020-01-02 13:24:00,108.1223,108.3817,108.0915,108.2971,4977
2020-01-02 13:25:00,108.2971,108.4679,108.2206,108.3084,9232
2020-01-02 13:26:00,108.3084,108.322,108.1149,108.2111,6461
2020-01-02 13:27:00,108.2111,108.247,108.0021,108.0671,917
2020-01-02 13:28:00,108.0671,108.0916,108.02,108.0467,4016
2020-01-02 13:29:00,108.0467,108.1607,108.0042,108.1463,7587
2020-01-02 13:30:00,108.1463,108.1963,108.1216,108.1325,2170
2020-01-02 13:31:00,108.1325,108.3661,108.0542,108.2959,8928
2020-01-02 13:32:00,108.2959,108.4241,108.0305,108.1387,4906
2020-01-02 13:33:00,108.1387,108.185,108.1126,108.1374,6942
2020-01-02 13:34:00,108.1374,108.2285,107.9948,108.002,3775
2020-01-02 13:35:00,108.002,108.0796,107.9969,108.0413,7961
2020-01-02 13:36:00,108.0413,108.1812,108.0081,108.1371,2620
2020-01-02 13:37:00,108.1371,108.2007,108.0227,108.0916,2625
2020-01-02 13:38:00,108.0916,108.1603,107.7295,107.8101,5117
2020-01-02 13:39:00,107.8101,107.87,107.7487,107.8315,6799
2020-01-02 13:40:00,107.8315,107.9837,107.8053,107.8786,2735
2020-01-02 13:41:00,107.8786,107.9271,107.816,107.9222,5872
2020-01-02 13:42:00,107.9222,108.1157,107.8575,108.0556,6937
2020-01-02 13:43:00,108.0556,108.0854,107.9332,107.9399,5259
2020-01-02 13:44:00,107.9399,108.0947,107.883,108.0133,359
2020-01-02 13:45:00,108.0133,108.15,108.0061,108.1421,3096
2020-01-02 13:46:00,108.1421,108.1748,107.912,107.9498,9047
2020-01-02 13:47:00,107.9498,108.0183,107.9033,107.9843,7908
2020-01-02 13:48:00,107.9843,108.0321,107.8164,107.9298,4201
2020-01-02 13:49:00,107.9298,107.9715,107.9135,107.921,6554
2020-01-02 13:50:00,107.921,108.0677,107.8537,107.9586,8357
2020-01-02 13:51:00,107.9586,107.9677,107.8969,107.906,2878
2020-01-02 13:52:00,107.906,107.9146,107.8054,107.833,1269
2020-01-02 13:53:00,107.833,107.9008,107.8219,107.8367,1766
2020-01-02 13:54:00,107.8367,107.8472,107.7114,107.7195,8951
2020-01-02 13:55:00,107.7195,107.7748,107.5921,107.6025,5099
2020-01-02 13:56:00,107.6025,107.6872,107.5634,107.6756,460
2020-01-02 13:57:00,107.6756,107.6901,107.4851,107.5519,8121
2020-01-02 13:58:00,107.5519,107.6383,107.4526,107.6236,5814
2020-01-02 13:59:00,107.6236,107.7382,107.6114,107.6734,6143
2020-01-02 14:00:00,107.6734,107.7841,107.4426,107.4875,7205
2020-01-02 14:01:00,107.4875,107.5129,107.3891,107.4147,7852
2020-01-02 14:02:00,107.4147,107.5783,107.3624,107.543,7622
2020-01-02 14:03:00,107.543,107.5843,107.394,107.4375,3897
2020-01-02 14:04:00,107.4375,107.445,107.3335,107.3876,3860
2020-01-02 14:05:00,107.3876,107.4698,107.3554,107.4372,8468
2020-01-02 14:06:00,107.4372,107.5346,107.3974,107.5214,4140
2020-01-02 14:07:00,107.5214,107.5976,107.4806,107.4943,6270
2020-01-02 14:08:00,107.4943,107.5122,107.4159,107.4301,8228
2020-01-02 14:09:00,107.4301,107.6158,107.3029,107.5829,9604
2020-01-02 14:10:00,107.5829,107.7948,107.566,107.77,7083
2020-01-02 14:11:00,107.77,107.9458,107.7263,107.8755,4099
2020-01-02 14:12:00,107.8755,107.9454,107.7967,107.8847,8822
2020-01-02 14:13:00,107.8847,107.9711,107.7826,107.7975,1361
2020-01-02 14:14:00,107.7975,107.8502,107.7015,107.7079,5356
2020-01-02 14:15:00,107.7079,107.8327,107.5889,107.7642,5382
2020-01-02 14:16:00,107.7642,107.8279,107.7258,107.8093,2986
2020-01-02 14:17:00,107.8093,107.9948,107.7933,107.9604,5042
2020-01-02 14:18:00,107.9604,108.0727,107.9317,108.0306,7143
2020-01-02 14:19:00,108.0306,108.0654,107.816,107.8683,5247
2020-01-02 14:20:00,107.8683,107.994,107.7842,107.9817,8547
2020-01-02 14:21:00,107.9817,107.9859,107.8374,107.874,8070
2020-01-02 14:22:00,107.874,107.9438,107.7833,107.8325,5971
2020-01-02 14:23:00,107.8325,107.8814,107.781,107.8595,1878
2020-01-02 14:24:00,107.8595,108.1201,107.7751,108.0748,4860
2020-01-02 14:25:00,108.0748,108.4478,108.0578,108.4109,4460
2020-01-02 14:26:00,108.4109,108.5136,108.3746,108.4766,2080
2020-01-02 14:27:00,108.4766,108.5331,108.3805,108.4568,1687
2020-01-02 14:28:00,108.4568,108.5447,108.4343,108.5147,8692
2020-01-02 14:29:00,108.5147,108.7141,108.4656,108.6111,6703
2020-01-02 14:30:00,108.6111,108.6999,108.5263,108.5762,3737
2020-01-02 14:31:00,108.5762,108.7951,108.5484,108.7712,7400
2020-01-02 14:32:00,108.7712,108.8418,108.7085,108.7962,7264
2020-01-02 14:33:00,108.7962,108.9216,108.7568,108.8503,9506
2020-01-02 14:34:00,108.8503,108.9439,108.8296,108.9228,1247
2020-01-02 14:35:00,108.9228,109.0098,108.9189,108.9687,5650
2020-01-02 14:36:00,108.9687,109.1598,108.9139,109.0602,7485
2020-01-02 14:37:00,109.0602,109.0829,108.9552,108.9928,2550
2020-01-02 14:38:00,108.9928,109.0565,108.9292,108.932,7238
2020-01-02 14:39:00,108.932,108.9454,108.798,108.8121,3493
2020-01-02 14:40:00,108.8121,108.8939,108.7157,108.86,6457
2020-01-02 14:41:00,108.86,108.9896,108.7896,108.9448,9165
2020-01-02 14:42:00,108.9448,109.1025,108.9204,108.9946,5764
2020-01-02 14:43:00,108.9946,109.1997,108.9099,109.1771,8665
2020-01-02 14:44:00,109.1771,109.229,109.1658,109.1765,1294
2020-01-02 14:45:00,109.1765,109.2645,109.066,109.2495,6587
2020-01-02 14:46:00,109.2495,109.3149,109.0972,109.1303,3627
2020-01-02 14:47:00,109.1303,109.2629,109.0099,109.088,3581
2020-01-02 14:48:00,109.088,109.1839,109.0545,109.1639,5715
2020-01-02 14:49:00,109.1639,109.2605,109.1547,109.2566,7558
2020-01-02 14:50:00,109.2566,109.3049,109.1768,109.2245,8116
2020-01-02 14:51:00,109.2245,109.2323,109.1961,109.2167,2157
2020-01-02 14:52:00,109.2167,109.2443,108.9764,109.0509,2517
2020-01-02 14:53:00,109.0509,109.0875,109.0116,109.012,225
2020-01-02 14:54:00,109.012,109.2375,108.999,109.109,2932
2020-01-02 14:55:00,109.109,109.2435,109.0542,109.1718,4578
2020-01-02 14:56:00,109.1718,109.2431,109.0659,109.2264,6570
2020-01-02 14:57:00,109.2264,109.2631,109.223,109.2319,8741
2020-01-02 14:58:00,109.2319,109.2594,109.1873,109.2326,4718
2020-01-02 14:59:00,109.2326,109.2584,109.0716,109.1605,1109
2020-01-02 15:00:00,109.1605,109.2577,109.1572,109.2368,3878
2020-01-02 15:01:00,109.2368,109.3007,109.2226,109.2828,1041
2020-01-02 15:02:00,109.2828,109.3764,109.24,109.3366,3703
2020-01-02 15:03:00,109.3366,109.3785,109.2712,109.279,4080
2020-01-02 15:04:00,109.279,109.3293,108.9786,109.0437,4468
2020-01-02 15:05:00,109.0437,109.2098,108.9526,109.1634,8793
2020-01-02 15:06:00,109.1634,109.1747,109.0873,109.1111,1350
2020-01-02 15:07:00,109.1111,109.1135,109.0031,109.017,7109
2020-01-02 15:08:00,109.017,109.1284,109.008,109.0926,2419
2020-01-02 15:09:00,109.0926,109.1665,109.0239,109.0498,6010
2020-01-02 15:10:00,109.0498,109.2007,108.9719,109.1654,6638
2020-01-02 15:11:00,109.1654,109.2508,109.1568,109.2327,3295
2020-01-02 15:12:00,109.2327,109.4369,109.2081,109.3074,3057
2020-01-02 15:13:00,109.3074,109.3182,109.1304,109.1581,6438
2020-01-02 15:14:00,109.1581,109.3409,109.1177,109.2904,8011
2020-01-02 15:15:00,109.2904,109.3499,109.2573,109.3189,9488
2020-01-02 15:16:00,109.3189,109.3461,109.1877,109.2786,3374
2020-01-02 15:17:00,109.2786,109.2968,109.2113,109.2942,9348
2020-01-02 15:18:00,109.2942,109.3246,108.9203,109.1001,3148
2020-01-02 15:19:00,109.1001,109.1528,109.037,109.1447,2006
2020-01-02 15:20:00,109.1447,109.2287,109.0283,109.0323,3039
2020-01-02 15:21:00,109.0323,109.0851,108.8463,108.8848,8832
2020-01-02 15:22:00,108.8848,108.9132,108.6643,108.7191,8809
2020-01-02 15:23:00,108.7191,108.8669,108.6675,108.8401,8715
2020-01-02 15:24:00,108.8401,108.8809,108.7346,108.7716,9149
2020-01-02 15:25:00,108.7716,109.0303,108.7103,108.9384,4277
2020-01-02 15:26:00,108.9384,108.9521,108.8063,108.88,6558
2020-01-02 15:27:00,108.88,108.9118,108.6376,108.6941,1852
2020-01-02 15:28:00,108.6941,108.7344,108.5552,108.5728,7547
2020-01-02 15:29:00,108.5728,108.7434,108.57,108.7069,1766
2020-01-02 15:30:00,108.7069,108.723,108.6598,108.69,1963
2020-01-02 15:31:00,108.69,108.7006,108.6268,108.6304,4561
2020-01-02 15:32:00,108.6304,108.677,108.5594,108.6478,5312
2020-01-02 15:33:00,108.6478,108.7541,108.6209,108.7023,2218
2020-01-02 15:34:00,108.7023,108.8697,108.6477,108.8238,5726
2020-01-02 15:35:00,108.8238,108.9848,108.7886,108.9814,9641
2020-01-02 15:36:00,108.9814,108.9908,108.8787,108.9422,7458
2020-01-02 15:37:00,108.9422,109.0416,108.7603,108.7977,9362
2020-01-02 15:38:00,108.7977,108.8225,108.7331,108.7527,1853
2020-01-02 15:39:00,108.7527,108.8231,108.7161,108.7811,7239
2020-01-02 15:40:00,108.7811,108.7853,108.6666,108.6762,9712
2020-01-02 15:41:00,108.6762,108.8052,108.5711,108.5722,6460
2020-01-02 15:42:00,108.5722,108.6466,108.4698,108.6095,4365
2020-01-02 15:43:00,108.6095,108.6291,108.5045,108.6042,1488
2020-01-02 15:44:00,108.6042,108.6292,108.5478,108.6078,8911
2020-01-02 15:45:00,108.6078,108.6119,108.4667,108.5254,9548
2020-01-02 15:46:00,108.5254,108.5433,108.4044,108.5004,3818
2020-01-02 15:47:00,108.5004,108.5767,108.3611,108.4001,7014
2020-01-02 15:48:00,108.4001,108.5263,108.3629,108.4966,5621
2020-01-02 15:49:00,108.4966,108.6143,108.4645,108.609,1110
2020-01-02 15:50:00,108.609,108.6757,108.3904,108.4084,525
2020-01-02 15:51:00,108.4084,108.5278,108.2144,108.3077,7018
2020-01-02 15:52:00,108.3077,108.38,108.1025,108.1456,7108
2020-01-02 15:53:00,108.1456,108.1875,108.0503,108.0753,8508
2020-01-02 15:54:00,108.0753,108.1129,108.0316,108.0663,6413
2020-01-02 15:55:00,108.0663,108.0749,107.8192,107.9096,8901
2020-01-02 15:56:00,107.9096,108.0059,107.7856,107.8101,285
2020-01-02 15:57:00,107.8101,107.8191,107.6434,107.7019,9016
2020-01-02 15:58:00,107.7019,107.7957,107.6779,107.7242,9115
2020-01-02 15:59:00,107.7242,107.7587,107.6103,107.7317,1284
2020-01-02 16:00:00,107.7317,107.7725,107.5851,107.6539,8475
2020-01-02 16:01:00,107.6539,107.7101,107.6144,107.673,3708
2020-01-02 16:02:00,107.673,107.6838,107.5673,107.6141,3866
2020-01-02 16:03:00,107.6141,107.6509,107.4911,107.5849,9911
2020-01-02 16:04:00,107.5849,107.8874,107.5035,107.7649,4426
2020-01-02 16:05:00,107.7649,107.915,107.7233,107.9094,7735
2020-01-02 16:06:00,107.9094,107.9558,107.7417,107.7691,2535
2020-01-02 16:07:00,107.7691,107.9035,107.7313,107.8586,834
2020-01-02 16:08:00,107.8586,107.9912,107.8075,107.9461,257
2020-01-02 16:09:00,107.9461,108.0468,107.8124,107.8221,9633
2020-01-02 16:10:00,107.8221,107.9962,107.7961,107.9104,5404
2020-01-02 16:11:00,107.9104,108.1153,107.9063,108.0764,3592
2020-01-02 16:12:00,108.0764,108.0894,107.9499,107.955,3354
2020-01-02 16:13:00,107.955,107.9876,107.8049,107.856,7864
2020-01-02 16:14:00,107.856,108.0474,107.7583,107.9658,1175
2020-01-02 16:15:00,107.9658,108.0034,107.8868,107.9951,5222
2020-01-02 16:16:00,107.9951,108.0838,107.9728,108.0546,8290
2020-01-02 16:17:00,108.0546,108.1008,108.0343,108.0914,7941
2020-01-02 16:18:00,108.0914,108.2031,108.029,108.1337,6851
2020-01-02 16:19:00,108.1337,108.1429,107.9153,107.9902,5235
2020-01-02 16:20:00,107.9902,108.1549,107.9828,108.1033,6473
2020-01-02 16:21:00,108.1033,108.3131,108.0746,108.2298,5099
2020-01-02 16:22:00,108.2298,108.2958,108.1094,108.2049,3064
2020-01-02 16:23:00,108.2049,108.2517,108.1967,108.2002,9180
2020-01-02 16:24:00,108.2002,108.2176,107.977,108.0346,8122
2020-01-02 16:25:00,108.0346,108.1229,108.0138,108.0901,5225
2020-01-02 16:26:00,108.0901,108.1907,108.0196,108.1519,1233
2020-01-02 16:27:00,108.1519,108.1565,108.1251,108.1452,4338
2020-01-02 16:28:00,108.1452,108.2798,108.0877,108.2668,6126
2020-01-02 16:29:00,108.2668,108.2816,108.2241,108.2306,5886
2020-01-02 16:30:00,108.2306,108.3648,108.1429,108.2918,6672
2020-01-02 16:31:00,108.2918,108.375,108.1261,108.1813,8457
2020-01-02 16:32:00,108.1813,108.2684,108.0827,108.1788,6193
2020-01-02 16:33:00,108.1788,108.1965,108.0763,108.1599,8412
2020-01-02 16:34:00,108.1599,108.2263,108.1503,108.1843,3097
2020-01-02 16:35:00,108.1843,108.1977,108.1307,108.1443,6411
2020-01-02 16:36:00,108.1443,108.161,108.1073,108.1301,3255
2020-01-02 16:37:00,108.1301,108.2309,108.1265,108.2194,520
2020-01-02 16:38:00,108.2194,108.2319,108.077,108.1722,2935
2020-01-02 16:39:00,108.1722,108.2085,107.9948,107.9984,4463
2020-01-02 16:40:00,107.9984,108.2033,107.9425,108.1873,2185
2020-01-02 16:41:00,108.1873,108.3718,108.1447,108.3368,7169
2020-01-02 16:42:00,108.3368,108.3709,108.1268,108.1968,7570
2020-01-02 16:43:00,108.1968,108.3493,108.1876,108.2714,2485
2020-01-02 16:44:00,108.2714,108.3176,108.102,108.2169,2477
2020-01-02 16:45:00,108.2169,108.3516,108.1896,108.2455,2957
2020-01-02 16:46:00,108.2455,108.3202,108.2089,108.2773,1555
2020-01-02 16:47:00,108.2773,108.3419,108.2427,108.2519,9280
2020-01-02 16:48:00,108.2519,108.2692,108.1417,108.1671,1990
2020-01-02 16:49:00,108.1671,108.173,108.0495,108.0924,8941
2020-01-02 16:50:00,108.0924,108.103,107.9673,107.9933,2528
2020-01-02 16:51:00,107.9933,108.0694,107.8263,107.9035,6309
2020-01-02 16:52:00,107.9035,107.9331,107.8889,107.8963,2417
2020-01-02 16:53:00,107.8963,107.9249,107.7474,107.819,8338
2020-01-02 16:54:00,107.819,107.9155,107.7375,107.8926,8148
2020-01-02 16:55:00,107.8926,108.0802,107.7735,108.053,7447
2020-01-02 16:56:00,108.053,108.1003,107.9783,107.9904,2215
2020-01-02 16:57:00,107.9904,108.0329,107.9669,108.0162,7382
2020-01-02 16:58:00,108.0162,108.1671,107.9746,108.0702,7293
2020-01-02 16:59:00,108.0702,108.1238,108.0528,108.1212,172
2020-01-02 17:00:00,108.1212,108.2125,108.0423,108.1294,3557
2020-01-02 17:01:00,108.1294,108.3279,108.0942,108.2097,2122
2020-01-02 17:02:00,108.2097,108.3142,108.1849,108.2619,4185
2020-01-02 17:03:00,108.2619,108.2707,108.0519,108.1279,7688
2020-01-02 17:04:00,108.1279,108.2359,108.0185,108.2219,9318
2020-01-02 17:05:00,108.2219,108.3336,108.2074,108.3179,1643
2020-01-02 17:06:00,108.3179,108.3336,108.2129,108.2352,4596
2020-01-02 17:07:00,108.2352,108.2622,108.2191,108.2393,5883
2020-01-02 17:08:00,108.2393,108.396,108.2117,108.3133,4849
2020-01-02 17:09:00,108.3133,108.3549,108.2658,108.2906,5145
2020-01-02 17:10:00,108.2906,108.487,108.1581,108.4068,947
2020-01-02 17:11:00,108.4068,108.72,108.4015,108.6631,9787
2020-01-02 17:12:00,108.6631,108.6803,108.5701,108.5777,1034
2020-01-02 17:13:00,108.5777,108.5861,108.4012,108.4277,1495
2020-01-02 17:14:00,108.4277,108.4797,108.3994,108.4607,6674
2020-01-02 17:15:00,108.4607,108.6136,108.4189,108.5389,638
2020-01-02 17:16:00,108.5389,108.5509,108.5135,108.5139,8362
2020-01-02 17:17:00,108.5139,108.6936,108.4264,108.6716,8547
2020-01-02 17:18:00,108.6716,108.7006,108.5183,108.5261,1001
2020-01-02 17:19:00,108.5261,108.6979,108.4251,108.6013,8961
2020-01-02 17:20:00,108.6013,108.6142,108.4747,108.5355,1983
2020-01-02 17:21:00,108.5355,108.7294,108.4984,108.7221,8431
2020-01-02 17:22:00,108.7221,108.9889,108.6718,108.9388,2802
2020-01-02 17:23:00,108.9388,108.9963,108.8193,108.8552,9738
2020-01-02 17:24:00,108.8552,108.9131,108.7893,108.7954,4259
2020-01-02 17:25:00,108.7954,108.8963,108.7405,108.8889,9586
2020-01-02 17:26:00,108.8889,108.9049,108.7367,108.8468,9159
2020-01-02 17:27:00,108.8468,108.9204,108.8246,108.8418,1516
2020-01-02 17:28:00,108.8418,108.8452,108.7986,108.8446,5063
2020-01-02 17:29:00,108.8446,108.8955,108.5762,108.6357,4973
2020-01-02 17:30:00,108.6357,108.6737,108.6334,108.6342,5221
2020-01-02 17:31:00,108.6342,108.6409,108.5212,108.5592,2682
2020-01-02 17:32:00,108.5592,108.6184,108.4082,108.5057,458
2020-01-02 17:33:00,108.5057,108.7403,108.4744,108.6623,1600
2020-01-02 17:34:00,108.6623,108.6681,108.3275,108.5258,8219
2020-01-02 17:35:00,108.5258,108.6435,108.4994,108.6141,2038
2020-01-02 17:36:00,108.6141,108.664,108.5086,108.5838,914
2020-01-02 17:37:00,108.5838,108.6242,108.51,108.5534,8887
2020-01-02 17:38:00,108.5534,108.6492,108.5455,108.6392,5166
2020-01-02 17:39:00,108.6392,108.739,108.6199,108.6761,8518
2020-01-02 17:40:00,108.6761,108.7659,108.6619,108.7381,3935
2020-01-02 17:41:00,108.7381,108.8988,108.6795,108.8434,5012
2020-01-02 17:42:00,108.8434,108.8847,108.7727,108.8073,6186
2020-01-02 17:43:00,108.8073,108.8606,108.7095,108.7407,6394
2020-01-02 17:44:00,108.7407,108.7483,108.6118,108.6227,2164
2020-01-02 17:45:00,108.6227,108.6863,108.4632,108.5331,2451
2020-01-02 17:46:00,108.5331,108.8534,108.5159,108.8531,9829
2020-01-02 17:47:00,108.8531,109.0128,108.8373,108.9886,7464
2020-01-02 17:48:00,108.9886,109.0718,108.7377,108.8414,1464
2020-01-02 17:49:00,108.8414,108.8714,108.64,108.6974,1184
2020-01-02 17:50:00,108.6974,108.7923,108.6933,108.7498,366
2020-01-02 17:51:00,108.7498,108.8157,108.5903,108.8093,8251
2020-01-02 17:52:00,108.8093,108.8883,108.7873,108.8691,9562
2020-01-02 17:53:00,108.8691,108.9147,108.8365,108.8413,8326
2020-01-02 17:54:00,108.8413,108.8499,108.7979,108.8276,4981
2020-01-02 17:55:00,108.8276,108.8665,108.7677,108.8633,167
2020-01-02 17:56:00,108.8633,108.8991,108.8438,108.8727,288
2020-01-02 17:57:00,108.8727,108.9874,108.6292,108.6311,4236
2020-01-02 17:58:00,108.6311,108.6793,108.5896,108.6061,782
2020-01-02 17:59:00,108.6061,108.6109,108.45,108.5136,3238
2020-01-02 18:00:00,108.5136,108.5328,108.4646,108.5326,9623
2020-01-02 18:01:00,108.5326,108.8852,108.5177,108.8566,3290
2020-01-02 18:02:00,108.8566,108.9484,108.7775,108.8966,952
2020-01-02 18:03:00,108.8966,108.9267,108.824,108.8625,7453
2020-01-02 18:04:00,108.8625,109.0049,108.8463,108.9628,7337
2020-01-02 18:05:00,108.9628,109.0511,108.8351,109.0154,9048
2020-01-02 18:06:00,109.0154,109.1197,108.9896,109.0612,1794
2020-01-02 18:07:00,109.0612,109.2002,109.0336,109.1274,9599
2020-01-02 18:08:00,109.1274,109.393,109.0836,109.3518,2695
2020-01-02 18:09:00,109.3518,109.353,109.1972,109.2282,5567
2020-01-02 18:10:00,109.2282,109.2799,109.1427,109.2799,1318
2020-01-02 18:11:00,109.2799,109.3104,109.1038,109.1787,5999
2020-01-02 18:12:00,109.1787,109.2541,109.1185,109.2393,8775
2020-01-02 18:13:00,109.2393,109.2988,109.0052,109.139,4783
2020-01-02 18:14:00,109.139,109.1773,109.0667,109.0934,7547
2020-01-02 18:15:00,109.0934,109.1771,108.9449,109.0612,8100
2020-01-02 18:16:00,109.0612,109.206,108.9866,109.1677,7859
2020-01-02 18:17:00,109.1677,109.2856,109.1117,109.2679,9413
2020-01-02 18:18:00,109.2679,109.3291,109.1045,109.1318,381
2020-01-02 18:19:00,109.1318,109.1778,109.0861,109.1378,8921
2020-01-02 18:20:00,109.1378,109.1847,109.0076,109.0604,2566
2020-01-02 18:21:00,109.0604,109.0999,108.896,108.9231,4275
2020-01-02 18:22:00,108.9231,108.9407,108.8282,108.8995,5021
2020-01-02 18:23:00,108.8995,108.914,108.8631,108.8659,6656
2020-01-02 18:24:00,108.8659,109.1656,108.8537,109.1301,2481
2020-01-02 18:25:00,109.1301,109.2187,109.1043,109.1773,3036
2020-01-02 18:26:00,109.1773,109.1898,109.0118,109.0269,9643
2020-01-02 18:27:00,109.0269,109.036,108.9474,108.9653,7006
2020-01-02 18:28:00,108.9653,109.0939,108.9157,109.0766,7413
2020-01-02 18:29:00,109.0766,109.3677,109.0551,109.3044,9128
2020-01-02 18:30:00,109.3044,109.3322,109.1165,109.1311,6239
2020-01-02 18:31:00,109.1311,109.2179,108.8878,108.9259,3549
2020-01-02 18:32:00,108.9259,109.1583,108.883,109.1297,7674
2020-01-02 18:33:00,109.1297,109.2053,109.0873,109.1722,3101
2020-01-02 18:34:00,109.1722,109.196,109.0525,109.0774,6099
2020-01-02 18:35:00,109.0774,109.2173,109.0735,109.1357,5174
2020-01-02 18:36:00,109.1357,109.1362,108.7733,108.8481,8724
2020-01-02 18:37:00,108.8481,108.8489,108.8376,108.8485,5648
2020-01-02 18:38:00,108.8485,108.9452,108.8197,108.8841,4447
2020-01-02 18:39:00,108.8841,109.0639,108.8679,108.9848,6219
2020-01-02 18:40:00,108.9848,108.9896,108.87,108.8743,7150
2020-01-02 18:41:00,108.8743,108.8963,108.8716,108.8836,6042
2020-01-02 18:42:00,108.8836,108.9063,108.7669,108.7828,8512
2020-01-02 18:43:00,108.7828,108.8152,108.7668,108.8106,4755
2020-01-02 18:44:00,108.8106,108.8706,108.6404,108.7132,5277
2020-01-02 18:45:00,108.7132,108.7368,108.6486,108.6688,3908
2020-01-02 18:46:00,108.6688,108.6978,108.468,108.5606,7916
2020-01-02 18:47:00,108.5606,108.6503,108.4117,108.6313,7974
2020-01-02 18:48:00,108.6313,108.8155,108.6135,108.7246,5937
2020-01-02 18:49:00,108.7246,108.7503,108.6277,108.6991,879
2020-01-02 18:50:00,108.6991,108.7614,108.6227,108.7032,2362
2020-01-02 18:51:00,108.7032,108.7177,108.4945,108.5458,7985
2020-01-02 18:52:00,108.5458,108.5631,108.5025,108.5132,4831
2020-01-02 18:53:00,108.5132,108.6032,108.4922,108.5078,1139
2020-01-02 18:54:00,108.5078,108.8334,108.4386,108.7922,8055
2020-01-02 18:55:00,108.7922,108.8526,108.563,108.6712,7666
2020-01-02 18:56:00,108.6712,108.9151,108.6249,108.8303,2380
2020-01-02 18:57:00,108.8303,108.9414,108.8165,108.9388,1488
2020-01-02 18:58:00,108.9388,109.0373,108.9334,108.9694,7181
2020-01-02 18:59:00,108.9694,109.2233,108.9635,109.161,7262
2020-01-02 19:00:00,109.161,109.2206,109.1251,109.2016,8219
2020-01-02 19:01:00,109.2016,109.2655,109.1255,109.2441,3608
2020-01-02 19:02:00,109.2441,109.2494,109.1864,109.2383,2218
2020-01-02 19:03:00,109.2383,109.4602,109.2207,109.372,1682
2020-01-02 19:04:00,109.372,109.5302,109.3501,109.4919,7992
2020-01-02 19:05:00,109.4919,109.4952,109.3651,109.4234,3545
2020-01-02 19:06:00,109.4234,109.5011,109.2536,109.279,8749
2020-01-02 19:07:00,109.279,109.2938,109.1711,109.2568,2918
2020-01-02 19:08:00,109.2568,109.3446,109.1634,109.1694,776
2020-01-02 19:09:00,109.1694,109.197,109.0954,109.1625,9705
2020-01-02 19:10:00,109.1625,109.3611,109.1563,109.2976,6463
2020-01-02 19:11:00,109.2976,109.3745,109.2437,109.2476,9197
2020-01-02 19:12:00,109.2476,109.2925,109.176,109.2429,5487
2020-01-02 19:13:00,109.2429,109.4115,109.1231,109.2493,5849
2020-01-02 19:14:00,109.2493,109.4222,109.164,109.3419,6436
2020-01-02 19:15:00,109.3419,109.3855,109.0484,109.0963,211
2020-01-02 19:16:00,109.0963,109.0974,108.998,109.0301,3479
2020-01-02 19:17:00,109.0301,109.0942,109.0024,109.0531,3973
2020-01-02 19:18:00,109.0531,109.2268,109.037,109.184,7607
2020-01-02 19:19:00,109.184,109.2081,109.0805,109.1303,3251
2020-01-02 19:20:00,109.1303,109.1986,108.905,108.9255,7745
2020-01-02 19:21:00,108.9255,108.9997,108.9015,108.993,5706
2020-01-02 19:22:00,108.993,109.013,108.817,108.9237,2044
2020-01-02 19:23:00,108.9237,108.9426,108.7921,108.7942,2600
2020-01-02 19:24:00,108.7942,108.8409,108.7037,108.7262,8704
2020-01-02 19:25:00,108.7262,108.7461,108.7016,108.7062,2751
2020-01-02 19:26:00,108.7062,108.722,108.621,108.6404,8477
2020-01-02 19:27:00,108.6404,108.6836,108.3281,108.4008,9868
2020-01-02 19:28:00,108.4008,108.6093,108.3588,108.4981,3258
2020-01-02 19:29:00,108.4981,108.6532,108.4419,108.6364,7491
2020-01-02 19:30:00,108.6364,108.719,108.6364,108.7072,4177
2020-01-02 19:31:00,108.7072,108.7979,108.565,108.5835,150
2020-01-02 19:32:00,108.5835,108.6665,108.5319,108.5616,1269
2020-01-02 19:33:00,108.5616,108.6461,108.5598,108.5609,7712
2020-01-02 19:34:00,108.5609,108.63,108.4359,108.6259,5503
2020-01-02 19:35:00,108.6259,108.7251,108.58,108.6985,8327
2020-01-02 19:36:00,108.6985,108.7896,108.5205,108.6187,8568
2020-01-02 19:37:00,108.6187,108.6581,108.5609,108.6276,5915
2020-01-02 19:38:00,108.6276,108.699,108.5765,108.6773,7253
2020-01-02 19:39:00,108.6773,108.8487,108.6533,108.8355,6425
2020-01-02 19:40:00,108.8355,108.9385,108.7553,108.9122,6714
2020-01-02 19:41:00,108.9122,108.9997,108.9121,108.9981,6031
2020-01-02 19:42:00,108.9981,109.0462,108.9311,109.0072,988
2020-01-02 19:43:00,109.0072,109.1634,108.9959,109.161,503
2020-01-02 19:44:00,109.161,109.3333,109.1048,109.2057,8076
2020-01-02 19:45:00,109.2057,109.2292,109.0752,109.1117,4085
2020-01-02 19:46:00,109.1117,109.2715,109.0951,109.2648,9464
2020-01-02 19:47:00,109.2648,109.3595,109.214,109.3411,6649
2020-01-02 19:48:00,109.3411,109.3531,109.2501,109.2926,6246
2020-01-02 19:49:00,109.2926,109.371,109.2362,109.2402,5228
2020-01-02 19:50:00,109.2402,109.378,109.2285,109.2726,2687
2020-01-02 19:51:00,109.2726,109.3289,109.1948,109.3232,389
2020-01-02 19:52:00,109.3232,109.3528,109.3016,109.3448,2328
2020-01-02 19:53:00,109.3448,109.4316,109.3239,109.3788,9875
2020-01-02 19:54:00,109.3788,109.5661,109.3395,109.5648,9961
2020-01-02 19:55:00,109.5648,109.7582,109.522,109.6822,5511
2020-01-02 19:56:00,109.6822,109.7599,109.6523,109.7031,747
2020-01-02 19:57:00,109.7031,109.8533,109.6694,109.8064,3254
2020-01-02 19:58:00,109.8064,109.8364,109.6471,109.693,365
2020-01-02 19:59:00,109.693,109.7563,109.6204,109.7366,3588
2020-01-02 20:00:00,109.7366,110.0149,109.6928,109.9352,2878
2020-01-02 20:01:00,109.9352,109.9462,109.8918,109.9112,5056
2020-01-02 20:02:00,109.9112,109.9242,109.8077,109.818,8310
2020-01-02 20:03:00,109.818,109.8756,109.6906,109.7464,4566
2020-01-02 20:04:00,109.7464,109.7634,109.5775,109.6268,7652
2020-01-02 20:05:00,109.6268,109.7152,109.5072,109.5408,3927
2020-01-02 20:06:00,109.5408,109.6064,109.4072,109.5002,742
2020-01-02 20:07:00,109.5002,109.5252,109.1888,109.3463,9837
2020-01-02 20:08:00,109.3463,109.4462,109.2985,109.348,916
2020-01-02 20:09:00,109.348,109.5225,109.2728,109.4467,2291
2020-01-02 20:10:00,109.4467,109.5211,109.2786,109.3473,6026
2020-01-02 20:11:00,109.3473,109.5883,109.3081,109.5135,2768
2020-01-02 20:12:00,109.5135,109.6521,109.493,109.5694,9155
2020-01-02 20:13:00,109.5694,109.7033,109.5439,109.6823,7659
2020-01-02 20:14:00,109.6823,109.6911,109.5371,109.6102,3472
2020-01-02 20:15:00,109.6102,109.7924,109.5582,109.7038,7108
2020-01-02 20:16:00,109.7038,109.7776,109.5303,109.5841,8820
2020-01-02 20:17:00,109.5841,109.7173,109.5564,109.6816,4162
2020-01-02 20:18:00,109.6816,109.7264,109.6666,109.7005,6992
2020-01-02 20:19:00,109.7005,109.795,109.6272,109.7611,6170
2020-01-02 20:20:00,109.7611,109.7831,109.6266,109.6321,7602
2020-01-02 20:21:00,109.6321,109.6351,109.4078,109.534,9824
2020-01-02 20:22:00,109.534,109.6488,109.4878,109.5994,8847
2020-01-02 20:23:00,109.5994,109.6177,109.4813,109.4955,3992
2020-01-02 20:24:00,109.4955,109.5663,109.4218,109.5462,2900
2020-01-02 20:25:00,109.5462,109.581,109.308,109.3964,1030
2020-01-02 20:26:00,109.3964,109.4967,109.2982,109.4892,5349
2020-01-02 20:27:00,109.4892,109.5069,109.3253,109.3543,4293
2020-01-02 20:28:00,109.3543,109.4421,109.3239,109.4147,9084
2020-01-02 20:29:00,109.4147,109.5719,109.3468,109.4831,4135
2020-01-02 20:30:00,109.4831,109.4893,109.4048,109.4068,4483
2020-01-02 20:31:00,109.4068,109.4777,109.3173,109.4705,6412
2020-01-02 20:32:00,109.4705,109.516,109.3147,109.499,3250
2020-01-02 20:33:00,109.499,109.5084,109.3816,109.44,4458
2020-01-02 20:34:00,109.44,109.5268,109.2959,109.3296,9003
2020-01-02 20:35:00,109.3296,109.3491,109.0799,109.1151,6966
2020-01-02 20:36:00,109.1151,109.1886,109.1114,109.1532,2677
2020-01-02 20:37:00,109.1532,109.1801,108.9773,108.9824,4980
2020-01-02 20:38:00,108.9824,109.0494,108.9271,108.9928,4405
2020-01-02 20:39:00,108.9928,109.0038,108.9352,108.9641,4150
2020-01-02 20:40:00,108.9641,109.0642,108.9134,109.0381,3248
2020-01-02 20:41:00,109.0381,109.0466,108.9384,109.0052,6254
2020-01-02 20:42:00,109.0052,109.0426,108.9369,108.9692,8160
2020-01-02 20:43:00,108.9692,109.135,108.9652,109.049,5226
2020-01-02 20:44:00,109.049,109.1343,109.0178,109.0855,2046
2020-01-02 20:45:00,109.0855,109.2066,109.0679,109.12,1672
2020-01-02 20:46:00,109.12,109.3055,109.0821,109.1712,299
2020-01-02 20:47:00,109.1712,109.1789,108.9763,109.0036,2477
2020-01-02 20:48:00,109.0036,109.15,108.9309,109.0861,4168
2020-01-02 20:49:00,109.0861,109.158,109.0553,109.1529,8381
2020-01-02 20:50:00,109.1529,109.175,109.0274,109.0419,690
2020-01-02 20:51:00,109.0419,109.049,108.9974,109.0153,6298
2020-01-02 20:52:00,109.0153,109.0345,108.9769,109.011,6131
2020-01-02 20:53:00,109.011,109.0127,108.9715,108.9964,5440
2020-01-02 20:54:00,108.9964,109.07,108.9948,109.0327,8383
2020-01-02 20:55:00,109.0327,109.2493,108.9024,109.1888,8231
2020-01-02 20:56:00,109.1888,109.3847,109.1187,109.3069,689
2020-01-02 20:57:00,109.3069,109.3142,109.1315,109.1635,3738
2020-01-02 20:58:00,109.1635,109.3071,109.1107,109.2314,3414
2020-01-02 20:59:00,109.2314,109.4052,109.2236,109.3766,885
2020-01-02 21:00:00,109.3766,109.4289,109.3351,109.4189,8175
2020-01-02 21:01:00,109.4189,109.5659,109.4096,109.5382,4145
2020-01-02 21:02:00,109.5382,109.814,109.463,109.7587,3884
2020-01-02 21:03:00,109.7587,109.9133,109.7034,109.871,1277
2020-01-02 21:04:00,109.871,109.9265,109.7973,109.8984,1377
2020-01-02 21:05:00,109.8984,110.0649,109.8341,110.0133,3065
2020-01-02 21:06:00,110.0133,110.0634,109.9467,110.0292,8593
2020-01-02 21:07:00,110.0292,110.1052,109.9945,110.0318,2444
2020-01-02 21:08:00,110.0318,110.2125,109.9908,109.9932,7758
2020-01-02 21:09:00,109.9932,110.2083,109.9598,110.1651,5263
2020-01-02 21:10:00,110.1651,110.1798,109.971,110.075,3315
2020-01-02 21:11:00,110.075,110.2916,110.0193,110.2436,8287
2020-01-02 21:12:00,110.2436,110.3056,110.2046,110.2988,161
2020-01-02 21:13:00,110.2988,110.3466,110.0996,110.1444,957
2020-01-02 21:14:00,110.1444,110.1937,110.1328,110.1849,8829
2020-01-02 21:15:00,110.1849,110.1899,109.9086,109.9535,1440
2020-01-02 21:16:00,109.9535,110.0285,109.9015,110.0223,5654
2020-01-02 21:17:00,110.0223,110.1994,110.0138,110.1197,9109
2020-01-02 21:18:00,110.1197,110.2264,110.0147,110.0545,5115
2020-01-02 21:19:00,110.0545,110.1199,110.0302,110.0681,1074
2020-01-02 21:20:00,110.0681,110.3581,110.0413,110.2831,4737
2020-01-02 21:21:00,110.2831,110.2949,110.1902,110.2274,3752
2020-01-02 21:22:00,110.2274,110.2804,110.063,110.1107,3403
2020-01-02 21:23:00,110.1107,110.2766,110.0357,110.2738,1811
2020-01-02 21:24:00,110.2738,110.5282,110.2457,110.4902,889
2020-01-02 21:25:00,110.4902,110.5456,110.3853,110.4906,680
2020-01-02 21:26:00,110.4906,110.6474,110.4494,110.6024,8643
2020-01-02 21:27:00,110.6024,110.7677,110.5906,110.7508,2402
2020-01-02 21:28:00,110.7508,110.7535,110.6447,110.6685,1173
2020-01-02 21:29:00,110.6685,110.6911,110.5332,110.6148,5473
2020-01-02 21:30:00,110.6148,110.8483,110.5373,110.751,7661
2020-01-02 21:31:00,110.751,110.9692,110.6848,110.9376,1982
2020-01-02 21:32:00,110.9376,111.0809,110.8946,111.0,4445
2020-01-02 21:33:00,111.0,111.1133,110.8958,110.9024,1360
2020-01-02 21:34:00,110.9024,111.1452,110.8919,111.1227,7147
2020-01-02 21:35:00,111.1227,111.133,111.0487,111.0637,331
2020-01-02 21:36:00,111.0637,111.1065,110.9911,111.0265,9248
2020-01-02 21:37:00,111.0265,111.0995,110.9546,111.0645,4829
2020-01-02 21:38:00,111.0645,111.3636,111.0638,111.2371,9386
2020-01-02 21:39:00,111.2371,111.3845,111.1665,111.3321,3636
2020-01-02 21:40:00,111.3321,111.4646,111.3108,111.3783,3592
2020-01-02 21:41:00,111.3783,111.5137,111.3712,111.4299,5219
2020-01-02 21:42:00,111.4299,111.5013,111.3799,111.4348,1402
2020-01-02 21:43:00,111.4348,111.5126,111.4011,111.497,4414
2020-01-02 21:44:00,111.497,111.5141,111.185,111.2149,8988
2020-01-02 21:45:00,111.2149,111.2158,111.1806,111.1819,406
2020-01-02 21:46:00,111.1819,111.3185,111.1334,111.2088,8605
2020-01-02 21:47:00,111.2088,111.253,111.0047,111.0808,3574
2020-01-02 21:48:00,111.0808,111.1318,111.0527,111.1237,5948
2020-01-02 21:49:00,111.1237,111.1475,111.0752,111.101,7755
2020-01-02 21:50:00,111.101,111.3757,111.0829,111.296,1502
2020-01-02 21:51:00,111.296,111.5932,111.1846,111.4711,4476
2020-01-02 21:52:00,111.4711,111.5369,111.4082,111.4191,8326
2020-01-02 21:53:00,111.4191,111.4314,111.3603,111.4023,2217
2020-01-02 21:54:00,111.4023,111.4993,111.3541,111.3941,8651
2020-01-02 21:55:00,111.3941,111.4163,111.2781,111.3438,5909
2020-01-02 21:56:00,111.3438,111.389,111.241,111.3655,6130
2020-01-02 21:57:00,111.3655,111.4114,111.2354,111.2811,507
2020-01-02 21:58:00,111.2811,111.3137,111.095,111.1552,5780
2020-01-02 21:59:00,111.1552,111.2394,111.0627,111.2245,4775
2020-01-02 22:00:00,111.2245,111.359,111.1674,111.2945,5603
2020-01-02 22:01:00,111.2945,111.3703,111.1483,111.205,6324
2020-01-02 22:02:00,111.205,111.3372,111.162,111.3045,7705
2020-01-02 22:03:00,111.3045,111.3088,111.1244,111.2342,2192
2020-01-02 22:04:00,111.2342,111.2726,111.1419,111.2624,7626
2020-01-02 22:05:00,111.2624,111.3881,111.1925,111.3537,236
2020-01-02 22:06:00,111.3537,111.3545,111.3243,111.3499,9270
2020-01-02 22:07:00,111.3499,111.4111,111.3365,111.4006,1584
2020-01-02 22:08:00,111.4006,111.4141,111.2933,111.343,3476
2020-01-02 22:09:00,111.343,111.3494,111.2567,111.3211,6472
2020-01-02 22:10:00,111.3211,111.3934,111.2142,111.2982,6426
2020-01-02 22:11:00,111.2982,111.3342,111.2005,111.2151,566
2020-01-02 22:12:00,111.2151,111.2541,111.1629,111.1955,5033
2020-01-02 22:13:00,111.1955,111.2357,111.0157,111.0233,1074
2020-01-02 22:14:00,111.0233,111.0318,110.9527,110.9688,5287
2020-01-02 22:15:00,110.9688,110.9864,110.8854,110.9371,7112
2020-01-02 22:16:00,110.9371,110.9973,110.8535,110.9087,7572
2020-01-02 22:17:00,110.9087,110.9791,110.8673,110.8819,2751
2020-01-02 22:18:00,110.8819,111.0362,110.8365,110.8751,1899
2020-01-02 22:19:00,110.8751,110.9331,110.7894,110.9282,1115
2020-01-02 22:20:00,110.9282,111.0886,110.8202,111.0253,6338
2020-01-02 22:21:00,111.0253,111.101,110.9492,110.9531,8976
2020-01-02 22:22:00,110.9531,110.9753,110.7565,110.8196,9748
2020-01-02 22:23:00,110.8196,110.8573,110.5563,110.7041,8660
2020-01-02 22:24:00,110.7041,110.7245,110.5643,110.6502,6522
2020-01-02 22:25:00,110.6502,110.7025,110.5711,110.6113,6147
2020-01-02 22:26:00,110.6113,110.6222,110.5128,110.5261,6649
2020-01-02 22:27:00,110.5261,110.6385,110.3585,110.3828,6689
2020-01-02 22:28:00,110.3828,110.4367,110.324,110.3325,6316
2020-01-02 22:29:00,110.3325,110.4063,110.3216,110.3525,1444
2020-01-02 22:30:00,110.3525,110.443,110.2649,110.4182,4217
2020-01-02 22:31:00,110.4182,110.5147,110.3354,110.3566,8470
2020-01-02 22:32:00,110.3566,110.4495,110.2511,110.311,9424
2020-01-02 22:33:00,110.311,110.3299,110.1089,110.2088,7639
2020-01-02 22:34:00,110.2088,110.3468,110.1763,110.2053,7964
2020-01-02 22:35:00,110.2053,110.2067,110.006,110.1118,1579
2020-01-02 22:36:00,110.1118,110.228,110.0643,110.175,5448
2020-01-02 22:37:00,110.175,110.2099,109.9054,109.9782,3166
2020-01-02 22:38:00,109.9782,110.1023,109.9032,109.9386,7191
2020-01-02 22:39:00,109.9386,110.0601,109.8846,109.9718,4726
2020-01-02 22:40:00,109.9718,110.0797,109.9713,109.992,2572
2020-01-02 22:41:00,109.992,110.3442,109.9878,110.2882,1058
2020-01-02 22:42:00,110.2882,110.3393,110.199,110.3268,9363
2020-01-02 22:43:00,110.3268,110.332,110.1712,110.216,1588
2020-01-02 22:44:00,110.216,110.2689,110.0839,110.2055,4867
2020-01-02 22:45:00,110.2055,110.3022,109.9966,110.0097,2033
2020-01-02 22:46:00,110.0097,110.0213,109.9912,110.0008,5827
2020-01-02 22:47:00,110.0008,110.0185,109.8096,109.9092,5249
2020-01-02 22:48:00,109.9092,110.0312,109.8874,110.0098,5852
2020-01-02 22:49:00,110.0098,110.0221,109.9443,109.9494,7256
2020-01-02 22:50:00,109.9494,110.0279,109.8821,109.9365,5074
2020-01-02 22:51:00,109.9365,109.9532,109.8446,109.8667,7190
2020-01-02 22:52:00,109.8667,110.0671,109.8256,110.0577,4037
2020-01-02 22:53:00,110.0577,110.0977,109.8984,110.0223,3361
2020-01-02 22:54:00,110.0223,110.2545,109.9708,110.224,9691
2020-01-02 22:55:00,110.224,110.3476,110.1718,110.3137,6946
2020-01-02 22:56:00,110.3137,110.3722,110.305,110.3669,6897
2020-01-02 22:57:00,110.3669,110.4378,110.3332,110.4076,9170
2020-01-02 22:58:00,110.4076,110.5134,110.2884,110.4511,5668
2020-01-02 22:59:00,110.4511,110.5208,110.1798,110.2381,4868
2020-01-02 23:00:00,110.2381,110.317,110.1302,110.2074,4313
2020-01-02 23:01:00,110.2074,110.3404,110.1953,110.3005,5277
2020-01-02 23:02:00,110.3005,110.3112,110.2507,110.2951,8146
2020-01-02 23:03:00,110.2951,110.3306,110.0991,110.1402,970
2020-01-02 23:04:00,110.1402,110.1702,110.0122,110.1344,6701
2020-01-02 23:05:00,110.1344,110.3486,110.1338,110.3221,8997
2020-01-02 23:06:00,110.3221,110.4686,110.3076,110.4596,2789
2020-01-02 23:07:00,110.4596,110.5407,110.3902,110.4528,7209
2020-01-02 23:08:00,110.4528,110.5833,110.4274,110.5579,4681
2020-01-02 23:09:00,110.5579,110.6187,110.4225,110.5173,7387
2020-01-02 23:10:00,110.5173,110.5692,110.1816,110.329,7134
2020-01-02 23:11:00,110.329,110.3661,110.1976,110.227,9869
2020-01-02 23:12:00,110.227,110.4082,110.1584,110.3993,2067
2020-01-02 23:13:00,110.3993,110.4751,110.3651,110.3691,9544
2020-01-02 23:14:00,110.3691,110.3965,110.3242,110.3422,9544
2020-01-02 23:15:00,110.3422,110.4018,110.2757,110.3091,5180
2020-01-02 23:16:00,110.3091,110.5753,110.2711,110.5192,4538
2020-01-02 23:17:00,110.5192,110.732,110.4288,110.6989,3228
2020-01-02 23:18:00,110.6989,110.9664,110.5516,110.9445,5435
2020-01-02 23:19:00,110.9445,110.9644,110.8858,110.9268,9958
2020-01-02 23:20:00,110.9268,111.0064,110.8258,110.9596,5922
2020-01-02 23:21:00,110.9596,111.0244,110.7604,110.7913,8319
2020-01-02 23:22:00,110.7913,110.9706,110.7021,110.955,9911
2020-01-02 23:23:00,110.955,110.9651,110.7803,110.8254,1444
2020-01-02 23:24:00,110.8254,110.969,110.7364,110.8494,4768
2020-01-02 23:25:00,110.8494,110.8515,110.7153,110.7278,7780
2020-01-02 23:26:00,110.7278,110.8282,110.6289,110.6626,9219
2020-01-02 23:27:00,110.6626,110.7273,110.5636,110.5699,1878
2020-01-02 23:28:00,110.5699,110.6569,110.4845,110.5027,3203
2020-01-02 23:29:00,110.5027,110.5646,110.4065,110.4431,5966
2020-01-02 23:30:00,110.4431,110.5088,110.3291,110.3826,5630
2020-01-02 23:31:00,110.3826,110.5716,110.3248,110.4746,3188
2020-01-02 23:32:00,110.4746,110.5178,110.3243,110.3525,8191
2020-01-02 23:33:00,110.3525,110.4023,110.339,110.3769,6844
2020-01-02 23:34:00,110.3769,110.5759,110.333,110.5113,5271
2020-01-02 23:35:00,110.5113,110.6114,110.3462,110.4546,4565
2020-01-02 23:36:00,110.4546,110.4943,110.3637,110.3753,8455
2020-01-02 23:37:00,110.3753,110.3876,110.3469,110.3498,6693
2020-01-02 23:38:00,110.3498,110.4806,110.3381,110.48,6787
2020-01-02 23:39:00,110.48,110.5788,110.4752,110.5015,450
2020-01-02 23:40:00,110.5015,110.5921,110.4189,110.4428,6622
2020-01-02 23:41:00,110.4428,110.524,110.411,110.4962,300
2020-01-02 23:42:00,110.4962,110.5257,110.3121,110.3744,7374
2020-01-02 23:43:00,110.3744,110.5299,110.3483,110.4496,2652
2020-01-02 23:44:00,110.4496,110.5053,110.4413,110.4947,7255
2020-01-02 23:45:00,110.4947,110.5108,110.4222,110.4607,7651
2020-01-02 23:46:00,110.4607,110.4788,110.3231,110.3681,1151
2020-01-02 23:47:00,110.3681,110.3766,110.2588,110.2702,8578
2020-01-02 23:48:00,110.2702,110.3565,110.2286,110.3292,7610
2020-01-02 23:49:00,110.3292,110.5272,110.3261,110.4648,3658
2020-01-02 23:50:00,110.4648,110.4757,110.3597,110.3944,8398
2020-01-02 23:51:00,110.3944,110.4513,110.364,110.445,2653
2020-01-02 23:52:00,110.445,110.4578,110.1877,110.2145,3613
2020-01-02 23:53:00,110.2145,110.2185,110.145,110.1501,8408
2020-01-02 23:54:00,110.1501,110.2202,110.0902,110.1467,9560
2020-01-02 23:55:00,110.1467,110.2192,109.9783,110.0465,6322
2020-01-02 23:56:00,110.0465,110.1683,109.9029,109.9434,9032
2020-01-02 23:57:00,109.9434,109.9883,109.8377,109.87,7753
2020-01-02 23:58:00,109.87,109.9476,109.8119,109.9021,122
2020-01-02 23:59:00,109.9021,109.9484,109.8516,109.8815,460
2020-01-03 00:00:00,109.8815,109.8983,109.5285,109.6356,4895
2020-01-03 00:01:00,109.6356,109.7525,109.3876,109.403,1550
2020-01-03 00:02:00,109.403,109.4592,109.2204,109.3367,8508
2020-01-03 00:03:00,109.3367,109.396,109.3301,109.3867,5885
2020-01-03 00:04:00,109.3867,109.3941,109.072,109.0862,2854
2020-01-03 00:05:00,109.0862,109.0983,109.0276,109.0316,727
2020-01-03 00:06:00,109.0316,109.0518,108.9692,108.9743,3367
2020-01-03 00:07:00,108.9743,109.1262,108.9321,109.1256,666
2020-01-03 00:08:00,109.1256,109.1321,109.0209,109.0835,3858
2020-01-03 00:09:00,109.0835,109.1602,109.0562,109.1253,2120
2020-01-03 00:10:00,109.1253,109.1943,109.0678,109.1407,3630
2020-01-03 00:11:00,109.1407,109.1642,108.7751,108.9082,2606
2020-01-03 00:12:00,108.9082,109.0644,108.8846,108.9919,4509
2020-01-03 00:13:00,108.9919,109.0574,108.9726,109.0153,9020
2020-01-03 00:14:00,109.0153,109.0898,108.9733,109.0708,3428
2020-01-03 00:15:00,109.0708,109.5534,109.0094,109.499,573
2020-01-03 00:16:00,109.499,109.5013,109.2263,109.2708,705
2020-01-03 00:17:00,109.2708,109.4694,109.2229,109.4592,9534
2020-01-03 00:18:00,109.4592,109.5276,109.3784,109.4278,5783
2020-01-03 00:19:00,109.4278,109.5022,109.3757,109.4592,3702
2020-01-03 00:20:00,109.4592,109.4949,109.4333,109.4542,7504
2020-01-03 00:21:00,109.4542,109.4597,109.3663,109.4078,3854
2020-01-03 00:22:00,109.4078,109.4888,109.2972,109.3455,4470
2020-01-03 00:23:00,109.3455,109.4093,109.2428,109.3815,3978
2020-01-03 00:24:00,109.3815,109.4705,109.1678,109.2155,3843
2020-01-03 00:25:00,109.2155,109.3942,109.178,109.2975,4947
2020-01-03 00:26:00,109.2975,109.301,109.1367,109.252,5778
2020-01-03 00:27:00,109.252,109.3183,109.1051,109.1286,6197
2020-01-03 00:28:00,109.1286,109.164,108.9553,109.0795,775
2020-01-03 00:29:00,109.0795,109.2189,109.0342,109.2166,4153
2020-01-03 00:30:00,109.2166,109.2256,109.0821,109.1581,809
2020-01-03 00:31:00,109.1581,109.2358,109.1464,109.1972,1022
2020-01-03 00:32:00,109.1972,109.2923,109.0703,109.1174,3499
2020-01-03 00:33:00,109.1174,109.3553,108.9851,109.2001,507
2020-01-03 00:34:00,109.2001,109.2902,109.1649,109.275,1209
2020-01-03 00:35:00,109.275,109.4963,109.2109,109.477,3692
2020-01-03 00:36:00,109.477,109.4823,109.4359,109.4578,4059
2020-01-03 00:37:00,109.4578,109.5452,109.4544,109.531,6741
2020-01-03 00:38:00,109.531,109.5873,109.5215,109.5417,1590
2020-01-03 00:39:00,109.5417,109.7432,109.529,109.6837,4300
2020-01-03 00:40:00,109.6837,109.7459,109.5404,109.6048,1581
2020-01-03 00:41:00,109.6048,109.7087,109.5671,109.6865,1380
2020-01-03 00:42:00,109.6865,109.715,109.6423,109.6651,4954
2020-01-03 00:43:00,109.6651,109.8065,109.6518,109.6581,9166
2020-01-03 00:44:00,109.6581,109.6925,109.6275,109.6681,8155
2020-01-03 00:45:00,109.6681,109.6979,109.6205,109.6958,8403
2020-01-03 00:46:00,109.6958,109.7697,109.6414,109.683,6266
2020-01-03 00:47:00,109.683,109.7271,109.6627,109.7066,7180
2020-01-03 00:48:00,109.7066,109.961,109.677,109.8797,8161
2020-01-03 00:49:00,109.8797,110.1106,109.8519,109.988,6558
2020-01-03 00:50:00,109.988,110.1232,109.9631,110.0836,8493
2020-01-03 00:51:00,110.0836,110.118,110.03,110.0335,9286
2020-01-03 00:52:00,110.0335,110.0853,109.882,109.9356,4852
2020-01-03 00:53:00,109.9356,110.0411,109.9024,110.0406,1631
2020-01-03 00:54:00,110.0406,110.1995,109.9761,110.137,9681
2020-01-03 00:55:00,110.137,110.3723,110.129,110.2992,8822
2020-01-03 00:56:00,110.2992,110.3525,110.1575,110.2326,1717
2020-01-03 00:57:00,110.2326,110.2723,110.192,110.2073,5254
2020-01-03 00:58:00,110.2073,110.3185,110.0112,110.0266,5754
2020-01-03 00:59:00,110.0266,110.0994,109.848,109.9834,8656
2020-01-03 01:00:00,109.9834,110.0982,109.9543,110.093,3471
2020-01-03 01:01:00,110.093,110.1146,110.0316,110.0417,6659
2020-01-03 01:02:00,110.0417,110.1598,109.9767,110.1122,5565
2020-01-03 01:03:00,110.1122,110.1824,110.0793,110.0912,1472
2020-01-03 01:04:00,110.0912,110.1922,110.0507,110.1269,2337
2020-01-03 01:05:00,110.1269,110.1727,109.935,110.0005,3574
2020-01-03 01:06:00,110.0005,110.055,109.9932,110.0098,4544
2020-01-03 01:07:00,110.0098,110.0634,109.6807,109.6808,4568
2020-01-03 01:08:00,109.6808,109.7896,109.574,109.6603,5858
2020-01-03 01:09:00,109.6603,109.673,109.4136,109.4815,3676
2020-01-03 01:10:00,109.4815,109.6494,109.4735,109.6135,4075
2020-01-03 01:11:00,109.6135,109.7825,109.5584,109.6987,9276
2020-01-03 01:12:00,109.6987,109.8661,109.6582,109.7499,5774
2020-01-03 01:13:00,109.7499,109.9842,109.6303,109.9169,1626
2020-01-03 01:14:00,109.9169,109.9732,109.789,109.8126,6889
2020-01-03 01:15:00,109.8126,110.0592,109.7627,110.0044,1136
2020-01-03 01:16:00,110.0044,110.1411,109.9804,110.107,4718
2020-01-03 01:17:00,110.107,110.1504,110.0414,110.0809,2330
2020-01-03 01:18:00,110.0809,110.2626,110.058,110.206,1142
2020-01-03 01:19:00,110.206,110.276,109.9734,110.084,8041
2020-01-03 01:20:00,110.084,110.1441,109.9539,109.9933,6268
2020-01-03 01:21:00,109.9933,110.0507,109.9196,109.9263,1429
2020-01-03 01:22:00,109.9263,109.9779,109.8532,109.8682,3755
2020-01-03 01:23:00,109.8682,109.956,109.7374,109.7521,5653
2020-01-03 01:24:00,109.7521,109.9664,109.7513,109.8863,5641
2020-01-03 01:25:00,109.8863,109.9207,109.822,109.8579,4005
2020-01-03 01:26:00,109.8579,109.9229,109.855,109.8966,1180
2020-01-03 01:27:00,109.8966,109.9435,109.7592,109.8339,923
2020-01-03 01:28:00,109.8339,109.8484,109.6024,109.634,3719
2020-01-03 01:29:00,109.634,109.6768,109.6066,109.6636,3350
2020-01-03 01:30:00,109.6636,109.6738,109.4426,109.4539,2215
2020-01-03 01:31:00,109.4539,109.4994,109.3875,109.4464,3667
2020-01-03 01:32:00,109.4464,109.4589,109.2949,109.2966,5220
2020-01-03 01:33:00,109.2966,109.5265,109.2359,109.5138,8339
2020-01-03 01:34:00,109.5138,109.6765,109.4368,109.6136,1540
2020-01-03 01:35:00,109.6136,109.6685,109.5817,109.6252,1044
2020-01-03 01:36:00,109.6252,109.8069,109.5842,109.7637,3368
2020-01-03 01:37:00,109.7637,109.8268,109.6637,109.6708,3219
2020-01-03 01:38:00,109.6708,109.7592,109.6029,109.7305,6172
2020-01-03 01:39:00,109.7305,109.8006,109.6483,109.7524,8646
2020-01-03 01:40:00,109.7524,109.8517,109.7309,109.7814,3405
2020-01-03 01:41:00,109.7814,109.925,109.7625,109.921,4895
2020-01-03 01:42:00,109.921,110.0513,109.8735,110.0016,2017
2020-01-03 01:43:00,110.0016,110.0768,109.9535,110.0333,6869
2020-01-03 01:44:00,110.0333,110.0781,109.8305,109.8512,468
2020-01-03 01:45:00,109.8512,109.9557,109.7067,109.7458,1292
2020-01-03 01:46:00,109.7458,109.7912,109.6991,109.7323,1486
2020-01-03 01:47:00,109.7323,109.8226,109.7236,109.7425,7444
2020-01-03 01:48:00,109.7425,109.7679,109.5697,109.6185,2647
2020-01-03 01:49:00,109.6185,109.9079,109.5794,109.8829,4899
2020-01-03 01:50:00,109.8829,110.0628,109.8589,110.0495,6415
2020-01-03 01:51:00,110.0495,110.1482,109.9978,110.1158,1653
2020-01-03 01:52:00,110.1158,110.1953,110.089,110.1237,2910
2020-01-03 01:53:00,110.1237,110.2506,110.0703,110.1003,211
2020-01-03 01:54:00,110.1003,110.1684,109.9085,109.9955,4172
2020-01-03 01:55:00,109.9955,110.034,109.9263,110.004,1163
2020-01-03 01:56:00,110.004,110.0367,109.9845,110.0324,4297
2020-01-03 01:57:00,110.0324,110.0614,109.8501,109.8958,1492
2020-01-03 01:58:00,109.8958,110.0173,109.8905,109.9325,1297
2020-01-03 01:59:00,109.9325,110.0001,109.8474,109.9154,440
2020-01-03 02:00:00,109.9154,109.9161,109.5851,109.7057,5115
2020-01-03 02:01:00,109.7057,109.7346,109.5925,109.6113,2961
2020-01-03 02:02:00,109.6113,109.6996,109.5532,109.566,9497
2020-01-03 02:03:00,109.566,109.8233,109.5125,109.7728,8119
2020-01-03 02:04:00,109.7728,109.842,109.7266,109.8339,5894
2020-01-03 02:05:00,109.8339,109.8826,109.5491,109.6872,9866
2020-01-03 02:06:00,109.6872,109.7853,109.6871,109.7405,3406
2020-01-03 02:07:00,109.7405,109.7597,109.5491,109.5707,6462
2020-01-03 02:08:00,109.5707,109.725,109.549,109.6894,9832
2020-01-03 02:09:00,109.6894,109.7082,109.6271,109.6377,6408
2020-01-03 02:10:00,109.6377,109.6968,109.6228,109.6274,3684
2020-01-03 02:11:00,109.6274,109.8275,109.5801,109.7728,6624
2020-01-03 02:12:00,109.7728,109.8415,109.5912,109.6315,5403
2020-01-03 02:13:00,109.6315,109.7371,109.3877,109.4783,2026
2020-01-03 02:14:00,109.4783,109.5143,109.368,109.4144,3619
2020-01-03 02:15:00,109.4144,109.5998,109.338,109.528,7887
2020-01-03 02:16:00,109.528,109.6234,109.3605,109.3616,9697
2020-01-03 02:17:00,109.3616,109.4204,109.0503,109.0519,7649
2020-01-03 02:18:00,109.0519,109.0705,108.9389,109.0027,2113
2020-01-03 02:19:00,109.0027,109.0767,108.9357,109.0628,547
2020-01-03 02:20:00,109.0628,109.2024,109.0335,109.1937,1820
2020-01-03 02:21:00,109.1937,109.249,109.026,109.1432,4193
2020-01-03 02:22:00,109.1432,109.153,109.0233,109.0983,133
2020-01-03 02:23:00,109.0983,109.3522,109.0846,109.2241,596
2020-01-03 02:24:00,109.2241,109.2314,108.9947,109.0199,1503
2020-01-03 02:25:00,109.0199,109.0778,108.9055,108.9776,3319
2020-01-03 02:26:00,108.9776,109.0422,108.9105,108.9983,8177
2020-01-03 02:27:00,108.9983,109.0493,108.9757,109.0473,2810
2020-01-03 02:28:00,109.0473,109.0793,108.9313,108.9917,9894
2020-01-03 02:29:00,108.9917,109.0135,108.986,108.9954,5770
2020-01-03 02:30:00,108.9954,109.0232,108.6132,108.7242,5318
2020-01-03 02:31:00,108.7242,108.7554,108.6338,108.6527,3702
2020-01-03 02:32:00,108.6527,108.711,108.6004,108.7019,6204
2020-01-03 02:33:00,108.7019,108.7691,108.5744,108.5952,4196
2020-01-03 02:34:00,108.5952,108.714,108.5286,108.6016,2434
2020-01-03 02:35:00,108.6016,108.6965,108.5082,108.6501,6216
2020-01-03 02:36:00,108.6501,108.7513,108.5367,108.6129,1379
2020-01-03 02:37:00,108.6129,108.6656,108.604,108.6314,3345
2020-01-03 02:38:00,108.6314,108.6695,108.4781,108.5268,5049
2020-01-03 02:39:00,108.5268,108.5994,108.4813,108.5044,149
2020-01-03 02:40:00,108.5044,108.6193,108.4883,108.5706,5751
2020-01-03 02:41:00,108.5706,108.614,108.5498,108.5876,7310
2020-01-03 02:42:00,108.5876,108.682,108.4675,108.5239,3688
2020-01-03 02:43:00,108.5239,108.6012,108.4677,108.5483,4146
2020-01-03 02:44:00,108.5483,108.6987,108.4934,108.6259,165
2020-01-03 02:45:00,108.6259,108.7088,108.3697,108.4032,6639
2020-01-03 02:46:00,108.4032,108.5938,108.3757,108.5288,5470
2020-01-03 02:47:00,108.5288,108.5523,108.4334,108.4923,4323
2020-01-03 02:48:00,108.4923,108.541,108.486,108.5385,287
2020-01-03 02:49:00,108.5385,108.6923,108.481,108.6684,5402
2020-01-03 02:50:00,108.6684,108.6838,108.4638,108.5194,2988
2020-01-03 02:51:00,108.5194,108.6051,108.3815,108.4424,4957
2020-01-03 02:52:00,108.4424,108.4553,108.3814,108.4111,766
2020-01-03 02:53:00,108.4111,108.5286,108.3218,108.3261,7679
2020-01-03 02:54:00,108.3261,108.5628,108.2958,108.5141,9224
2020-01-03 02:55:00,108.5141,108.5151,108.4155,108.4211,5238
2020-01-03 02:56:00,108.4211,108.4413,108.3024,108.3609,3952
2020-01-03 02:57:00,108.3609,108.4418,108.2963,108.383,4240
2020-01-03 02:58:00,108.383,108.3913,108.2304,108.2527,717
2020-01-03 02:59:00,108.2527,108.2753,108.1692,108.2099,892
2020-01-03 03:00:00,108.2099,108.2726,108.2078,108.2442,9542
2020-01-03 03:01:00,108.2442,108.3617,108.1712,108.2082,2544
2020-01-03 03:02:00,108.2082,108.2333,108.1025,108.1981,4333
2020-01-03 03:03:00,108.1981,108.2603,108.0838,108.1408,1450
2020-01-03 03:04:00,108.1408,108.1444,107.8886,107.9771,2375
2020-01-03 03:05:00,107.9771,108.1024,107.9637,108.0118,6350
2020-01-03 03:06:00,108.0118,108.3311,108.0003,108.2013,2306
2020-01-03 03:07:00,108.2013,108.2321,108.186,108.2033,2017
2020-01-03 03:08:00,108.2033,108.2814,108.2005,108.2277,9413
2020-01-03 03:09:00,108.2277,108.3324,108.2044,108.3027,708
2020-01-03 03:10:00,108.3027,108.3179,108.1367,108.1652,9060
2020-01-03 03:11:00,108.1652,108.3741,108.1597,108.3494,883
2020-01-03 03:12:00,108.3494,108.4091,108.2859,108.3713,7166
2020-01-03 03:13:00,108.3713,108.5731,108.3575,108.5481,2489
2020-01-03 03:14:00,108.5481,108.5485,108.3352,108.4686,267
2020-01-03 03:15:00,108.4686,108.7003,108.4461,108.6658,4879
2020-01-03 03:16:00,108.6658,108.7718,108.5892,108.75,6875
2020-01-03 03:17:00,108.75,108.9111,108.7448,108.8101,3356
2020-01-03 03:18:00,108.8101,108.8911,108.7451,108.8356,2579
2020-01-03 03:19:00,108.8356,108.8647,108.8084,108.8085,7691
2020-01-03 03:20:00,108.8085,108.9953,108.7771,108.9392,9271
2020-01-03 03:21:00,108.9392,108.9747,108.8573,108.9545,2916
2020-01-03 03:22:00,108.9545,108.9822,108.6563,108.7401,9082
2020-01-03 03:23:00,108.7401,108.7808,108.5657,108.6187,1574
2020-01-03 03:24:00,108.6187,108.6255,108.5914,108.5985,8225
2020-01-03 03:25:00,108.5985,108.6551,108.574,108.6321,4101
2020-01-03 03:26:00,108.6321,108.6978,108.5847,108.626,7571
2020-01-03 03:27:00,108.626,108.7843,108.6132,108.7584,7840
2020-01-03 03:28:00,108.7584,108.8021,108.5073,108.5462,9418
2020-01-03 03:29:00,108.5462,108.6672,108.4924,108.5618,6126
2020-01-03 03:30:00,108.5618,108.5863,108.3301,108.3644,4850
2020-01-03 03:31:00,108.3644,108.4551,108.3133,108.4468,7406
2020-01-03 03:32:00,108.4468,108.4712,108.356,108.4365,9043
2020-01-03 03:33:00,108.4365,108.5437,108.4346,108.482,1332
2020-01-03 03:34:00,108.482,108.549,108.2372,108.3883,6181
2020-01-03 03:35:00,108.3883,108.5615,108.3775,108.527,9150
2020-01-03 03:36:00,108.527,108.7247,108.5252,108.64,4514
2020-01-03 03:37:00,108.64,108.7403,108.6274,108.7034,3960
2020-01-03 03:38:00,108.7034,108.7088,108.6711,108.6893,4828
2020-01-03 03:39:00,108.6893,108.7545,108.6634,108.7524,7745
2020-01-03 03:40:00,108.7524,108.7667,108.6299,108.6755,2799
2020-01-03 03:41:00,108.6755,108.8476,108.6121,108.7685,7379
2020-01-03 03:42:00,108.7685,108.9539,108.7012,108.9479,8174
2020-01-03 03:43:00,108.9479,109.1423,108.8634,109.0645,5145
2020-01-03 03:44:00,109.0645,109.0841,108.9352,108.985,2100
2020-01-03 03:45:00,108.985,109.1404,108.9352,109.0243,6106
2020-01-03 03:46:00,109.0243,109.1253,108.861,108.8834,339
2020-01-03 03:47:00,108.8834,108.9903,108.8187,108.9457,7539
2020-01-03 03:48:00,108.9457,109.0246,108.9188,108.9948,2290
2020-01-03 03:49:00,108.9948,109.0486,108.731,108.791,4314
2020-01-03 03:50:00,108.791,108.8601,108.6245,108.6646,4791
2020-01-03 03:51:00,108.6646,108.6824,108.5263,108.6338,2115
2020-01-03 03:52:00,108.6338,108.6812,108.5919,108.6011,5470
2020-01-03 03:53:00,108.6011,108.6102,108.4367,108.4698,262
2020-01-03 03:54:00,108.4698,108.6574,108.467,108.512,4849
2020-01-03 03:55:00,108.512,108.5721,108.5038,108.5393,8641
2020-01-03 03:56:00,108.5393,108.6339,108.5108,108.5182,130
2020-01-03 03:57:00,108.5182,108.5215,108.4349,108.4362,6701
2020-01-03 03:58:00,108.4362,108.6397,108.3856,108.5499,8105
2020-01-03 03:59:00,108.5499,108.7558,108.5346,108.7296,2275
2020-01-03 04:00:00,108.7296,108.7467,108.6004,108.677,2926
2020-01-03 04:01:00,108.677,108.7341,108.5715,108.6105,3719
2020-01-03 04:02:00,108.6105,108.7139,108.604,108.6638,5165
2020-01-03 04:03:00,108.6638,108.6652,108.5022,108.6249,947
2020-01-03 04:04:00,108.6249,108.6439,108.568,108.6098,891
2020-01-03 04:05:00,108.6098,108.8244,108.4983,108.6901,7992
2020-01-03 04:06:00,108.6901,108.7473,108.4463,108.4826,608
2020-01-03 04:07:00,108.4826,108.6524,108.4124,108.6256,7179
2020-01-03 04:08:00,108.6256,108.7058,108.6036,108.6335,8077
2020-01-03 04:09:00,108.6335,108.6846,108.5606,108.5888,4432
2020-01-03 04:10:00,108.5888,108.5901,108.4598,108.5791,7875
2020-01-03 04:11:00,108.5791,108.6451,108.5687,108.575,9304
2020-01-03 04:12:00,108.575,108.5988,108.2796,108.387,3124
2020-01-03 04:13:00,108.387,108.5492,108.3354,108.5491,3170
2020-01-03 04:14:00,108.5491,108.5619,108.5365,108.5536,1174
2020-01-03 04:15:00,108.5536,108.6279,108.5498,108.6017,6068
2020-01-03 04:16:00,108.6017,108.7275,108.5714,108.705,568
2020-01-03 04:17:00,108.705,108.7513,108.4732,108.594,2015
2020-01-03 04:18:00,108.594,108.6785,108.5936,108.6454,4583
2020-01-03 04:19:00,108.6454,108.6533,108.5941,108.6163,7329
2020-01-03 04:20:00,108.6163,108.7101,108.55,108.7083,7420
2020-01-03 04:21:00,108.7083,108.7675,108.4376,108.477,835
2020-01-03 04:22:00,108.477,108.4832,108.3781,108.4663,8233
2020-01-03 04:23:00,108.4663,108.4671,108.3325,108.4009,8269
2020-01-03 04:24:00,108.4009,108.4803,108.3765,108.4478,5148
2020-01-03 04:25:00,108.4478,108.5221,108.3639,108.4987,5921
2020-01-03 04:26:00,108.4987,108.5177,108.4189,108.422,5776
2020-01-03 04:27:00,108.422,108.4708,108.2887,108.3448,4577
2020-01-03 04:28:00,108.3448,108.3761,108.267,108.3328,195
2020-01-03 04:29:00,108.3328,108.3576,108.1611,108.2356,9203
2020-01-03 04:30:00,108.2356,108.3697,108.1538,108.3268,4488
2020-01-03 04:31:00,108.3268,108.3404,108.2439,108.2868,4536
2020-01-03 04:32:00,108.2868,108.3358,107.9211,107.972,9010
2020-01-03 04:33:00,107.972,108.0425,107.8572,107.9315,6781
2020-01-03 04:34:00,107.9315,108.0232,107.7929,107.8194,9665
2020-01-03 04:35:00,107.8194,107.8617,107.5809,107.6435,7115
2020-01-03 04:36:00,107.6435,107.7116,107.4864,107.5103,7474
2020-01-03 04:37:00,107.5103,107.6235,107.4748,107.5221,5155
2020-01-03 04:38:00,107.5221,107.7481,107.4862,107.665,7758
2020-01-03 04:39:00,107.665,107.7607,107.6503,107.6987,7102
2020-01-03 04:40:00,107.6987,107.7031,107.6197,107.6334,6110
2020-01-03 04:41:00,107.6334,107.7022,107.5984,107.6824,3781
2020-01-03 04:42:00,107.6824,107.6924,107.5429,107.633,7290
2020-01-03 04:43:00,107.633,107.667,107.4967,107.5582,2909
2020-01-03 04:44:00,107.5582,107.6069,107.3759,107.4341,6135
2020-01-03 04:45:00,107.4341,107.4779,107.2033,107.2459,6226
2020-01-03 04:46:00,107.2459,107.2807,107.1762,107.204,8796
2020-01-03 04:47:00,107.204,107.3125,107.1373,107.221,6228
2020-01-03 04:48:00,107.221,107.2523,107.1767,107.2106,6078
2020-01-03 04:49:00,107.2106,107.3736,107.1599,107.166,4160
2020-01-03 04:50:00,107.166,107.2179,106.997,107.0647,3084
2020-01-03 04:51:00,107.0647,107.1913,107.0215,107.1298,2896
2020-01-03 04:52:00,107.1298,107.1612,106.9593,106.9887,5544
2020-01-03 04:53:00,106.9887,107.099,106.8986,107.0717,5031
2020-01-03 04:54:00,107.0717,107.1068,106.9597,106.9644,4026
2020-01-03 04:55:00,106.9644,107.0248,106.8541,106.8839,8056
2020-01-03 04:56:00,106.8839,106.8946,106.7137,106.7272,3908
2020-01-03 04:57:00,106.7272,106.8333,106.6515,106.6736,8780
2020-01-03 04:58:00,106.6736,106.8091,106.6589,106.7777,7411
2020-01-03 04:59:00,106.7777,106.8452,106.7532,106.8327,7043
2020-01-03 05:00:00,106.8327,106.9504,106.8097,106.9373,2813
2020-01-03 05:01:00,106.9373,107.0531,106.9308,106.9931,9542
2020-01-03 05:02:00,106.9931,107.0084,106.7938,106.875,6218
2020-01-03 05:03:00,106.875,106.8836,106.7952,106.8397,5813
2020-01-03 05:04:00,106.8397,106.8627,106.7213,106.7563,1514
2020-01-03 05:05:00,106.7563,107.0288,106.6906,106.8984,9283
2020-01-03 05:06:00,106.8984,106.9432,106.7039,106.7704,6331
2020-01-03 05:07:00,106.7704,106.9289,106.7184,106.8658,8691
2020-01-03 05:08:00,106.8658,107.0071,106.8515,106.9613,4155
2020-01-03 05:09:00,106.9613,107.1577,106.8009,107.157,4199
2020-01-03 05:10:00,107.157,107.2033,107.0465,107.1131,5392
2020-01-03 05:11:00,107.1131,107.2305,107.0622,107.1894,9859
2020-01-03 05:12:00,107.1894,107.4618,107.1494,107.4339,3917
2020-01-03 05:13:00,107.4339,107.5299,107.364,107.3676,6582
2020-01-03 05:14:00,107.3676,107.4214,107.1611,107.2028,5425
2020-01-03 05:15:00,107.2028,107.2822,106.944,107.0012,9417
2020-01-03 05:16:00,107.0012,107.1495,106.948,107.0775,6301
2020-01-03 05:17:00,107.0775,107.1106,106.8439,106.8758,6000
2020-01-03 05:18:00,106.8758,106.9178,106.8306,106.836,3423
2020-01-03 05:19:00,106.836,106.9142,106.7868,106.8828,7746
2020-01-03 05:20:00,106.8828,106.9115,106.8428,106.9026,2703
2020-01-03 05:21:00,106.9026,107.0261,106.8958,106.948,1665
2020-01-03 05:22:00,106.948,107.0045,106.9273,106.9718,9210
2020-01-03 05:23:00,106.9718,107.1143,106.8334,107.1086,4719
2020-01-03 05:24:00,107.1086,107.1486,107.0057,107.0066,1415
2020-01-03 05:25:00,107.0066,107.0773,106.8943,106.9342,7467
2020-01-03 05:26:00,106.9342,107.0997,106.7766,106.8515,4219
2020-01-03 05:27:00,106.8515,106.9418,106.6943,106.9403,1754
2020-01-03 05:28:00,106.9403,107.0441,106.921,107.0365,3558
2020-01-03 05:29:00,107.0365,107.1521,106.9444,107.0848,9905
2020-01-03 05:30:00,107.0848,107.2606,107.0786,107.2116,341
2020-01-03 05:31:00,107.2116,107.2136,107.0743,107.0853,4398
2020-01-03 05:32:00,107.0853,107.2708,106.9797,107.2638,4432
2020-01-03 05:33:00,107.2638,107.508,107.1744,107.4272,9242
2020-01-03 05:34:00,107.4272,107.5361,107.3807,107.5062,3169
2020-01-03 05:35:00,107.5062,107.7256,107.4747,107.6978,8585
2020-01-03 05:36:00,107.6978,107.7217,107.4829,107.5194,4405
2020-01-03 05:37:00,107.5194,107.585,107.4487,107.463,9079
2020-01-03 05:38:00,107.463,107.4695,107.371,107.384,1732
2020-01-03 05:39:00,107.384,107.536,107.3003,107.4614,3173
2020-01-03 05:40:00,107.4614,107.5182,107.2916,107.3486,4170
2020-01-03 05:41:00,107.3486,107.507,107.3428,107.4299,2376
2020-01-03 05:42:00,107.4299,107.6255,107.4245,107.5771,9783
2020-01-03 05:43:00,107.5771,107.6607,107.5449,107.6519,2701
2020-01-03 05:44:00,107.6519,107.7387,107.6092,107.6825,8677
2020-01-03 05:45:00,107.6825,107.8671,107.559,107.5761,7782
2020-01-03 05:46:00,107.5761,107.5823,107.391,107.485,627
2020-01-03 05:47:00,107.485,107.6899,107.4426,107.6193,1511
2020-01-03 05:48:00,107.6193,107.7348,107.5626,107.7032,5185
2020-01-03 05:49:00,107.7032,107.7369,107.5881,107.699,4297
2020-01-03 05:50:00,107.699,107.7854,107.5559,107.654,489
2020-01-03 05:51:00,107.654,107.6631,107.3898,107.4359,9517
2020-01-03 05:52:00,107.4359,107.4563,107.2821,107.3208,3738
2020-01-03 05:53:00,107.3208,107.6085,107.26,107.526,3892
2020-01-03 05:54:00,107.526,107.5964,107.2887,107.3883,940
2020-01-03 05:55:00,107.3883,107.4551,107.306,107.4086,9669
2020-01-03 05:56:00,107.4086,107.6331,107.3573,107.5168,5812
2020-01-03 05:57:00,107.5168,107.5664,107.3345,107.3819,334
2020-01-03 05:58:00,107.3819,107.4396,107.3317,107.4018,213
2020-01-03 05:59:00,107.4018,107.5162,107.3137,107.5025,6179
2020-01-03 06:00:00,107.5025,107.5968,107.4444,107.5038,3238
2020-01-03 06:01:00,107.5038,107.8541,107.4278,107.8122,908
2020-01-03 06:02:00,107.8122,107.8751,107.5941,107.6323,5259
2020-01-03 06:03:00,107.6323,107.8548,107.6142,107.7463,8000
2020-01-03 06:04:00,107.7463,107.7464,107.6592,107.7276,510
2020-01-03 06:05:00,107.7276,107.8538,107.7211,107.8108,1418
2020-01-03 06:06:00,107.8108,108.0,107.8048,107.8584,5784
2020-01-03 06:07:00,107.8584,107.8675,107.7623,107.7793,5003
2020-01-03 06:08:00,107.7793,107.8737,107.7585,107.804,9879
2020-01-03 06:09:00,107.804,107.8886,107.5495,107.6037,9352
2020-01-03 06:10:00,107.6037,107.6971,107.5561,107.6686,166
2020-01-03 06:11:00,107.6686,107.7059,107.645,107.7007,6646
2020-01-03 06:12:00,107.7007,107.8184,107.6284,107.7695,2353
2020-01-03 06:13:00,107.7695,107.9063,107.7683,107.8835,8632
2020-01-03 06:14:00,107.8835,107.9349,107.8563,107.9232,8287
2020-01-03 06:15:00,107.9232,107.9518,107.8823,107.9392,6053
2020-01-03 06:16:00,107.9392,108.0393,107.7993,107.8441,1055
2020-01-03 06:17:00,107.8441,107.8645,107.7159,107.7672,4404
2020-01-03 06:18:00,107.7672,107.921,107.7254,107.8951,5733
2020-01-03 06:19:00,107.8951,108.0793,107.8579,108.0501,2110
2020-01-03 06:20:00,108.0501,108.0832,107.9202,108.0244,6919
2020-01-03 06:21:00,108.0244,108.0338,107.9969,108.0294,1988
2020-01-03 06:22:00,108.0294,108.0467,107.9066,107.9316,468
2020-01-03 06:23:00,107.9316,108.0672,107.9119,108.0582,1862
2020-01-03 06:24:00,108.0582,108.1927,107.9868,108.1301,1093
2020-01-03 06:25:00,108.1301,108.401,108.0253,108.34,8373
2020-01-03 06:26:00,108.34,108.353,108.2189,108.2449,1287
2020-01-03 06:27:00,108.2449,108.2864,108.1648,108.2039,476
2020-01-03 06:28:00,108.2039,108.2395,108.1084,108.229,102
2020-01-03 06:29:00,108.229,108.3008,108.1868,108.299,783
2020-01-03 06:30:00,108.299,108.3246,108.2563,108.2756,3827
2020-01-03 06:31:00,108.2756,108.2854,108.1095,108.1811,863
2020-01-03 06:32:00,108.1811,108.349,108.1295,108.2764,8557
2020-01-03 06:33:00,108.2764,108.3595,108.2079,108.3545,2582
2020-01-03 06:34:00,108.3545,108.3618,108.1858,108.2552,824
2020-01-03 06:35:00,108.2552,108.4804,108.2519,108.402,2940
2020-01-03 06:36:00,108.402,108.5456,108.381,108.5288,5446
2020-01-03 06:37:00,108.5288,108.5565,108.5107,108.5434,2523
2020-01-03 06:38:00,108.5434,108.597,108.4524,108.552,5481
2020-01-03 06:39:00,108.552,108.6133,108.545,108.6122,2575
2020-01-03 06:40:00,108.6122,108.6355,108.3968,108.5186,5227
2020-01-03 06:41:00,108.5186,108.5262,108.5055,108.5218,6149
2020-01-03 06:42:00,108.5218,108.5284,108.2236,108.2883,9356
2020-01-03 06:43:00,108.2883,108.435,108.2836,108.3832,6097
2020-01-03 06:44:00,108.3832,108.4048,108.1312,108.2139,7524
2020-01-03 06:45:00,108.2139,108.3808,108.1894,108.3766,6886
2020-01-03 06:46:00,108.3766,108.4408,108.2413,108.3408,6807
2020-01-03 06:47:00,108.3408,108.3547,108.312,108.3179,5438
2020-01-03 06:48:00,108.3179,108.3538,108.2338,108.2499,2391
2020-01-03 06:49:00,108.2499,108.2715,108.1603,108.2187,5134
2020-01-03 06:50:00,108.2187,108.4648,108.1203,108.3722,4498
2020-01-03 06:51:00,108.3722,108.4219,108.0536,108.1026,4565
2020-01-03 06:52:00,108.1026,108.2703,108.0788,108.2407,5046
2020-01-03 06:53:00,108.2407,108.3166,108.2041,108.2773,8338
2020-01-03 06:54:00,108.2773,108.3552,108.1375,108.1466,3761
2020-01-03 06:55:00,108.1466,108.2047,107.9513,108.0303,2664
2020-01-03 06:56:00,108.0303,108.2421,108.028,108.2114,3425
2020-01-03 06:57:00,108.2114,108.2692,108.0893,108.1091,5027
2020-01-03 06:58:00,108.1091,108.1675,107.9194,107.9844,855
2020-01-03 06:59:00,107.9844,108.1884,107.9128,108.1072,1552
2020-01-03 07:00:00,108.1072,108.1523,108.0528,108.1438,6279
2020-01-03 07:01:00,108.1438,108.1475,107.9683,108.0424,1004
2020-01-03 07:02:00,108.0424,108.0952,107.9686,108.0658,2554
2020-01-03 07:03:00,108.0658,108.1104,107.9383,107.9549,3587
2020-01-03 07:04:00,107.9549,108.1744,107.9129,108.0738,4160
2020-01-03 07:05:00,108.0738,108.2174,108.0154,108.1885,5904
2020-01-03 07:06:00,108.1885,108.2723,108.1857,108.246,9070
2020-01-03 07:07:00,108.246,108.3738,108.1432,108.2852,1890
2020-01-03 07:08:00,108.2852,108.557,108.239,108.4759,7588
2020-01-03 07:09:00,108.4759,108.5496,108.3819,108.4758,7836
2020-01-03 07:10:00,108.4758,108.5078,108.3325,108.3476,1701
2020-01-03 07:11:00,108.3476,108.4456,108.3049,108.3963,3943
2020-01-03 07:12:00,108.3963,108.6576,108.3461,108.6225,6367
2020-01-03 07:13:00,108.6225,108.6826,108.4401,108.5122,3775
2020-01-03 07:14:00,108.5122,108.5493,108.4606,108.473,1105
2020-01-03 07:15:00,108.473,108.5339,108.3936,108.5182,331
2020-01-03 07:16:00,108.5182,108.6448,108.4957,108.5123,6676
2020-01-03 07:17:00,108.5123,108.5343,108.3873,108.4057,4686
2020-01-03 07:18:00,108.4057,108.535,108.3789,108.5274,2233
2020-01-03 07:19:00,108.5274,108.8257,108.4523,108.7791,1790
2020-01-03 07:20:00,108.7791,108.841,108.7085,108.8005,1323
2020-01-03 07:21:00,108.8005,108.8454,108.6922,108.7021,5070
2020-01-03 07:22:00,108.7021,108.7766,108.4923,108.5337,2303
2020-01-03 07:23:00,108.5337,108.5627,108.4817,108.5617,9189
2020-01-03 07:24:00,108.5617,108.7123,108.4989,108.6816,7982
2020-01-03 07:25:00,108.6816,108.8155,108.6336,108.7332,8443
2020-01-03 07:26:00,108.7332,108.8614,108.6555,108.733,1451
2020-01-03 07:27:00,108.733,108.8025,108.5944,108.6689,271
2020-01-03 07:28:00,108.6689,108.6719,108.4436,108.5502,5624
2020-01-03 07:29:00,108.5502,108.6645,108.4899,108.6408,1529
2020-01-03 07:30:00,108.6408,108.7851,108.5282,108.7401,8108
2020-01-03 07:31:00,108.7401,108.7811,108.5519,108.572,4957
2020-01-03 07:32:00,108.572,108.7712,108.5664,108.7446,5917
2020-01-03 07:33:00,108.7446,108.9368,108.7159,108.807,3533
2020-01-03 07:34:00,108.807,109.014,108.8064,108.9593,3299
2020-01-03 07:35:00,108.9593,109.0283,108.7725,108.8131,1459
2020-01-03 07:36:00,108.8131,108.8235,108.6158,108.6645,5973
2020-01-03 07:37:00,108.6645,108.6971,108.6367,108.6483,8984
2020-01-03 07:38:00,108.6483,108.7454,108.5903,108.7029,7532
2020-01-03 07:39:00,108.7029,108.9248,108.6434,108.8982,199
2020-01-03 07:40:00,108.8982,109.0869,108.8768,108.9751,3542
2020-01-03 07:41:00,108.9751,109.0146,108.9434,108.9486,3149
2020-01-03 07:42:00,108.9486,108.9792,108.7858,108.8368,8719
2020-01-03 07:43:00,108.8368,108.9802,108.8137,108.9707,686
2020-01-03 07:44:00,108.9707,108.9779,108.8339,108.8656,355
2020-01-03 07:45:00,108.8656,109.0626,108.8425,109.0428,1573
2020-01-03 07:46:00,109.0428,109.0437,108.9676,109.0118,820
2020-01-03 07:47:00,109.0118,109.217,108.976,109.1852,2100
2020-01-03 07:48:00,109.1852,109.3666,109.1515,109.2593,3107
2020-01-03 07:49:00,109.2593,109.2908,109.2329,109.2444,8046
2020-01-03 07:50:00,109.2444,109.2975,109.0909,109.1876,4602
2020-01-03 07:51:00,109.1876,109.2131,109.0753,109.1504,6290
2020-01-03 07:52:00,109.1504,109.2468,109.0797,109.1972,5212
2020-01-03 07:53:00,109.1972,109.2568,109.1569,109.2056,1831
2020-01-03 07:54:00,109.2056,109.2469,109.0552,109.1407,5001
2020-01-03 07:55:00,109.1407,109.148,108.9515,109.1227,2277
2020-01-03 07:56:00,109.1227,109.1597,109.0446,109.1312,1680
2020-01-03 07:57:00,109.1312,109.172,108.8485,108.8989,3326
2020-01-03 07:58:00,108.8989,109.0309,108.8275,108.9488,9285
2020-01-03 07:59:00,108.9488,109.0029,108.7775,108.8421,4690
2020-01-03 08:00:00,108.8421,108.8516,108.697,108.7166,1952
2020-01-03 08:01:00,108.7166,108.7843,108.441,108.5331,181
2020-01-03 08:02:00,108.5331,108.578,108.3051,108.3384,3950
2020-01-03 08:03:00,108.3384,108.3854,108.0761,108.1916,3112
2020-01-03 08:04:00,108.1916,108.1939,108.0526,108.1149,2816
2020-01-03 08:05:00,108.1149,108.3839,108.0975,108.326,7292
2020-01-03 08:06:00,108.326,108.3449,108.2622,108.2691,7601
2020-01-03 08:07:00,108.2691,108.4103,108.2286,108.2883,5401
2020-01-03 08:08:00,108.2883,108.3419,108.1855,108.3317,1555
2020-01-03 08:09:00,108.3317,108.3543,108.2648,108.3459,9489
2020-01-03 08:10:00,108.3459,108.3581,108.2651,108.3375,7052
2020-01-03 08:11:00,108.3375,108.3715,108.189,108.208,3212
2020-01-03 08:12:00,108.208,108.3768,108.1722,108.365,6688
2020-01-03 08:13:00,108.365,108.5644,108.3438,108.5608,7662
2020-01-03 08:14:00,108.5608,108.5622,108.3625,108.3782,8207
2020-01-03 08:15:00,108.3782,108.4005,108.2261,108.2672,9603
2020-01-03 08:16:00,108.2672,108.2904,108.2068,108.2369,8852
2020-01-03 08:17:00,108.2369,108.2632,108.06,108.1325,5481
2020-01-03 08:18:00,108.1325,108.2619,108.1044,108.1872,2204
2020-01-03 08:19:00,108.1872,108.2175,108.1069,108.1084,2153
2020-01-03 08:20:00,108.1084,108.3873,108.0673,108.3425,7826
2020-01-03 08:21:00,108.3425,108.538,108.3165,108.4715,9890
2020-01-03 08:22:00,108.4715,108.523,108.4275,108.4945,1044
2020-01-03 08:23:00,108.4945,108.6564,108.413,108.6059,8185
2020-01-03 08:24:00,108.6059,108.8119,108.5459,108.726,8870
2020-01-03 08:25:00,108.726,108.7371,108.6495,108.6647,9206
2020-01-03 08:26:00,108.6647,108.6747,108.5316,108.576,8453
2020-01-03 08:27:00,108.576,108.6756,108.5164,108.5845,7564
2020-01-03 08:28:00,108.5845,108.7285,108.5479,108.6781,5836
2020-01-03 08:29:00,108.6781,108.7275,108.6773,108.6932,874
2020-01-03 08:30:00,108.6932,108.7135,108.4356,108.5218,156
2020-01-03 08:31:00,108.5218,108.5309,108.3662,108.4347,6771
2020-01-03 08:32:00,108.4347,108.4593,108.3953,108.4266,7326
2020-01-03 08:33:00,108.4266,108.4819,108.4134,108.4184,9481
2020-01-03 08:34:00,108.4184,108.6518,108.3777,108.6323,4144
2020-01-03 08:35:00,108.6323,108.6447,108.4814,108.4817,645
2020-01-03 08:36:00,108.4817,108.5519,108.4644,108.5366,3080
2020-01-03 08:37:00,108.5366,108.7376,108.5103,108.6982,5006
2020-01-03 08:38:00,108.6982,108.977,108.6163,108.9451,9705
2020-01-03 08:39:00,108.9451,109.009,108.8301,108.901,6495
2020-01-03 08:40:00,108.901,109.0118,108.8827,108.9546,5598
2020-01-03 08:41:00,108.9546,109.0699,108.9193,109.0166,3488
2020-01-03 08:42:00,109.0166,109.0408,108.9932,109.038,3303
2020-01-03 08:43:00,109.038,109.08,109.0037,109.0272,1512
2020-01-03 08:44:00,109.0272,109.123,108.9734,109.0747,671
2020-01-03 08:45:00,109.0747,109.0804,108.7495,108.7985,1840
2020-01-03 08:46:00,108.7985,108.9546,108.7707,108.8727,4027
2020-01-03 08:47:00,108.8727,108.9413,108.8714,108.8864,447
2020-01-03 08:48:00,108.8864,108.9983,108.8503,108.8622,944
2020-01-03 08:49:00,108.8622,109.1101,108.8264,109.0851,2765
2020-01-03 08:50:00,109.0851,109.1258,108.9715,109.0114,4692
2020-01-03 08:51:00,109.0114,109.0342,108.9386,108.9675,6069
2020-01-03 08:52:00,108.9675,109.2155,108.9211,109.1845,6174
2020-01-03 08:53:00,109.1845,109.2388,109.0248,109.0937,3690
2020-01-03 08:54:00,109.0937,109.1006,109.0318,109.0336,8834
2020-01-03 08:55:00,109.0336,109.0869,108.94,109.0176,315
2020-01-03 08:56:00,109.0176,109.2205,109.0122,109.1093,6713
2020-01-03 08:57:00,109.1093,109.1896,109.0429,109.1319,1469
2020-01-03 08:58:00,109.1319,109.1409,108.9716,108.9909,8577
2020-01-03 08:59:00,108.9909,109.0088,108.9037,108.9329,8152
2020-01-03 09:00:00,108.9329,108.9825,108.758,108.8667,3159
2020-01-03 09:01:00,108.8667,108.8808,108.7761,108.8583,150
2020-01-03 09:02:00,108.8583,108.9386,108.8167,108.9047,5638
2020-01-03 09:03:00,108.9047,108.9653,108.8971,108.9502,1825
2020-01-03 09:04:00,108.9502,109.006,108.7388,108.7567,4666
2020-01-03 09:05:00,108.7567,108.9219,108.7456,108.8724,9691
2020-01-03 09:06:00,108.8724,108.9542,108.7736,108.8999,7957
2020-01-03 09:07:00,108.8999,109.1083,108.8952,109.0507,7926
2020-01-03 09:08:00,109.0507,109.1216,109.0378,109.0991,1429
2020-01-03 09:09:00,109.0991,109.2207,109.0616,109.2193,4633
2020-01-03 09:10:00,109.2193,109.3062,109.1543,109.2702,3422
2020-01-03 09:11:00,109.2702,109.4743,109.219,109.4173,2998
2020-01-03 09:12:00,109.4173,109.4935,109.3879,109.4745,9040
2020-01-03 09:13:00,109.4745,109.4967,109.3785,109.4638,623
2020-01-03 09:14:00,109.4638,109.782,109.437,109.7125,8946
2020-01-03 09:15:00,109.7125,109.8741,109.6676,109.8101,4701
2020-01-03 09:16:00,109.8101,110.028,109.7963,109.8731,3053
2020-01-03 09:17:00,109.8731,109.9189,109.6875,109.7328,3289
2020-01-03 09:18:00,109.7328,109.7841,109.488,109.5915,2208
2020-01-03 09:19:00,109.5915,109.6472,109.527,109.6235,1304
2020-01-03 09:20:00,109.6235,109.7093,109.5612,109.6395,4139
2020-01-03 09:21:00,109.6395,109.6429,109.5541,109.5722,4182
2020-01-03 09:22:00,109.5722,109.591,109.5209,109.5876,6556
2020-01-03 09:23:00,109.5876,109.7803,109.5853,109.7617,8556
2020-01-03 09:24:00,109.7617,110.013,109.645,109.838,5248
2020-01-03 09:25:00,109.838,109.9119,109.7056,109.7127,3434
2020-01-03 09:26:00,109.7127,109.7512,109.6653,109.7005,811
2020-01-03 09:27:00,109.7005,109.7505,109.5891,109.6122,9204
2020-01-03 09:28:00,109.6122,109.62,109.5519,109.5697,5810
2020-01-03 09:29:00,109.5697,109.6142,109.462,109.5243,9737
2020-01-03 09:30:00,109.5243,109.5694,109.4475,109.472,431
2020-01-03 09:31:00,109.472,109.4797,109.1993,109.3346,8259
2020-01-03 09:32:00,109.3346,109.3961,109.3146,109.3207,3934
2020-01-03 09:33:00,109.3207,109.3251,109.2539,109.2594,8443
2020-01-03 09:34:00,109.2594,109.3058,108.9064,108.9393,8999
2020-01-03 09:35:00,108.9393,109.1712,108.9346,109.163,7310
2020-01-03 09:36:00,109.163,109.3288,109.1503,109.2818,8712
2020-01-03 09:37:00,109.2818,109.2833,109.2253,109.2407,5904
2020-01-03 09:38:00,109.2407,109.2837,109.237,109.2427,7757
2020-01-03 09:39:00,109.2427,109.2456,109.0815,109.1148,7833
2020-01-03 09:40:00,109.1148,109.3211,109.0667,109.2998,352
2020-01-03 09:41:00,109.2998,109.5183,109.2793,109.5072,9290
2020-01-03 09:42:00,109.5072,109.5625,109.4447,109.5243,5927
2020-01-03 09:43:00,109.5243,109.6971,109.45,109.6364,3655
2020-01-03 09:44:00,109.6364,109.6699,109.6322,109.6556,8584
2020-01-03 09:45:00,109.6556,109.7279,109.4575,109.5091,9532
2020-01-03 09:46:00,109.5091,109.5405,109.4595,109.464,8460
2020-01-03 09:47:00,109.464,109.4816,109.3495,109.4784,7907
2020-01-03 09:48:00,109.4784,109.5134,109.374,109.4286,7652
2020-01-03 09:49:00,109.4286,109.4534,109.3746,109.4047,136
2020-01-03 09:50:00,109.4047,109.4459,109.3421,109.3947,1544
2020-01-03 09:51:00,109.3947,109.5054,109.3016,109.3859,6122
2020-01-03 09:52:00,109.3859,109.4765,109.3228,109.3916,4491
2020-01-03 09:53:00,109.3916,109.4465,109.2541,109.2756,6678
2020-01-03 09:54:00,109.2756,109.3578,109.1683,109.1972,8004
2020-01-03 09:55:00,109.1972,109.2191,109.0249,109.0569,7893
2020-01-03 09:56:00,109.0569,109.1828,109.0482,109.1636,6777
2020-01-03 09:57:00,109.1636,109.2179,108.8925,108.9337,7566
2020-01-03 09:58:00,108.9337,109.0784,108.9061,109.0594,6817
2020-01-03 09:59:00,109.0594,109.2215,108.9846,109.2106,7961
2020-01-03 10:00:00,109.2106,109.3258,109.1738,109.1776,9214
2020-01-03 10:01:00,109.1776,109.2117,108.8555,108.8934,7283
2020-01-03 10:02:00,108.8934,108.9718,108.789,108.854,6520
2020-01-03 10:03:00,108.854,108.8732,108.7863,108.847,4844
2020-01-03 10:04:00,108.847,108.883,108.7174,108.737,4478
2020-01-03 10:05:00,108.737,108.7805,108.6365,108.681,1762
2020-01-03 10:06:00,108.681,108.8781,108.5864,108.8473,1098
2020-01-03 10:07:00,108.8473,108.9216,108.8194,108.9197,4402
2020-01-03 10:08:00,108.9197,108.9342,108.7793,108.819,7930
2020-01-03 10:09:00,108.819,108.8515,108.6135,108.6451,2624
2020-01-03 10:10:00,108.6451,108.69,108.6076,108.6096,6835
2020-01-03 10:11:00,108.6096,108.6508,108.4589,108.5864,230
2020-01-03 10:12:00,108.5864,108.6525,108.5613,108.6403,3116
2020-01-03 10:13:00,108.6403,108.6446,108.5758,108.5821,1286
2020-01-03 10:14:00,108.5821,108.6529,108.5194,108.6377,4394
2020-01-03 10:15:00,108.6377,108.8624,108.5969,108.8479,8235
2020-01-03 10:16:00,108.8479,109.0145,108.766,108.9367,4934
2020-01-03 10:17:00,108.9367,109.0067,108.9223,108.9314,7315
2020-01-03 10:18:00,108.9314,108.938,108.8908,108.9115,8089
2020-01-03 10:19:00,108.9115,108.9225,108.8675,108.8726,9809
2020-01-03 10:20:00,108.8726,109.0247,108.8715,109.0012,4298
2020-01-03 10:21:00,109.0012,109.0141,108.8746,108.9328,105
2020-01-03 10:22:00,108.9328,108.9795,108.9252,108.9377,810
2020-01-03 10:23:00,108.9377,108.9726,108.9188,108.9433,8303
2020-01-03 10:24:00,108.9433,108.9824,108.8302,108.8886,2250
2020-01-03 10:25:00,108.8886,108.9622,108.7186,108.7392,6942
2020-01-03 10:26:00,108.7392,108.8224,108.7241,108.7743,4622
2020-01-03 10:27:00,108.7743,108.783,108.6739,108.7677,5908
2020-01-03 10:28:00,108.7677,108.8832,108.7531,108.8221,5050
2020-01-03 10:29:00,108.8221,108.9128,108.7337,108.764,3382
2020-01-03 10:30:00,108.764,108.9097,108.7549,108.8968,7992
2020-01-03 10:31:00,108.8968,108.9226,108.7126,108.8013,5653
2020-01-03 10:32:00,108.8013,109.0822,108.7966,108.9876,3704
2020-01-03 10:33:00,108.9876,109.006,108.7908,108.7971,7254
2020-01-03 10:34:00,108.7971,108.8525,108.7895,108.8444,7239
2020-01-03 10:35:00,108.8444,108.9787,108.8337,108.8962,4082
2020-01-03 10:36:00,108.8962,108.9209,108.7443,108.8095,277
2020-01-03 10:37:00,108.8095,108.8828,108.7635,108.8557,4613
2020-01-03 10:38:00,108.8557,109.1416,108.8542,108.995,8845
2020-01-03 10:39:00,108.995,109.026,108.6609,108.7534,7874
2020-01-03 10:40:00,108.7534,108.8317,108.7059,108.8081,341
2020-01-03 10:41:00,108.8081,108.8557,108.513,108.5368,9671
2020-01-03 10:42:00,108.5368,108.6061,108.3571,108.432,9888
2020-01-03 10:43:00,108.432,108.6289,108.4095,108.6086,8128
2020-01-03 10:44:00,108.6086,108.648,108.523,108.5454,7495
2020-01-03 10:45:00,108.5454,108.5838,108.3856,108.418,1400
2020-01-03 10:46:00,108.418,108.4928,108.3229,108.3965,8023
2020-01-03 10:47:00,108.3965,108.6547,108.3372,108.6207,7578
2020-01-03 10:48:00,108.6207,108.7175,108.3979,108.4217,3495
2020-01-03 10:49:00,108.4217,108.4525,108.244,108.3078,1170
2020-01-03 10:50:00,108.3078,108.5045,108.2353,108.4699,5017
2020-01-03 10:51:00,108.4699,108.7187,108.4359,108.6714,6773
2020-01-03 10:52:00,108.6714,108.7643,108.6403,108.6602,6743
2020-01-03 10:53:00,108.6602,108.7259,108.4837,108.5256,4387
2020-01-03 10:54:00,108.5256,108.7769,108.4741,108.753,6337
2020-01-03 10:55:00,108.753,108.9757,108.709,108.9264,5126
2020-01-03 10:56:00,108.9264,109.0487,108.8295,109.0004,3905
2020-01-03 10:57:00,109.0004,109.0427,108.9002,108.9118,2314
2020-01-03 10:58:00,108.9118,108.9666,108.8666,108.9065,8221
2020-01-03 10:59:00,108.9065,108.9265,108.7985,108.889,8348
2020-01-03 11:00:00,108.889,109.0929,108.8667,108.9251,6249
2020-01-03 11:01:00,108.9251,109.105,108.9157,109.0831,337
2020-01-03 11:02:00,109.0831,109.2142,109.0481,109.179,832
2020-01-03 11:03:00,109.179,109.2397,108.9799,109.0614,6263
2020-01-03 11:04:00,109.0614,109.2328,108.9868,109.2115,3989
2020-01-03 11:05:00,109.2115,109.3071,109.1776,109.2457,2924
2020-01-03 11:06:00,109.2457,109.38,109.2075,109.3208,1327
2020-01-03 11:07:00,109.3208,109.5379,109.2662,109.4811,6619
2020-01-03 11:08:00,109.4811,109.5964,109.3388,109.3594,2554
2020-01-03 11:09:00,109.3594,109.4012,109.3274,109.3555,6323
2020-01-03 11:10:00,109.3555,109.3987,109.2723,109.2974,867
2020-01-03 11:11:00,109.2974,109.3066,109.0204,109.126,8268
2020-01-03 11:12:00,109.126,109.1925,109.0307,109.1638,2524
2020-01-03 11:13:00,109.1638,109.4797,109.1607,109.438,6283
2020-01-03 11:14:00,109.438,109.5204,109.2247,109.2366,3524
2020-01-03 11:15:00,109.2366,109.2595,109.203,109.2331,4648
2020-01-03 11:16:00,109.2331,109.3999,109.195,109.3031,7690
2020-01-03 11:17:00,109.3031,109.355,109.3027,109.3165,813
2020-01-03 11:18:00,109.3165,109.3516,109.2918,109.3042,185
2020-01-03 11:19:00,109.3042,109.3318,109.1408,109.1622,1678
2020-01-03 11:20:00,109.1622,109.1904,109.0913,109.1876,6479
2020-01-03 11:21:00,109.1876,109.1969,109.0167,109.1049,2116
2020-01-03 11:22:00,109.1049,109.2078,108.8503,108.866,5801
2020-01-03 11:23:00,108.866,109.0164,108.8441,108.9961,3814
2020-01-03 11:24:00,108.9961,109.1377,108.9853,109.1005,9563
2020-01-03 11:25:00,109.1005,109.1421,109.0946,109.1062,9916
2020-01-03 11:26:00,109.1062,109.1639,109.0777,109.1312,2508
2020-01-03 11:27:00,109.1312,109.2954,109.1196,109.2484,6418
2020-01-03 11:28:00,109.2484,109.3059,109.2018,109.2729,7071
2020-01-03 11:29:00,109.2729,109.4858,109.1896,109.3717,2951
2020-01-03 11:30:00,109.3717,109.3878,109.2954,109.3392,1497
2020-01-03 11:31:00,109.3392,109.5422,109.3189,109.4826,4256
2020-01-03 11:32:00,109.4826,109.5221,109.443,109.5177,3341
2020-01-03 11:33:00,109.5177,109.5911,109.4772,109.539,1630
2020-01-03 11:34:00,109.539,109.5447,109.3985,109.3999,874
2020-01-03 11:35:00,109.3999,109.4392,109.3943,109.4312,2561
2020-01-03 11:36:00,109.4312,109.5227,109.3151,109.3402,8085
2020-01-03 11:37:00,109.3402,109.3674,109.2549,109.2704,8407
2020-01-03 11:38:00,109.2704,109.3709,109.142,109.1813,7442
2020-01-03 11:39:00,109.1813,109.2504,109.043,109.0649,5347
2020-01-03 11:40:00,109.0649,109.2997,108.9528,109.2966,7756
2020-01-03 11:41:00,109.2966,109.493,109.2488,109.4422,1449
2020-01-03 11:42:00,109.4422,109.8151,109.4206,109.6523,2845
2020-01-03 11:43:00,109.6523,109.7263,109.5158,109.5182,2947
2020-01-03 11:44:00,109.5182,109.5655,109.4816,109.526,8114
2020-01-03 11:45:00,109.526,109.5546,109.3463,109.3844,726
2020-01-03 11:46:00,109.3844,109.4176,109.297,109.3083,5685
2020-01-03 11:47:00,109.3083,109.3316,109.2057,109.2079,6061
2020-01-03 11:48:00,109.2079,109.3818,109.1842,109.3433,7691
2020-01-03 11:49:00,109.3433,109.3545,109.2581,109.3,9931
2020-01-03 11:50:00,109.3,109.4671,109.2947,109.4167,7230
2020-01-03 11:51:00,109.4167,109.5658,109.3464,109.4828,8528
2020-01-03 11:52:00,109.4828,109.8212,109.4503,109.735,3157
2020-01-03 11:53:00,109.735,109.8026,109.512,109.5727,5967
2020-01-03 11:54:00,109.5727,109.7128,109.5673,109.7107,9259
2020-01-03 11:55:00,109.7107,109.8633,109.6617,109.8364,6036
2020-01-03 11:56:00,109.8364,109.8456,109.6489,109.7295,7305
2020-01-03 11:57:00,109.7295,109.8803,109.7198,109.84,6107
2020-01-03 11:58:00,109.84,109.9521,109.8287,109.877,9311
2020-01-03 11:59:00,109.877,109.8942,109.8354,109.852,2106
2020-01-03 12:00:00,109.852,109.9009,109.7169,109.7615,9854
2020-01-03 12:01:00,109.7615,109.7645,109.6303,109.6825,9133
2020-01-03 12:02:00,109.6825,110.0072,109.6363,109.9074,2303
2020-01-03 12:03:00,109.9074,109.9815,109.8959,109.9074,9104
2020-01-03 12:04:00,109.9074,110.0434,109.806,109.9934,6883
2020-01-03 12:05:00,109.9934,110.0372,109.853,109.9064,3297
2020-01-03 12:06:00,109.9064,109.9448,109.7805,109.8207,5766
2020-01-03 12:07:00,109.8207,110.0032,109.7745,109.9395,7506
2020-01-03 12:08:00,109.9395,109.9646,109.7744,109.7911,9356
2020-01-03 12:09:00,109.7911,109.8655,109.6788,109.7456,2608
2020-01-03 12:10:00,109.7456,109.7531,109.7189,109.7493,1818
2020-01-03 12:11:00,109.7493,109.8064,109.6915,109.7615,2693
2020-01-03 12:12:00,109.7615,109.8194,109.6982,109.7419,1572
2020-01-03 12:13:00,109.7419,109.8248,109.701,109.7853,798
2020-01-03 12:14:00,109.7853,109.9979,109.7392,109.8614,7668
2020-01-03 12:15:00,109.8614,109.9495,109.8299,109.9421,6550
2020-01-03 12:16:00,109.9421,109.962,109.7866,109.8337,9236
2020-01-03 12:17:00,109.8337,109.9008,109.7039,109.8025,8428
2020-01-03 12:18:00,109.8025,110.035,109.7294,109.9337,1325
2020-01-03 12:19:00,109.9337,110.0771,109.8642,110.032,2802
2020-01-03 12:20:00,110.032,110.1111,109.8547,109.881,2304
2020-01-03 12:21:00,109.881,109.9379,109.8618,109.9196,3426
2020-01-03 12:22:00,109.9196,109.9525,109.6114,109.7021,2328
2020-01-03 12:23:00,109.7021,109.7478,109.6734,109.7073,5048
2020-01-03 12:24:00,109.7073,109.948,109.5973,109.9155,3902
2020-01-03 12:25:00,109.9155,109.9918,109.7941,109.8113,3199
2020-01-03 12:26:00,109.8113,109.846,109.7056,109.7197,1638
2020-01-03 12:27:00,109.7197,109.8807,109.7092,109.8035,9860
2020-01-03 12:28:00,109.8035,109.8278,109.5938,109.6341,4264
2020-01-03 12:29:00,109.6341,109.7322,109.5346,109.5647,8893
2020-01-03 12:30:00,109.5647,109.6711,109.5433,109.6301,5074
2020-01-03 12:31:00,109.6301,109.7279,109.549,109.5605,7078
2020-01-03 12:32:00,109.5605,109.6243,109.4979,109.5347,645
2020-01-03 12:33:00,109.5347,109.6176,109.5294,109.6162,6032
2020-01-03 12:34:00,109.6162,109.7846,109.5872,109.6624,6303
2020-01-03 12:35:00,109.6624,109.7123,109.6555,109.6917,8475
2020-01-03 12:36:00,109.6917,109.7211,109.6426,109.6545,937
2020-01-03 12:37:00,109.6545,109.7764,109.623,109.695,1992
2020-01-03 12:38:00,109.695,109.7871,109.6597,109.6815,1488
2020-01-03 12:39:00,109.6815,109.7376,109.6138,109.7317,7265
2020-01-03 12:40:00,109.7317,109.7478,109.662,109.6772,1557
2020-01-03 12:41:00,109.6772,109.6991,109.5919,109.6571,2900
2020-01-03 12:42:00,109.6571,109.7401,109.5322,109.5486,3403
2020-01-03 12:43:00,109.5486,109.62,109.5273,109.5447,9745
2020-01-03 12:44:00,109.5447,109.6151,109.4536,109.4559,7386
2020-01-03 12:45:00,109.4559,109.4818,109.2936,109.334,6573
2020-01-03 12:46:00,109.334,109.3635,109.3238,109.3622,3386
2020-01-03 12:47:00,109.3622,109.4973,109.3374,109.3855,7589
2020-01-03 12:48:00,109.3855,109.5433,109.3251,109.4711,1272
2020-01-03 12:49:00,109.4711,109.5045,109.3949,109.4239,1811
2020-01-03 12:50:00,109.4239,109.4893,109.3753,109.4686,5596
2020-01-03 12:51:00,109.4686,109.6249,109.4081,109.5289,9072
2020-01-03 12:52:00,109.5289,109.6512,109.4979,109.5776,7587
2020-01-03 12:53:00,109.5776,109.5903,109.4188,109.4871,1128
2020-01-03 12:54:00,109.4871,109.5294,109.4857,109.5035,6645
2020-01-03 12:55:00,109.5035,109.5607,109.4924,109.5434,2350
2020-01-03 12:56:00,109.5434,109.6567,109.5162,109.5442,4249
2020-01-03 12:57:00,109.5442,109.6071,109.3078,109.3156,4483
2020-01-03 12:58:00,109.3156,109.3424,109.2735,109.3331,7551
2020-01-03 12:59:00,109.3331,109.586,109.3081,109.575,3769
2020-01-03 13:00:00,109.575,109.6542,109.5262,109.5356,9360
2020-01-03 13:01:00,109.5356,109.5673,109.4426,109.4558,8575
2020-01-03 13:02:00,109.4558,109.582,109.3921,109.4967,9124
2020-01-03 13:03:00,109.4967,109.651,109.4826,109.5309,4777
2020-01-03 13:04:00,109.5309,109.6868,109.4633,109.6615,6190
2020-01-03 13:05:00,109.6615,109.6898,109.4374,109.5236,3588
2020-01-03 13:06:00,109.5236,109.7,109.5037,109.6037,3312
2020-01-03 13:07:00,109.6037,109.7532,109.562,109.6684,1016
2020-01-03 13:08:00,109.6684,109.6702,109.6162,109.6528,8862
2020-01-03 13:09:00,109.6528,109.7742,109.5798,109.69,2194
2020-01-03 13:10:00,109.69,109.9008,109.6604,109.8029,6369
2020-01-03 13:11:00,109.8029,109.9028,109.7298,109.8987,5006
2020-01-03 13:12:00,109.8987,110.0345,109.7492,109.7731,6142
2020-01-03 13:13:00,109.7731,109.8648,109.7374,109.8631,8912
2020-01-03 13:14:00,109.8631,109.8749,109.8374,109.856,9062
2020-01-03 13:15:00,109.856,109.9116,109.7963,109.864,6831
2020-01-03 13:16:00,109.864,109.8915,109.823,109.872,4893
2020-01-03 13:17:00,109.872,109.8767,109.8427,109.8555,9906
2020-01-03 13:18:00,109.8555,110.0639,109.7628,109.9864,164
2020-01-03 13:19:00,109.9864,109.9875,109.964,109.9772,3798
2020-01-03 13:20:00,109.9772,110.0704,109.7708,109.8541,301
2020-01-03 13:21:00,109.8541,109.8743,109.801,109.8109,4337
2020-01-03 13:22:00,109.8109,109.8687,109.7291,109.8305,3269
2020-01-03 13:23:00,109.8305,110.0131,109.7971,109.9655,2964
2020-01-03 13:24:00,109.9655,110.0701,109.9308,110.0318,6460
2020-01-03 13:25:00,110.0318,110.1128,109.8206,109.9382,5512
2020-01-03 13:26:00,109.9382,110.2615,109.8467,110.2115,7775
2020-01-03 13:27:00,110.2115,110.3007,110.1712,110.2406,9449
2020-01-03 13:28:00,110.2406,110.4182,110.2217,110.3812,2409
2020-01-03 13:29:00,110.3812,110.4256,110.2982,110.3645,6527
2020-01-03 13:30:00,110.3645,110.532,110.3019,110.4234,201
2020-01-03 13:31:00,110.4234,110.5541,110.3639,110.5161,476
2020-01-03 13:32:00,110.5161,110.7503,110.4648,110.6507,8497
2020-01-03 13:33:00,110.6507,110.7981,110.6423,110.7677,3763
2020-01-03 13:34:00,110.7677,110.9115,110.7046,110.8643,9926
2020-01-03 13:35:00,110.8643,110.8807,110.8046,110.8294,6394
2020-01-03 13:36:00,110.8294,110.869,110.6959,110.766,1160
2020-01-03 13:37:00,110.766,110.8533,110.7118,110.8028,5693
2020-01-03 13:38:00,110.8028,110.9596,110.7981,110.9062,5663
2020-01-03 13:39:00,110.9062,110.9303,110.8482,110.8815,5224
2020-01-03 13:40:00,110.8815,111.0377,110.7806,110.9996,9181
2020-01-03 13:41:00,110.9996,111.2436,110.9595,111.1609,1662
2020-01-03 13:42:00,111.1609,111.2125,111.0511,111.059,3295
2020-01-03 13:43:00,111.059,111.1007,110.879,110.9661,910
2020-01-03 13:44:00,110.9661,110.995,110.9134,110.9505,9350
2020-01-03 13:45:00,110.9505,111.0486,110.9117,110.9846,9552
2020-01-03 13:46:00,110.9846,111.0664,110.8734,110.9264,8803
2020-01-03 13:47:00,110.9264,111.0959,110.8971,111.0764,4512
2020-01-03 13:48:00,111.0764,111.1889,111.0354,111.1235,4498
2020-01-03 13:49:00,111.1235,111.1628,111.1103,111.1279,9417
2020-01-03 13:50:00,111.1279,111.1625,110.964,110.9683,5531
2020-01-03 13:51:00,110.9683,111.0266,110.8068,110.8223,4277
2020-01-03 13:52:00,110.8223,110.8978,110.7757,110.8534,757
2020-01-03 13:53:00,110.8534,110.886,110.6131,110.617,6436
2020-01-03 13:54:00,110.617,110.7465,110.5033,110.7291,152
2020-01-03 13:55:00,110.7291,110.852,110.7035,110.7115,5210
2020-01-03 13:56:00,110.7115,111.1232,110.6465,111.0706,1208
2020-01-03 13:57:00,111.0706,111.3726,110.9915,111.3269,1086
2020-01-03 13:58:00,111.3269,111.3272,111.2798,111.3067,6126
2020-01-03 13:59:00,111.3067,111.3917,111.2609,111.2949,8147
2020-01-03 14:00:00,111.2949,111.4731,111.2502,111.4057,4836
2020-01-03 14:01:00,111.4057,111.6326,111.3969,111.5954,8502
2020-01-03 14:02:00,111.5954,111.6207,111.3901,111.4126,5059
2020-01-03 14:03:00,111.4126,111.5414,111.21,111.2136,875
2020-01-03 14:04:00,111.2136,111.2527,111.0706,111.1444,9206
2020-01-03 14:05:00,111.1444,111.2505,111.1251,111.2092,7539
2020-01-03 14:06:00,111.2092,111.2957,111.17,111.2645,605
2020-01-03 14:07:00,111.2645,111.4052,111.259,111.3835,3398
2020-01-03 14:08:00,111.3835,111.3992,111.2293,111.2499,4288
2020-01-03 14:09:00,111.2499,111.2708,110.9832,110.9922,4525
2020-01-03 14:10:00,110.9922,111.1025,110.9689,111.0874,3101
2020-01-03 14:11:00,111.0874,111.0903,110.9579,110.9954,360
2020-01-03 14:12:00,110.9954,111.0793,110.7603,110.7714,9001
2020-01-03 14:13:00,110.7714,110.8602,110.7683,110.7875,2051
2020-01-03 14:14:00,110.7875,110.932,110.7285,110.8753,2470
2020-01-03 14:15:00,110.8753,110.9209,110.8388,110.8618,6253
2020-01-03 14:16:00,110.8618,110.9005,110.7013,110.811,8379
2020-01-03 14:17:00,110.811,110.8729,110.7732,110.7934,6583
2020-01-03 14:18:00,110.7934,110.7985,110.6623,110.7523,5768
2020-01-03 14:19:00,110.7523,110.8558,110.58,110.603,2834
2020-01-03 14:20:00,110.603,110.607,110.4315,110.524,2356
2020-01-03 14:21:00,110.524,110.6364,110.4694,110.5816,1172
2020-01-03 14:22:00,110.5816,110.6576,110.5616,110.6172,4021
2020-01-03 14:23:00,110.6172,110.7045,110.5318,110.6357,3069
2020-01-03 14:24:00,110.6357,110.6622,110.4664,110.5256,6042
2020-01-03 14:25:00,110.5256,110.5586,110.5049,110.5056,3377
2020-01-03 14:26:00,110.5056,110.637,110.233,110.265,4069
2020-01-03 14:27:00,110.265,110.3233,110.1832,110.2847,8020
2020-01-03 14:28:00,110.2847,110.5649,110.2418,110.4423,1588
2020-01-03 14:29:00,110.4423,110.4757,110.2191,110.2795,9950
2020-01-03 14:30:00,110.2795,110.2907,110.1672,110.2148,8059
2020-01-03 14:31:00,110.2148,110.2541,110.1482,110.2511,9423
2020-01-03 14:32:00,110.2511,110.4125,110.2313,110.3892,2287
2020-01-03 14:33:00,110.3892,110.3942,110.2929,110.3398,5310
2020-01-03 14:34:00,110.3398,110.3418,110.2107,110.2634,370
2020-01-03 14:35:00,110.2634,110.3098,110.0144,110.0463,7477
2020-01-03 14:36:00,110.0463,110.1503,110.0021,110.0577,9888
2020-01-03 14:37:00,110.0577,110.3644,110.0152,110.2824,465
2020-01-03 14:38:00,110.2824,110.3526,110.2786,110.313,8294
2020-01-03 14:39:00,110.313,110.3186,110.2928,110.3105,3151
2020-01-03 14:40:00,110.3105,110.4509,110.2399,110.3461,883
2020-01-03 14:41:00,110.3461,110.3649,110.3411,110.3449,4583
2020-01-03 14:42:00,110.3449,110.3647,110.2238,110.2551,7238
2020-01-03 14:43:00,110.2551,110.3596,110.2417,110.3459,9324
2020-01-03 14:44:00,110.3459,110.373,110.2828,110.3708,7259
2020-01-03 14:45:00,110.3708,110.4358,110.361,110.3728,5585
2020-01-03 14:46:00,110.3728,110.4151,110.2409,110.2651,337
2020-01-03 14:47:00,110.2651,110.5074,110.1962,110.4088,7158
2020-01-03 14:48:00,110.4088,110.5332,110.3356,110.4822,1562
2020-01-03 14:49:00,110.4822,110.4874,110.3562,110.4211,9163
2020-01-03 14:50:00,110.4211,110.5484,110.4097,110.5318,9513
2020-01-03 14:51:00,110.5318,110.6412,110.4701,110.4768,1766
2020-01-03 14:52:00,110.4768,110.4843,110.3755,110.3904,6396
2020-01-03 14:53:00,110.3904,110.4215,110.2895,110.3065,1756
2020-01-03 14:54:00,110.3065,110.3155,110.0694,110.1112,1231
2020-01-03 14:55:00,110.1112,110.198,110.0529,110.1631,910
2020-01-03 14:56:00,110.1631,110.1858,109.937,109.9613,155
2020-01-03 14:57:00,109.9613,109.9911,109.8015,109.8263,3623
2020-01-03 14:58:00,109.8263,109.8612,109.5893,109.5983,7659
2020-01-03 14:59:00,109.5983,109.6078,109.5683,109.5889,2762
2020-01-03 15:00:00,109.5889,109.7153,109.5607,109.5724,3379
2020-01-03 15:01:00,109.5724,109.6132,109.5151,109.5366,1633
2020-01-03 15:02:00,109.5366,109.554,109.422,109.4224,4111
2020-01-03 15:03:00,109.4224,109.4252,109.2497,109.2941,1033
2020-01-03 15:04:00,109.2941,109.3825,109.2494,109.3449,762
2020-01-03 15:05:00,109.3449,109.4049,109.188,109.2847,3945
2020-01-03 15:06:00,109.2847,109.4489,109.2315,109.3193,3123
2020-01-03 15:07:00,109.3193,109.3483,109.1641,109.2225,6067
2020-01-03 15:08:00,109.2225,109.287,109.2141,109.2423,8435
2020-01-03 15:09:00,109.2423,109.4007,109.2372,109.3846,8007
2020-01-03 15:10:00,109.3846,109.4937,109.327,109.4488,6709
2020-01-03 15:11:00,109.4488,109.4729,109.4,109.4036,6380
2020-01-03 15:12:00,109.4036,109.4814,109.3477,109.4318,8531
2020-01-03 15:13:00,109.4318,109.4433,109.3575,109.4054,2104
2020-01-03 15:14:00,109.4054,109.4501,109.3834,109.4063,6692
2020-01-03 15:15:00,109.4063,109.4312,109.3463,109.3707,5534
2020-01-03 15:16:00,109.3707,109.3926,109.3225,109.3527,4346
2020-01-03 15:17:00,109.3527,109.4166,109.321,109.3759,3496
2020-01-03 15:18:00,109.3759,109.457,109.1805,109.2672,7670
2020-01-03 15:19:00,109.2672,109.4096,109.1559,109.1562,9094
2020-01-03 15:20:00,109.1562,109.1623,108.9939,109.0047,8644
2020-01-03 15:21:00,109.0047,109.0993,108.7469,108.8302,2074
2020-01-03 15:22:00,108.8302,108.9631,108.6969,108.6977,9425
2020-01-03 15:23:00,108.6977,108.7405,108.6841,108.7151,4661
2020-01-03 15:24:00,108.7151,108.7557,108.5902,108.618,1163
2020-01-03 15:25:00,108.618,108.6757,108.6136,108.6738,1495
2020-01-03 15:26:00,108.6738,108.7212,108.644,108.6776,9840
2020-01-03 15:27:00,108.6776,108.7277,108.4134,108.4636,1630
2020-01-03 15:28:00,108.4636,108.6207,108.3432,108.5347,152
2020-01-03 15:29:00,108.5347,108.6746,108.5312,108.6227,3251
2020-01-03 15:30:00,108.6227,108.7282,108.4191,108.5147,5964
2020-01-03 15:31:00,108.5147,108.5633,108.4652,108.5603,5770
2020-01-03 15:32:00,108.5603,108.576,108.4389,108.4673,2886
2020-01-03 15:33:00,108.4673,108.4924,108.3982,108.4779,1244
2020-01-03 15:34:00,108.4779,108.4935,108.2636,108.3408,2212
2020-01-03 15:35:00,108.3408,108.3972,108.0177,108.1465,395
2020-01-03 15:36:00,108.1465,108.151,108.0316,108.1051,4842
2020-01-03 15:37:00,108.1051,108.1478,108.0025,108.0917,1680
2020-01-03 15:38:00,108.0917,108.1156,108.0394,108.0487,6378
2020-01-03 15:39:00,108.0487,108.0579,107.8925,107.9208,2525
2020-01-03 15:40:00,107.9208,107.9363,107.8471,107.8777,8247
2020-01-03 15:41:00,107.8777,107.9971,107.8056,107.9067,7319
2020-01-03 15:42:00,107.9067,107.9087,107.84,107.9019,7111
2020-01-03 15:43:00,107.9019,107.9624,107.8743,107.9216,2727
2020-01-03 15:44:00,107.9216,108.0323,107.8036,107.8492,4905
2020-01-03 15:45:00,107.8492,108.0461,107.8337,107.9756,6246
2020-01-03 15:46:00,107.9756,108.0379,107.7892,107.8486,9885
2020-01-03 15:47:00,107.8486,107.9177,107.8208,107.9012,7718
2020-01-03 15:48:00,107.9012,108.0411,107.8036,108.0287,8801
2020-01-03 15:49:00,108.0287,108.1519,108.0191,108.0807,8035
2020-01-03 15:50:00,108.0807,108.1076,108.0468,108.0588,1991
2020-01-03 15:51:00,108.0588,108.0736,107.9843,108.0017,1561
2020-01-03 15:52:00,108.0017,108.1149,107.994,108.1136,7020
2020-01-03 15:53:00,108.1136,108.1691,107.914,107.9597,2099
2020-01-03 15:54:00,107.9597,108.0249,107.8422,107.855,2070
2020-01-03 15:55:00,107.855,107.9432,107.7696,107.8121,1651
2020-01-03 15:56:00,107.8121,107.9942,107.7612,107.9456,3951
2020-01-03 15:57:00,107.9456,107.9904,107.9224,107.9866,201
2020-01-03 15:58:00,107.9866,107.9946,107.855,107.882,8183
2020-01-03 15:59:00,107.882,107.9079,107.7941,107.8485,1560
2020-01-03 16:00:00,107.8485,107.9306,107.7526,107.7823,9025
2020-01-03 16:01:00,107.7823,107.7878,107.6604,107.7058,632
2020-01-03 16:02:00,107.7058,107.819,107.6291,107.8112,191
2020-01-03 16:03:00,107.8112,107.8122,107.5589,107.6633,1919
2020-01-03 16:04:00,107.6633,107.9326,107.6328,107.8365,1256
2020-01-03 16:05:00,107.8365,107.9458,107.8353,107.9259,5034
2020-01-03 16:06:00,107.9259,108.0452,107.8784,108.0436,8796
2020-01-03 16:07:00,108.0436,108.1226,107.9492,107.9936,5036
2020-01-03 16:08:00,107.9936,108.0015,107.9517,107.9774,4882
2020-01-03 16:09:00,107.9774,108.0388,107.7374,107.8226,6968
2020-01-03 16:10:00,107.8226,107.8718,107.6566,107.7661,9225
2020-01-03 16:11:00,107.7661,107.8303,107.7569,107.8193,9547
2020-01-03 16:12:00,107.8193,108.0391,107.7943,107.959,983
2020-01-03 16:13:00,107.959,107.9955,107.7974,107.8395,2804
2020-01-03 16:14:00,107.8395,107.8476,107.7829,107.8001,6541
2020-01-03 16:15:00,107.8001,107.8139,107.6888,107.7837,4159
2020-01-03 16:16:00,107.7837,107.8371,107.6317,107.6333,4418
2020-01-03 16:17:00,107.6333,107.7192,107.5627,107.697,2209
2020-01-03 16:18:00,107.697,107.703,107.5842,107.619,7172
2020-01-03 16:19:00,107.619,107.6215,107.5948,107.598,9570
2020-01-03 16:20:00,107.598,107.6668,107.4841,107.5493,7718
2020-01-03 16:21:00,107.5493,107.6322,107.416,107.4644,489
2020-01-03 16:22:00,107.4644,107.5104,107.4572,107.4637,1748
2020-01-03 16:23:00,107.4637,107.4697,107.4213,107.4405,9057
2020-01-03 16:24:00,107.4405,107.4767,107.3837,107.4005,8639
2020-01-03 16:25:00,107.4005,107.482,107.2908,107.3223,9637
2020-01-03 16:26:00,107.3223,107.3952,107.301,107.3566,6115
2020-01-03 16:27:00,107.3566,107.5498,107.3032,107.5341,8621
2020-01-03 16:28:00,107.5341,107.585,107.4838,107.5492,3893
2020-01-03 16:29:00,107.5492,107.6926,107.5477,107.6563,6164
2020-01-03 16:30:00,107.6563,107.7062,107.4712,107.5066,9265
2020-01-03 16:31:00,107.5066,107.534,107.4065,107.5236,1345
2020-01-03 16:32:00,107.5236,107.602,107.3893,107.4056,2337
2020-01-03 16:33:00,107.4056,107.4167,107.1929,107.247,2719
2020-01-03 16:34:00,107.247,107.2539,107.0813,107.1677,8496
2020-01-03 16:35:00,107.1677,107.3084,107.0598,107.2954,8015
2020-01-03 16:36:00,107.2954,107.5216,107.2629,107.3973,462
2020-01-03 16:37:00,107.3973,107.4246,107.3947,107.4234,431
2020-01-03 16:38:00,107.4234,107.4397,107.25,107.2588,7693
2020-01-03 16:39:00,107.2588,107.2863,107.1784,107.2377,7087
2020-01-03 16:40:00,107.2377,107.332,107.1937,107.2701,521
2020-01-03 16:41:00,107.2701,107.3362,107.1676,107.2889,9054
2020-01-03 16:42:00,107.2889,107.3299,107.0382,107.0911,2883
2020-01-03 16:43:00,107.0911,107.1967,106.9418,106.9958,5390
2020-01-03 16:44:00,106.9958,107.0697,106.9513,106.9889,348
2020-01-03 16:45:00,106.9889,107.1182,106.9248,107.0463,6424
2020-01-03 16:46:00,107.0463,107.092,106.8104,106.8112,582
2020-01-03 16:47:00,106.8112,106.8466,106.7357,106.7939,5603
2020-01-03 16:48:00,106.7939,106.8403,106.7613,106.8092,4514
2020-01-03 16:49:00,106.8092,106.9246,106.7358,106.8999,8991
2020-01-03 16:50:00,106.8999,107.0117,106.8843,106.974,5332
2020-01-03 16:51:00,106.974,107.0876,106.971,107.0363,3961
2020-01-03 16:52:00,107.0363,107.0415,106.897,106.9507,6806
2020-01-03 16:53:00,106.9507,106.955,106.7223,106.7466,9659
2020-01-03 16:54:00,106.7466,106.7714,106.6908,106.7046,8414
2020-01-03 16:55:00,106.7046,106.8419,106.6967,106.8115,849
2020-01-03 16:56:00,106.8115,107.0233,106.8068,106.9604,1697
2020-01-03 16:57:00,106.9604,107.1051,106.9394,107.0364,8877
2020-01-03 16:58:00,107.0364,107.0834,107.0067,107.0823,6488
2020-01-03 16:59:00,107.0823,107.1802,106.9832,107.123,8835
2020-01-03 17:00:00,107.123,107.1257,107.0331,107.0634,5676
2020-01-03 17:01:00,107.0634,107.0755,107.0112,107.0495,2300
2020-01-03 17:02:00,107.0495,107.2307,107.004,107.2281,2803
2020-01-03 17:03:00,107.2281,107.271,107.1018,107.1271,8306
2020-01-03 17:04:00,107.1271,107.3799,107.0575,107.3001,9758
2020-01-03 17:05:00,107.3001,107.4124,107.264,107.2655,8053
2020-01-03 17:06:00,107.2655,107.4147,107.1938,107.4077,8536
2020-01-03 17:07:00,107.4077,107.4308,107.168,107.2566,2714
2020-01-03 17:08:00,107.2566,107.3557,107.1912,107.3194,9190
2020-01-03 17:09:00,107.3194,107.3904,107.2204,107.2404,1578
2020-01-03 17:10:00,107.2404,107.2864,107.0236,107.0886,9674
2020-01-03 17:11:00,107.0886,107.1879,106.9676,107.112,8343
2020-01-03 17:12:00,107.112,107.3072,107.0908,107.2201,5018
2020-01-03 17:13:00,107.2201,107.3247,107.1078,107.1295,2374
2020-01-03 17:14:00,107.1295,107.1345,106.9316,106.9689,2261
2020-01-03 17:15:00,106.9689,106.9903,106.9028,106.9591,3708
2020-01-03 17:16:00,106.9591,107.1148,106.9204,106.9497,703
2020-01-03 17:17:00,106.9497,107.0857,106.8833,107.0084,4143
2020-01-03 17:18:00,107.0084,107.1515,106.9339,107.11,7354
2020-01-03 17:19:00,107.11,107.2181,107.0693,107.1036,5469
2020-01-03 17:20:00,107.1036,107.3508,107.0388,107.3024,3592
2020-01-03 17:21:00,107.3024,107.3438,107.2759,107.3264,9296
2020-01-03 17:22:00,107.3264,107.3276,107.2796,107.2893,6854
2020-01-03 17:23:00,107.2893,107.3795,107.0816,107.1164,3234
2020-01-03 17:24:00,107.1164,107.2314,107.0866,107.0882,914
2020-01-03 17:25:00,107.0882,107.1196,107.0234,107.0522,8823
2020-01-03 17:26:00,107.0522,107.2621,107.0062,107.155,858
2020-01-03 17:27:00,107.155,107.317,107.0971,107.2046,105
2020-01-03 17:28:00,107.2046,107.2754,107.0361,107.0781,8876
2020-01-03 17:29:00,107.0781,107.0991,107.0749,107.0966,3776
2020-01-03 17:30:00,107.0966,107.1783,107.0797,107.1685,1634
2020-01-03 17:31:00,107.1685,107.4283,107.1604,107.3322,1584
2020-01-03 17:32:00,107.3322,107.468,107.3086,107.4275,2366
2020-01-03 17:33:00,107.4275,107.5251,107.4138,107.5092,2514
2020-01-03 17:34:00,107.5092,107.5269,107.4833,107.5157,660
2020-01-03 17:35:00,107.5157,107.5789,107.4719,107.5574,4559
2020-01-03 17:36:00,107.5574,107.7477,107.4814,107.6918,9705
2020-01-03 17:37:00,107.6918,107.7341,107.488,107.5483,1418
2020-01-03 17:38:00,107.5483,107.6133,107.4911,107.5107,2652
2020-01-03 17:39:00,107.5107,107.5239,107.3416,107.4277,6420
2020-01-03 17:40:00,107.4277,107.5013,107.3534,107.4684,5518
2020-01-03 17:41:00,107.4684,107.649,107.4124,107.6006,2960
2020-01-03 17:42:00,107.6006,107.7595,107.5243,107.5364,6820
2020-01-03 17:43:00,107.5364,107.5645,107.2551,107.2793,1177
2020-01-03 17:44:00,107.2793,107.3258,107.1133,107.2351,5539
2020-01-03 17:45:00,107.2351,107.3518,107.1467,107.3331,2626
2020-01-03 17:46:00,107.3331,107.5672,107.2807,107.3908,821
2020-01-03 17:47:00,107.3908,107.4741,107.3848,107.4367,9536
2020-01-03 17:48:00,107.4367,107.5837,107.3645,107.4067,5901
2020-01-03 17:49:00,107.4067,107.4372,107.2634,107.2693,6153
2020-01-03 17:50:00,107.2693,107.3584,107.1689,107.3246,1445
2020-01-03 17:51:00,107.3246,107.3432,107.2299,107.235,845
2020-01-03 17:52:00,107.235,107.5649,107.217,107.4692,8224
2020-01-03 17:53:00,107.4692,107.6289,107.3515,107.5306,5699
2020-01-03 17:54:00,107.5306,107.5615,107.3637,107.4681,977
2020-01-03 17:55:00,107.4681,107.4817,107.3857,107.4024,8425
2020-01-03 17:56:00,107.4024,107.4792,107.3563,107.3924,4913
2020-01-03 17:57:00,107.3924,107.4367,107.3041,107.3667,9339
2020-01-03 17:58:00,107.3667,107.5701,107.3296,107.4866,7864
2020-01-03 17:59:00,107.4866,107.5088,107.4281,107.5067,7409
2020-01-03 18:00:00,107.5067,107.5425,107.4144,107.428,9754
2020-01-03 18:01:00,107.428,107.6505,107.4275,107.6311,1447
2020-01-03 18:02:00,107.6311,107.6589,107.583,107.6364,1464
2020-01-03 18:03:00,107.6364,107.7235,107.6248,107.7191,9523
2020-01-03 18:04:00,107.7191,107.7288,107.6261,107.6536,4361
2020-01-03 18:05:00,107.6536,107.7021,107.6228,107.6927,7308
2020-01-03 18:06:00,107.6927,107.7799,107.647,107.7262,4182
2020-01-03 18:07:00,107.7262,107.7659,107.4923,107.5227,1679
2020-01-03 18:08:00,107.5227,107.7923,107.4776,107.7393,5699
2020-01-03 18:09:00,107.7393,107.9329,107.7252,107.8784,3519
2020-01-03 18:10:00,107.8784,107.8921,107.8023,107.8356,2117
2020-01-03 18:11:00,107.8356,107.8753,107.6788,107.7167,4117
2020-01-03 18:12:00,107.7167,107.7621,107.6817,107.7541,3137
2020-01-03 18:13:00,107.7541,107.7981,107.7243,107.7635,861
2020-01-03 18:14:00,107.7635,107.8159,107.7489,107.8018,698
2020-01-03 18:15:00,107.8018,107.8403,107.7392,107.8224,3843
2020-01-03 18:16:00,107.8224,107.9245,107.8183,107.877,8708
2020-01-03 18:17:00,107.877,108.0512,107.8176,108.0332,3517
2020-01-03 18:18:00,108.0332,108.1116,107.9363,108.0945,6310
2020-01-03 18:19:00,108.0945,108.1071,107.968,107.9811,2664
2020-01-03 18:20:00,107.9811,108.1993,107.9463,108.1282,8241
2020-01-03 18:21:00,108.1282,108.3365,108.0937,108.3056,1182
2020-01-03 18:22:00,108.3056,108.6689,108.2497,108.647,687
2020-01-03 18:23:00,108.647,108.6508,108.5143,108.5249,7283
2020-01-03 18:24:00,108.5249,108.5745,108.451,108.5513,3758
2020-01-03 18:25:00,108.5513,108.5868,108.2745,108.3253,5680
2020-01-03 18:26:00,108.3253,108.3912,108.2932,108.3852,6013
2020-01-03 18:27:00,108.3852,108.4452,108.298,108.3258,5126
2020-01-03 18:28:00,108.3258,108.585,108.2873,108.5341,7154
2020-01-03 18:29:00,108.5341,108.6063,108.4338,108.4501,9651
2020-01-03 18:30:00,108.4501,108.5201,108.1667,108.2669,880
2020-01-03 18:31:00,108.2669,108.3302,108.1875,108.2158,9828
2020-01-03 18:32:00,108.2158,108.2481,107.9419,108.0021,270
2020-01-03 18:33:00,108.0021,108.1592,107.9804,108.0832,5119
2020-01-03 18:34:00,108.0832,108.0993,107.8432,107.86,4324
2020-01-03 18:35:00,107.86,107.8964,107.7972,107.8631,2827
2020-01-03 18:36:00,107.8631,107.8855,107.6029,107.6389,2208
2020-01-03 18:37:00,107.6389,107.6597,107.5932,107.6045,9950
2020-01-03 18:38:00,107.6045,107.7916,107.5934,107.7813,6716
2020-01-03 18:39:00,107.7813,107.8259,107.7523,107.8202,2885
2020-01-03 18:40:00,107.8202,107.8323,107.6909,107.7271,496
2020-01-03 18:41:00,107.7271,107.7384,107.6853,107.7237,9095
2020-01-03 18:42:00,107.7237,107.846,107.6469,107.7256,8131
2020-01-03 18:43:00,107.7256,107.8202,107.6252,107.7766,3104
2020-01-03 18:44:00,107.7766,107.9102,107.5793,107.6292,7864
2020-01-03 18:45:00,107.6292,107.7198,107.5932,107.693,8946
2020-01-03 18:46:00,107.693,107.6976,107.3404,107.4018,7744
2020-01-03 18:47:00,107.4018,107.4733,107.3055,107.3341,8559
2020-01-03 18:48:00,107.3341,107.3776,107.2454,107.2817,1192
2020-01-03 18:49:00,107.2817,107.4517,107.2336,107.3497,9760
2020-01-03 18:50:00,107.3497,107.3801,107.3367,107.3521,9613
2020-01-03 18:51:00,107.3521,107.4551,107.1835,107.2012,1597
2020-01-03 18:52:00,107.2012,107.2678,107.0821,107.0956,7427
2020-01-03 18:53:00,107.0956,107.1733,107.0496,107.1169,5093
2020-01-03 18:54:00,107.1169,107.1352,107.0915,107.1084,3179
2020-01-03 18:55:00,107.1084,107.1118,106.9801,107.0464,9800
2020-01-03 18:56:00,107.0464,107.0958,106.977,106.9949,9113
2020-01-03 18:57:00,106.9949,107.0935,106.9868,107.0694,2235
2020-01-03 18:58:00,107.0694,107.0917,107.0029,107.014,1264
2020-01-03 18:59:00,107.014,107.0211,106.9893,107.0045,2672
2020-01-03 19:00:00,107.0045,107.2538,106.9683,107.2367,5021
2020-01-03 19:01:00,107.2367,107.2858,107.0477,107.0841,4770
2020-01-03 19:02:00,107.0841,107.1316,106.8145,106.8858,786
2020-01-03 19:03:00,106.8858,107.0245,106.8523,106.9695,9266
2020-01-03 19:04:00,106.9695,107.0673,106.8469,106.8969,8797
2020-01-03 19:05:00,106.8969,106.9834,106.7722,106.8629,1870
2020-01-03 19:06:00,106.8629,106.8812,106.7705,106.7794,173
2020-01-03 19:07:00,106.7794,106.8207,106.7131,106.7517,5001
2020-01-03 19:08:00,106.7517,106.9619,106.6927,106.9223,680
2020-01-03 19:09:00,106.9223,107.0876,106.8959,107.0081,8514
2020-01-03 19:10:00,107.0081,107.1602,106.9133,107.1004,996
2020-01-03 19:11:00,107.1004,107.1272,106.9206,106.9487,2533
2020-01-03 19:12:00,106.9487,107.0068,106.8107,106.8256,4052
2020-01-03 19:13:00,106.8256,106.9173,106.4073,106.5223,7552
2020-01-03 19:14:00,106.5223,106.5501,106.4315,106.4361,2269
2020-01-03 19:15:00,106.4361,106.5864,106.4277,106.5379,9024
2020-01-03 19:16:00,106.5379,106.6582,106.4749,106.593,1564
2020-01-03 19:17:00,106.593,106.6134,106.5549,106.5694,922
2020-01-03 19:18:00,106.5694,106.6144,106.5666,106.567,8748
2020-01-03 19:19:00,106.567,106.5955,106.4301,106.4936,2239
2020-01-03 19:20:00,106.4936,106.5613,106.4446,106.5154,4781
2020-01-03 19:21:00,106.5154,106.6282,106.4708,106.597,8605
2020-01-03 19:22:00,106.597,106.6659,106.4093,106.4247,2749
2020-01-03 19:23:00,106.4247,106.4979,106.4141,106.4566,5189
2020-01-03 19:24:00,106.4566,106.5625,106.4179,106.5559,3979
2020-01-03 19:25:00,106.5559,106.5976,106.5009,106.5116,7153
2020-01-03 19:26:00,106.5116,106.603,106.4088,106.5863,1589
2020-01-03 19:27:00,106.5863,106.8887,106.5603,106.8863,1764
2020-01-03 19:28:00,106.8863,106.9281,106.8317,106.8751,2632
2020-01-03 19:29:00,106.8751,106.9685,106.8543,106.9171,755
2020-01-03 19:30:00,106.9171,106.9325,106.7604,106.8382,3818
2020-01-03 19:31:00,106.8382,106.9027,106.8311,106.8576,4082
2020-01-03 19:32:00,106.8576,106.9501,106.8575,106.9068,2774
2020-01-03 19:33:00,106.9068,106.9778,106.8795,106.9276,7544
2020-01-03 19:34:00,106.9276,106.9318,106.7916,106.8186,6309
2020-01-03 19:35:00,106.8186,106.891,106.7695,106.8406,7966
2020-01-03 19:36:00,106.8406,107.0774,106.8374,106.9968,4115
2020-01-03 19:37:00,106.9968,107.0837,106.9949,107.0448,6076
2020-01-03 19:38:00,107.0448,107.263,107.0303,107.1478,300
2020-01-03 19:39:00,107.1478,107.2016,107.1069,107.1224,6711
2020-01-03 19:40:00,107.1224,107.2608,106.9838,107.2028,8429
2020-01-03 19:41:00,107.2028,107.2714,107.1397,107.2327,1175
2020-01-03 19:42:00,107.2327,107.2794,107.0782,107.1307,1848
2020-01-03 19:43:00,107.1307,107.2048,107.0673,107.1649,1575
2020-01-03 19:44:00,107.1649,107.1677,107.0322,107.0586,7045
2020-01-03 19:45:00,107.0586,107.0896,106.956,106.9908,5057
2020-01-03 19:46:00,106.9908,107.0469,106.9018,107.0111,4004
2020-01-03 19:47:00,107.0111,107.0934,106.8938,107.0429,548
2020-01-03 19:48:00,107.0429,107.0959,106.8791,106.9156,168
2020-01-03 19:49:00,106.9156,107.0773,106.853,107.0283,7196
2020-01-03 19:50:00,107.0283,107.0955,107.0085,107.0895,5008
2020-01-03 19:51:00,107.0895,107.1007,106.9286,107.014,7469
2020-01-03 19:52:00,107.014,107.0649,106.7687,106.8495,7841
2020-01-03 19:53:00,106.8495,106.8639,106.7746,106.834,1290
2020-01-03 19:54:00,106.834,106.9549,106.758,106.7864,1840
2020-01-03 19:55:00,106.7864,106.8254,106.7641,106.7984,3292
2020-01-03 19:56:00,106.7984,106.8216,106.7478,106.7597,3992
2020-01-03 19:57:00,106.7597,106.7895,106.5192,106.5453,8388
2020-01-03 19:58:00,106.5453,106.5751,106.4283,106.504,9806
2020-01-03 19:59:00,106.504,106.5396,106.3908,106.4714,6143
2020-01-03 20:00:00,106.4714,106.5772,106.4494,106.5389,1176
2020-01-03 20:01:00,106.5389,106.6365,106.3735,106.4645,108
2020-01-03 20:02:00,106.4645,106.6616,106.3497,106.6432,350
2020-01-03 20:03:00,106.6432,106.6763,106.4266,106.4394,8651
2020-01-03 20:04:00,106.4394,106.6103,106.4044,106.5789,2496
2020-01-03 20:05:00,106.5789,106.6063,106.5517,106.555,223
2020-01-03 20:06:00,106.555,106.7198,106.5512,106.6466,9120
2020-01-03 20:07:00,106.6466,106.7228,106.6037,106.6551,9726
2020-01-03 20:08:00,106.6551,106.8123,106.6202,106.7767,7772
2020-01-03 20:09:00,106.7767,106.8066,106.6457,106.7353,2177
2020-01-03 20:10:00,106.7353,106.7361,106.4998,106.618,9407
2020-01-03 20:11:00,106.618,106.784,106.6139,106.7695,695
2020-01-03 20:12:00,106.7695,106.8491,106.7056,106.7574,3186
2020-01-03 20:13:00,106.7574,106.8024,106.6778,106.781,7064
2020-01-03 20:14:00,106.781,106.9182,106.7207,106.9129,1844
2020-01-03 20:15:00,106.9129,106.9464,106.7823,106.8025,122
2020-01-03 20:16:00,106.8025,106.9028,106.7809,106.8661,8617
2020-01-03 20:17:00,106.8661,106.9153,106.7251,106.8031,5072
2020-01-03 20:18:00,106.8031,106.8073,106.7885,106.789,8254
2020-01-03 20:19:00,106.789,106.809,106.6951,106.7967,362
2020-01-03 20:20:00,106.7967,106.9121,106.6238,106.6365,1685
2020-01-03 20:21:00,106.6365,106.6589,106.4796,106.5534,532
2020-01-03 20:22:00,106.5534,106.751,106.4891,106.6974,8851
2020-01-03 20:23:00,106.6974,106.8146,106.6664,106.7919,6411
2020-01-03 20:24:00,106.7919,106.8313,106.7749,106.7853,9994
2020-01-03 20:25:00,106.7853,106.9329,106.7539,106.8112,2588
2020-01-03 20:26:00,106.8112,106.9084,106.7607,106.7798,5794
2020-01-03 20:27:00,106.7798,106.9496,106.7376,106.9246,6171
2020-01-03 20:28:00,106.9246,106.9855,106.8811,106.9032,313
2020-01-03 20:29:00,106.9032,107.047,106.8435,106.928,9957
2020-01-03 20:30:00,106.928,107.0927,106.9096,107.0505,7123
2020-01-03 20:31:00,107.0505,107.0757,106.9563,106.9673,8021
2020-01-03 20:32:00,106.9673,107.1467,106.956,107.1341,3578
2020-01-03 20:33:00,107.1341,107.1603,106.9691,106.9701,2897
2020-01-03 20:34:00,106.9701,107.281,106.8847,107.1444,9333
2020-01-03 20:35:00,107.1444,107.1651,107.0914,107.1045,2491
2020-01-03 20:36:00,107.1045,107.1336,107.0784,107.0785,5465
2020-01-03 20:37:00,107.0785,107.1643,106.8634,106.8761,9375
2020-01-03 20:38:00,106.8761,106.9182,106.7825,106.8275,5861
2020-01-03 20:39:00,106.8275,106.874,106.6787,106.7164,7316
2020-01-03 20:40:00,106.7164,106.8594,106.637,106.6516,2050
2020-01-03 20:41:00,106.6516,106.6672,106.5753,106.6369,6923
2020-01-03 20:42:00,106.6369,106.7872,106.5889,106.7391,947
2020-01-03 20:43:00,106.7391,106.7939,106.7293,106.7612,5602
2020-01-03 20:44:00,106.7612,106.9085,106.6892,106.7941,7576
2020-01-03 20:45:00,106.7941,106.8078,106.6638,106.6771,4771
2020-01-03 20:46:00,106.6771,106.6849,106.5515,106.5831,8836
2020-01-03 20:47:00,106.5831,106.8476,106.4893,106.7749,4253
2020-01-03 20:48:00,106.7749,106.7902,106.6156,106.6964,2211
2020-01-03 20:49:00,106.6964,106.9788,106.666,106.8731,2272
2020-01-03 20:50:00,106.8731,106.9101,106.8046,106.8471,8671
2020-01-03 20:51:00,106.8471,106.886,106.7957,106.8473,9453
2020-01-03 20:52:00,106.8473,107.0344,106.8385,106.9617,165
2020-01-03 20:53:00,106.9617,107.1524,106.9572,107.0977,5398
2020-01-03 20:54:00,107.0977,107.1063,107.0062,107.0859,897
2020-01-03 20:55:00,107.0859,107.1161,107.0347,107.0443,5390
2020-01-03 20:56:00,107.0443,107.068,107.0069,107.0383,731
2020-01-03 20:57:00,107.0383,107.1208,106.9917,107.0745,9659
2020-01-03 20:58:00,107.0745,107.2981,107.0401,107.1699,3358
2020-01-03 20:59:00,107.1699,107.189,107.1631,107.1704,7201
2020-01-03 21:00:00,107.1704,107.2449,107.1686,107.2367,8518
2020-01-03 21:01:00,107.2367,107.4428,107.195,107.4124,7533
2020-01-03 21:02:00,107.4124,107.4944,107.3707,107.4534,8483
2020-01-03 21:03:00,107.4534,107.4893,107.3906,107.4868,2899
2020-01-03 21:04:00,107.4868,107.5577,107.294,107.3236,5825
2020-01-03 21:05:00,107.3236,107.4272,107.0093,107.0412,1249
2020-01-03 21:06:00,107.0412,107.1433,107.0174,107.0828,3103
2020-01-03 21:07:00,107.0828,107.2109,107.0415,107.0727,3645
2020-01-03 21:08:00,107.0727,107.1113,106.9758,107.0175,119
2020-01-03 21:09:00,107.0175,107.0537,106.9868,107.0436,8724
2020-01-03 21:10:00,107.0436,107.0533,107.036,107.0371,1099
2020-01-03 21:11:00,107.0371,107.1711,106.9633,107.1578,2758
2020-01-03 21:12:00,107.1578,107.2296,107.0924,107.1671,2634
2020-01-03 21:13:00,107.1671,107.1934,107.0709,107.087,4525
2020-01-03 21:14:00,107.087,107.224,107.0712,107.1931,1790
2020-01-03 21:15:00,107.1931,107.2117,107.1632,107.1698,7574
2020-01-03 21:16:00,107.1698,107.3302,107.1233,107.2262,6428
2020-01-03 21:17:00,107.2262,107.266,107.1731,107.175,8626
2020-01-03 21:18:00,107.175,107.2418,107.0755,107.1054,2653
2020-01-03 21:19:00,107.1054,107.1457,107.0403,107.1144,2610
2020-01-03 21:20:00,107.1144,107.1724,107.1047,107.1158,6152
2020-01-03 21:21:00,107.1158,107.1839,107.0849,107.1672,7238
2020-01-03 21:22:00,107.1672,107.1731,107.1127,107.1384,1971
2020-01-03 21:23:00,107.1384,107.226,106.8897,106.9416,1704
2020-01-03 21:24:00,106.9416,106.9974,106.8415,106.8953,9848
2020-01-03 21:25:00,106.8953,106.9911,106.8846,106.9802,7243
2020-01-03 21:26:00,106.9802,107.0036,106.9352,106.9484,9080
2020-01-03 21:27:00,106.9484,106.9762,106.8979,106.922,741
2020-01-03 21:28:00,106.922,107.0516,106.8883,107.0275,7402
2020-01-03 21:29:00,107.0275,107.1392,106.9218,106.9513,7470
2020-01-03 21:30:00,106.9513,107.0206,106.7066,106.7863,3206
2020-01-03 21:31:00,106.7863,106.8642,106.7141,106.7691,9743
2020-01-03 21:32:00,106.7691,106.834,106.6577,106.7175,3089
2020-01-03 21:33:00,106.7175,106.8189,106.5999,106.6143,5018
2020-01-03 21:34:00,106.6143,106.699,106.5886,106.5956,4403
2020-01-03 21:35:00,106.5956,106.6944,106.587,106.648,9170
2020-01-03 21:36:00,106.648,106.7276,106.559,106.647,7842
2020-01-03 21:37:00,106.647,106.7799,106.485,106.6798,2489
2020-01-03 21:38:00,106.6798,106.9591,106.5927,106.8732,1712
2020-01-03 21:39:00,106.8732,106.8993,106.784,106.8366,7732
2020-01-03 21:40:00,106.8366,106.8766,106.8282,106.8663,3564
2020-01-03 21:41:00,106.8663,106.9514,106.7559,106.8119,7080
2020-01-03 21:42:00,106.8119,106.8218,106.6704,106.7215,8862
2020-01-03 21:43:00,106.7215,106.754,106.5839,106.6591,9466
2020-01-03 21:44:00,106.6591,106.6757,106.5928,106.608,5839
2020-01-03 21:45:00,106.608,106.6714,106.5606,106.6463,5326
2020-01-03 21:46:00,106.6463,106.9204,106.5969,106.8969,5358
2020-01-03 21:47:00,106.8969,106.9064,106.814,106.8203,379
2020-01-03 21:48:00,106.8203,106.9247,106.7633,106.7758,6315
2020-01-03 21:49:00,106.7758,106.8248,106.7437,106.7691,2770
2020-01-03 21:50:00,106.7691,106.8872,106.7154,106.8113,5957
2020-01-03 21:51:00,106.8113,106.8495,106.7257,106.8395,2253
2020-01-03 21:52:00,106.8395,106.9939,106.7756,106.9767,7768
2020-01-03 21:53:00,106.9767,107.0365,106.6839,106.7171,6402
2020-01-03 21:54:00,106.7171,106.7774,106.4426,106.4624,5369
2020-01-03 21:55:00,106.4624,106.4744,106.3315,106.4096,4209
2020-01-03 21:56:00,106.4096,106.5337,106.4017,106.5264,2152
2020-01-03 21:57:00,106.5264,106.5499,106.3153,106.3596,3166
2020-01-03 21:58:00,106.3596,106.3649,105.956,106.0397,9149
2020-01-03 21:59:00,106.0397,106.1102,105.9982,106.1003,7346
2020-01-03 22:00:00,106.1003,106.2004,106.0457,106.1261,7872
2020-01-03 22:01:00,106.1261,106.1357,105.9761,106.0104,5986
2020-01-03 22:02:00,106.0104,106.0808,105.8357,105.9059,9068
2020-01-03 22:03:00,105.9059,105.9147,105.7823,105.8032,7645
2020-01-03 22:04:00,105.8032,105.8876,105.7655,105.8149,3548
2020-01-03 22:05:00,105.8149,105.8298,105.7288,105.7486,7413
2020-01-03 22:06:00,105.7486,105.8629,105.7173,105.8009,7922
2020-01-03 22:07:00,105.8009,105.8076,105.4851,105.4989,1655
2020-01-03 22:08:00,105.4989,105.5428,105.3961,105.4085,5789
2020-01-03 22:09:00,105.4085,105.4398,105.276,105.2898,3467
2020-01-03 22:10:00,105.2898,105.2976,105.2187,105.2628,677
2020-01-03 22:11:00,105.2628,105.3528,105.1634,105.2062,5616
2020-01-03 22:12:00,105.2062,105.3513,105.1691,105.2901,2622
2020-01-03 22:13:00,105.2901,105.2981,105.0019,105.0943,5793
2020-01-03 22:14:00,105.0943,105.1367,105.0901,105.0991,145
2020-01-03 22:15:00,105.0991,105.1785,105.0821,105.1578,5824
2020-01-03 22:16:00,105.1578,105.3548,105.1263,105.353,1080
2020-01-03 22:17:00,105.353,105.3721,105.2272,105.3023,5647
2020-01-03 22:18:00,105.3023,105.3768,105.3016,105.3364,3394
2020-01-03 22:19:00,105.3364,105.4119,105.1284,105.1464,6088
2020-01-03 22:20:00,105.1464,105.1884,104.795,104.8949,2214
2020-01-03 22:21:00,104.8949,105.0319,104.8386,104.9835,8917
2020-01-03 22:22:00,104.9835,105.032,104.9781,104.9829,3654
2020-01-03 22:23:00,104.9829,105.1356,104.956,105.1067,7829
2020-01-03 22:24:00,105.1067,105.1665,104.9527,104.9623,357
2020-01-03 22:25:00,104.9623,105.1062,104.9329,105.0169,4143
2020-01-03 22:26:00,105.0169,105.3081,104.9602,105.2131,7051
2020-01-03 22:27:00,105.2131,105.2696,105.1296,105.2573,352
2020-01-03 22:28:00,105.2573,105.3059,105.2529,105.2864,5800
2020-01-03 22:29:00,105.2864,105.3196,105.2217,105.2873,9504
2020-01-03 22:30:00,105.2873,105.3163,105.0764,105.1219,6396
2020-01-03 22:31:00,105.1219,105.275,105.0729,105.2644,2224
2020-01-03 22:32:00,105.2644,105.3302,105.1902,105.2001,6946
2020-01-03 22:33:00,105.2001,105.2693,105.1702,105.2532,9016
2020-01-03 22:34:00,105.2532,105.2822,105.052,105.0887,4763
2020-01-03 22:35:00,105.0887,105.1268,104.9321,104.9647,5974
2020-01-03 22:36:00,104.9647,105.1337,104.9536,105.1154,9469
2020-01-03 22:37:00,105.1154,105.1296,105.015,105.0789,2302
2020-01-03 22:38:00,105.0789,105.2839,104.9765,105.2316,2941
2020-01-03 22:39:00,105.2316,105.235,105.1243,105.2233,370
2020-01-03 22:40:00,105.2233,105.2478,104.9653,105.0295,8853
2020-01-03 22:41:00,105.0295,105.1327,105.0018,105.1232,5609
2020-01-03 22:42:00,105.1232,105.215,104.9818,105.0612,3239
2020-01-03 22:43:00,105.0612,105.1442,105.0534,105.1346,1793
2020-01-03 22:44:00,105.1346,105.1734,105.103,105.1373,9136
2020-01-03 22:45:00,105.1373,105.1551,104.9002,104.975,3723
2020-01-03 22:46:00,104.975,105.0721,104.8994,104.9923,5094
2020-01-03 22:47:00,104.9923,105.2367,104.9725,105.2229,7180
2020-01-03 22:48:00,105.2229,105.3004,105.1465,105.2747,9394
2020-01-03 22:49:00,105.2747,105.3165,105.2479,105.2687,850
2020-01-03 22:50:00,105.2687,105.5053,105.2394,105.3819,7839
2020-01-03 22:51:00,105.3819,105.4117,105.3451,105.4041,4513
2020-01-03 22:52:00,105.4041,105.4812,105.3679,105.4262,8114
2020-01-03 22:53:00,105.4262,105.4709,105.2966,105.3111,2186
2020-01-03 22:54:00,105.3111,105.434,105.3089,105.3357,5801
2020-01-03 22:55:00,105.3357,105.4618,105.3141,105.4448,3965
2020-01-03 22:56:00,105.4448,105.4891,105.3558,105.3566,8798
2020-01-03 22:57:00,105.3566,105.5715,105.2637,105.5067,428
2020-01-03 22:58:00,105.5067,105.5603,105.4651,105.497,8513
2020-01-03 22:59:00,105.497,105.5036,105.3458,105.4034,3987
2020-01-03 23:00:00,105.4034,105.5454,105.3549,105.5085,6916
2020-01-03 23:01:00,105.5085,105.5128,105.4205,105.4783,6416
2020-01-03 23:02:00,105.4783,105.5826,105.4445,105.5584,9270
2020-01-03 23:03:00,105.5584,105.6063,105.4484,105.5276,3193
2020-01-03 23:04:00,105.5276,105.5452,105.4928,105.5213,7053
2020-01-03 23:05:00,105.5213,105.5934,105.4942,105.5733,720
2020-01-03 23:06:00,105.5733,105.6334,105.4917,105.604,3565
2020-01-03 23:07:00,105.604,105.6495,105.3865,105.3933,6290
2020-01-03 23:08:00,105.3933,105.4133,105.2468,105.2751,9923
2020-01-03 23:09:00,105.2751,105.417,105.2672,105.373,5344
2020-01-03 23:10:00,105.373,105.3825,105.3533,105.3591,5514
2020-01-03 23:11:00,105.3591,105.409,105.2865,105.3039,5035
2020-01-03 23:12:00,105.3039,105.3767,105.0311,105.1608,9852
2020-01-03 23:13:00,105.1608,105.2709,104.9852,105.0473,6813
2020-01-03 23:14:00,105.0473,105.1265,104.7891,104.8349,6174
2020-01-03 23:15:00,104.8349,104.8617,104.8235,104.8243,6781
2020-01-03 23:16:00,104.8243,104.8561,104.7168,104.7615,5516
2020-01-03 23:17:00,104.7615,104.8179,104.6577,104.6603,8335
2020-01-03 23:18:00,104.6603,104.6989,104.5803,104.6531,4569
2020-01-03 23:19:00,104.6531,104.7056,104.622,104.6912,6856
2020-01-03 23:20:00,104.6912,104.9935,104.6888,104.9104,1127
2020-01-03 23:21:00,104.9104,104.9851,104.6705,104.7518,9124
2020-01-03 23:22:00,104.7518,104.8815,104.7252,104.8732,7900
2020-01-03 23:23:00,104.8732,104.9961,104.8227,104.9753,1488
2020-01-03 23:24:00,104.9753,104.9951,104.8173,104.8935,1012
2020-01-03 23:25:00,104.8935,105.0205,104.8368,104.9148,9384
2020-01-03 23:26:00,104.9148,104.9459,104.7527,104.8668,7739
2020-01-03 23:27:00,104.8668,104.9,104.7631,104.8863,7772
2020-01-03 23:28:00,104.8863,105.0547,104.8634,105.0445,5532
2020-01-03 23:29:00,105.0445,105.1753,105.0051,105.1082,5291
2020-01-03 23:30:00,105.1082,105.2344,105.0898,105.1616,9561
2020-01-03 23:31:00,105.1616,105.193,105.0846,105.1164,857
2020-01-03 23:32:00,105.1164,105.161,104.9312,104.9604,8143
2020-01-03 23:33:00,104.9604,104.975,104.9028,104.9385,5292
2020-01-03 23:34:00,104.9385,105.0686,104.8672,105.0651,2933
2020-01-03 23:35:00,105.0651,105.0877,104.872,104.9047,7795
2020-01-03 23:36:00,104.9047,104.9229,104.765,104.794,3161
2020-01-03 23:37:00,104.794,104.8532,104.779,104.8072,2187
2020-01-03 23:38:00,104.8072,104.8956,104.6809,104.704,3210
2020-01-03 23:39:00,104.704,104.8303,104.5977,104.621,7128
2020-01-03 23:40:00,104.621,104.6285,104.5335,104.5767,3343
2020-01-03 23:41:00,104.5767,104.6163,104.4337,104.4339,7757
2020-01-03 23:42:00,104.4339,104.5109,104.3051,104.3322,7699
2020-01-03 23:43:00,104.3322,104.4811,104.316,104.4055,1824
2020-01-03 23:44:00,104.4055,104.423,104.2425,104.2691,9225
2020-01-03 23:45:00,104.2691,104.3053,104.0629,104.1024,654
2020-01-03 23:46:00,104.1024,104.1628,103.9546,104.0369,8295
2020-01-03 23:47:00,104.0369,104.1276,104.019,104.113,1384
2020-01-03 23:48:00,104.113,104.158,104.0863,104.0925,5076
2020-01-03 23:49:00,104.0925,104.0932,103.9755,104.0441,6258
2020-01-03 23:50:00,104.0441,104.0502,104.0341,104.0488,8379
2020-01-03 23:51:00,104.0488,104.0811,103.8395,103.8671,6203
2020-01-03 23:52:00,103.8671,103.9378,103.8275,103.9185,5203
2020-01-03 23:53:00,103.9185,103.9704,103.8373,103.9584,9932
2020-01-03 23:54:00,103.9584,104.0004,103.8888,103.9158,316
2020-01-03 23:55:00,103.9158,104.0281,103.9014,104.0203,6653
2020-01-03 23:56:00,104.0203,104.0632,103.8799,103.9031,8482
2020-01-03 23:57:00,103.9031,104.0507,103.8687,104.0202,1833
2020-01-03 23:58:00,104.0202,104.066,103.9698,104.0363,4812
2020-01-03 23:59:00,104.0363,104.1085,103.9518,104.0013,7294
2020-01-04 00:00:00,104.0013,104.0595,103.9432,103.9992,1305
2020-01-04 00:01:00,103.9992,104.0238,103.9505,103.9881,2742
2020-01-04 00:02:00,103.9881,104.2068,103.9543,104.115,6473
2020-01-04 00:03:00,104.115,104.1284,103.945,104.0029,3455
2020-01-04 00:04:00,104.0029,104.1493,103.8955,103.9236,2264
2020-01-04 00:05:00,103.9236,104.0418,103.869,104.0313,199
2020-01-04 00:06:00,104.0313,104.0383,103.843,103.9693,699
2020-01-04 00:07:00,103.9693,104.1991,103.961,104.0629,9151
2020-01-04 00:08:00,104.0629,104.3093,104.0495,104.2398,5884
2020-01-04 00:09:00,104.2398,104.277,104.1919,104.1979,6538
2020-01-04 00:10:00,104.1979,104.286,104.0485,104.2689,5942
2020-01-04 00:11:00,104.2689,104.2807,104.1289,104.1486,7280
2020-01-04 00:12:00,104.1486,104.2944,104.1409,104.2272,7842
2020-01-04 00:13:00,104.2272,104.3038,104.2048,104.248,9285
2020-01-04 00:14:00,104.248,104.3461,104.225,104.2973,4010
2020-01-04 00:15:00,104.2973,104.3539,104.1815,104.23,9468
2020-01-04 00:16:00,104.23,104.2377,104.0381,104.0568,5920
2020-01-04 00:17:00,104.0568,104.1364,104.0404,104.1092,1476
2020-01-04 00:18:00,104.1092,104.1579,103.862,103.8944,8863
2020-01-04 00:19:00,103.8944,103.9565,103.7802,103.8614,9807
2020-01-04 00:20:00,103.8614,104.0353,103.8354,103.9592,4759
2020-01-04 00:21:00,103.9592,104.0407,103.9445,103.9791,8471
2020-01-04 00:22:00,103.9791,104.2074,103.956,104.1817,825
2020-01-04 00:23:00,104.1817,104.3036,104.1665,104.2885,1140
2020-01-04 00:24:00,104.2885,104.3519,104.2082,104.2203,6369
2020-01-04 00:25:00,104.2203,104.236,104.1979,104.2232,181
2020-01-04 00:26:00,104.2232,104.2588,104.1673,104.2182,5835
2020-01-04 00:27:00,104.2182,104.3133,104.0433,104.0533,1305
2020-01-04 00:28:00,104.0533,104.1083,103.9222,103.9555,6773
2020-01-04 00:29:00,103.9555,103.9916,103.8173,103.8972,5872
2020-01-04 00:30:00,103.8972,103.9593,103.6771,103.6856,6242
2020-01-04 00:31:00,103.6856,103.7363,103.606,103.6906,3081
2020-01-04 00:32:00,103.6906,103.7194,103.5891,103.6647,5406
2020-01-04 00:33:00,103.6647,103.6965,103.4851,103.4913,3546
2020-01-04 00:34:00,103.4913,103.565,103.45,103.5331,9782
2020-01-04 00:35:00,103.5331,103.7035,103.4141,103.6073,2388
2020-01-04 00:36:00,103.6073,103.633,103.5817,103.6308,5956
2020-01-04 00:37:00,103.6308,103.6464,103.5645,103.5972,2481
2020-01-04 00:38:00,103.5972,103.6921,103.5368,103.6585,8339
2020-01-04 00:39:00,103.6585,103.7773,103.5994,103.729,4108
2020-01-04 00:40:00,103.729,103.7856,103.684,103.7609,7371
2020-01-04 00:41:00,103.7609,103.7721,103.6561,103.6753,8754
2020-01-04 00:42:00,103.6753,103.7449,103.5795,103.704,5293
2020-01-04 00:43:00,103.704,103.9026,103.6581,103.828,7834
2020-01-04 00:44:00,103.828,103.8939,103.7059,103.766,2464
2020-01-04 00:45:00,103.766,104.0459,103.7221,103.9837,8021
2020-01-04 00:46:00,103.9837,104.0156,103.8456,103.929,1893
2020-01-04 00:47:00,103.929,103.95,103.8975,103.9324,3640
2020-01-04 00:48:00,103.9324,104.0078,103.7757,103.8625,9325
2020-01-04 00:49:00,103.8625,103.944,103.8595,103.8857,8879
2020-01-04 00:50:00,103.8857,103.9235,103.6941,103.7047,7525
2020-01-04 00:51:00,103.7047,103.7446,103.632,103.6481,5852
2020-01-04 00:52:00,103.6481,103.7319,103.5072,103.5349,7076
2020-01-04 00:53:00,103.5349,103.6521,103.5345,103.5489,2874
2020-01-04 00:54:00,103.5489,103.6908,103.4473,103.6519,575
2020-01-04 00:55:00,103.6519,103.7595,103.6241,103.7188,4440
2020-01-04 00:56:00,103.7188,103.7489,103.4678,103.4729,7604
2020-01-04 00:57:00,103.4729,103.7851,103.4262,103.6842,4683
2020-01-04 00:58:00,103.6842,103.7287,103.6028,103.7148,7988
2020-01-04 00:59:00,103.7148,103.759,103.5544,103.6342,5123
2020-01-04 01:00:00,103.6342,103.656,103.5704,103.6505,5681
2020-01-04 01:01:00,103.6505,103.6827,103.6139,103.6688,5585
2020-01-04 01:02:00,103.6688,103.755,103.5646,103.5996,3666
2020-01-04 01:03:00,103.5996,103.6481,103.4693,103.6202,6460
2020-01-04 01:04:00,103.6202,103.6953,103.5176,103.5572,1448
2020-01-04 01:05:00,103.5572,103.5704,103.4964,103.5153,2457
2020-01-04 01:06:00,103.5153,103.5592,103.4249,103.4443,5100
2020-01-04 01:07:00,103.4443,103.4745,103.238,103.2961,5314
2020-01-04 01:08:00,103.2961,103.3165,103.2523,103.3112,6008
2020-01-04 01:09:00,103.3112,103.404,103.3021,103.3716,4708
2020-01-04 01:10:00,103.3716,103.4821,103.3698,103.4248,2546
2020-01-04 01:11:00,103.4248,103.5718,103.4222,103.5096,9892
2020-01-04 01:12:00,103.5096,103.5714,103.4745,103.5432,3177
2020-01-04 01:13:00,103.5432,103.5504,103.4437,103.4881,6155
2020-01-04 01:14:00,103.4881,103.5903,103.466,103.575,8198
2020-01-04 01:15:00,103.575,103.6054,103.3867,103.4343,9978
2020-01-04 01:16:00,103.4343,103.5094,103.2721,103.3412,4855
2020-01-04 01:17:00,103.3412,103.3989,103.2141,103.2415,2101
2020-01-04 01:18:00,103.2415,103.3666,103.206,103.3531,8426
2020-01-04 01:19:00,103.3531,103.4632,103.3489,103.4505,1889
2020-01-04 01:20:00,103.4505,103.5037,103.4063,103.5009,7347
2020-01-04 01:21:00,103.5009,103.679,103.4231,103.6119,8048
2020-01-04 01:22:00,103.6119,103.657,103.4367,103.5207,3007
2020-01-04 01:23:00,103.5207,103.5953,103.4847,103.5568,6634
2020-01-04 01:24:00,103.5568,103.5918,103.4633,103.5439,6842
2020-01-04 01:25:00,103.5439,103.6682,103.536,103.6316,7162
2020-01-04 01:26:00,103.6316,103.651,103.5801,103.6196,2370
2020-01-04 01:27:00,103.6196,103.686,103.5163,103.5797,9119
2020-01-04 01:28:00,103.5797,103.68,103.5794,103.6358,8086
2020-01-04 01:29:00,103.6358,103.7856,103.6321,103.7266,9635
2020-01-04 01:30:00,103.7266,103.7426,103.6088,103.6572,7373
2020-01-04 01:31:00,103.6572,103.6865,103.6174,103.6509,6496
2020-01-04 01:32:00,103.6509,103.6954,103.5021,103.5412,4394
2020-01-04 01:33:00,103.5412,103.5679,103.1696,103.2825,3227
2020-01-04 01:34:00,103.2825,103.3262,103.2735,103.3032,7171
2020-01-04 01:35:00,103.3032,103.4099,103.1949,103.3662,8698
2020-01-04 01:36:00,103.3662,103.4833,103.3149,103.3932,1561
2020-01-04 01:37:00,103.3932,103.4522,103.1466,103.1917,1874
2020-01-04 01:38:00,103.1917,103.2417,103.1261,103.1555,5676
2020-01-04 01:39:00,103.1555,103.2211,102.8844,102.9266,9662
2020-01-04 01:40:00,102.9266,103.0746,102.8732,103.0676,8777
2020-01-04 01:41:00,103.0676,103.1141,102.9295,102.9557,7096
2020-01-04 01:42:00,102.9557,103.0984,102.9231,103.0849,462
2020-01-04 01:43:00,103.0849,103.2002,103.0511,103.1824,8233
2020-01-04 01:44:00,103.1824,103.2045,102.9608,103.0895,3901
2020-01-04 01:45:00,103.0895,103.1927,102.9722,102.9727,311
2020-01-04 01:46:00,102.9727,103.0315,102.8802,103.0088,4896
2020-01-04 01:47:00,103.0088,103.0504,102.8956,102.9218,8114
2020-01-04 01:48:00,102.9218,102.9716,102.8141,102.9324,7120
2020-01-04 01:49:00,102.9324,102.9861,102.8734,102.8827,2761
2020-01-04 01:50:00,102.8827,102.9677,102.6713,102.6994,9207
2020-01-04 01:51:00,102.6994,102.7386,102.4131,102.4704,9752
2020-01-04 01:52:00,102.4704,102.5677,102.4211,102.4936,1193
2020-01-04 01:53:00,102.4936,102.5061,102.4101,102.436,7844
2020-01-04 01:54:00,102.436,102.4459,102.3599,102.3794,5153
2020-01-04 01:55:00,102.3794,102.5598,102.3436,102.4506,1651
2020-01-04 01:56:00,102.4506,102.5835,102.4322,102.5708,9625
2020-01-04 01:57:00,102.5708,102.6072,102.5351,102.5429,9156
2020-01-04 01:58:00,102.5429,102.5573,102.5074,102.508,9578
2020-01-04 01:59:00,102.508,102.6175,102.5073,102.5592,4255
2020-01-04 02:00:00,102.5592,102.6236,102.3856,102.4201,4717
2020-01-04 02:01:00,102.4201,102.4723,102.3564,102.4429,8600
2020-01-04 02:02:00,102.4429,102.5571,102.4257,102.4995,1643
2020-01-04 02:03:00,102.4995,102.6314,102.4794,102.5692,1505
2020-01-04 02:04:00,102.5692,102.5904,102.3328,102.3705,6584
2020-01-04 02:05:00,102.3705,102.4189,102.249,102.2926,5821
2020-01-04 02:06:00,102.2926,102.2952,102.1428,102.2027,1672
2020-01-04 02:07:00,102.2027,102.2576,102.194,102.213,2101
2020-01-04 02:08:00,102.213,102.2705,102.1533,102.2621,9191
2020-01-04 02:09:00,102.2621,102.4731,102.2156,102.4151,1207
2020-01-04 02:10:00,102.4151,102.4238,102.3022,102.3645,8275
2020-01-04 02:11:00,102.3645,102.3721,102.2833,102.3135,3405
2020-01-04 02:12:00,102.3135,102.436,102.2734,102.4311,4957
2020-01-04 02:13:00,102.4311,102.5027,102.3767,102.4615,7371
2020-01-04 02:14:00,102.4615,102.6257,102.4474,102.5914,4420
2020-01-04 02:15:00,102.5914,102.7337,102.5821,102.621,5612
2020-01-04 02:16:00,102.621,102.6452,102.4728,102.5023,8693
2020-01-04 02:17:00,102.5023,102.5529,102.3471,102.3656,3347
2020-01-04 02:18:00,102.3656,102.3885,102.1816,102.2068,3956
2020-01-04 02:19:00,102.2068,102.3072,102.1566,102.2745,9681
2020-01-04 02:20:00,102.2745,102.4542,102.2307,102.396,5392
2020-01-04 02:21:00,102.396,102.6108,102.3867,102.5854,4499
2020-01-04 02:22:00,102.5854,102.6792,102.5751,102.6719,2498
2020-01-04 02:23:00,102.6719,102.7978,102.6635,102.7913,8383
2020-01-04 02:24:00,102.7913,102.885,102.7289,102.7317,5322
2020-01-04 02:25:00,102.7317,102.7803,102.6081,102.6129,2279
2020-01-04 02:26:00,102.6129,102.7913,102.5972,102.7001,1412
2020-01-04 02:27:00,102.7001,102.7446,102.6273,102.743,9190
2020-01-04 02:28:00,102.743,102.8483,102.7039,102.754,3272
2020-01-04 02:29:00,102.754,102.8031,102.7531,102.7938,6032
2020-01-04 02:30:00,102.7938,102.8764,102.7709,102.8271,3192
2020-01-04 02:31:00,102.8271,102.9779,102.821,102.9591,8540
2020-01-04 02:32:00,102.9591,103.1684,102.9376,103.0924,2732
2020-01-04 02:33:00,103.0924,103.157,103.0151,103.1485,3484
2020-01-04 02:34:00,103.1485,103.28,103.0777,103.2358,4363
2020-01-04 02:35:00,103.2358,103.3142,103.2017,103.2888,3804
2020-01-04 02:36:00,103.2888,103.3288,103.183,103.2412,5728
2020-01-04 02:37:00,103.2412,103.3739,103.1644,103.3193,1297
2020-01-04 02:38:00,103.3193,103.3558,103.1659,103.1752,4603
2020-01-04 02:39:00,103.1752,103.323,103.1203,103.284,8792
2020-01-04 02:40:00,103.284,103.3283,103.1384,103.1606,9453
2020-01-04 02:41:00,103.1606,103.2459,103.1421,103.1901,8390
2020-01-04 02:42:00,103.1901,103.2509,103.0961,103.1029,3228
2020-01-04 02:43:00,103.1029,103.1781,103.0817,103.1599,2394
2020-01-04 02:44:00,103.1599,103.1759,103.1193,103.1564,9004
2020-01-04 02:45:00,103.1564,103.1917,102.9801,102.9919,4014
2020-01-04 02:46:00,102.9919,103.0355,102.98,103.0352,8398
2020-01-04 02:47:00,103.0352,103.1139,102.9674,102.9757,7088
2020-01-04 02:48:00,102.9757,103.1166,102.9462,103.0664,8337
2020-01-04 02:49:00,103.0664,103.1671,103.0529,103.0666,3231
2020-01-04 02:50:00,103.0666,103.1308,102.9789,103.1073,9241
2020-01-04 02:51:00,103.1073,103.113,102.945,103.0086,3898
2020-01-04 02:52:00,103.0086,103.0451,102.859,102.9479,5337
2020-01-04 02:53:00,102.9479,102.9814,102.8076,102.9007,4824
2020-01-04 02:54:00,102.9007,103.032,102.7937,102.9888,6635
2020-01-04 02:55:00,102.9888,103.2755,102.9541,103.1616,3417
2020-01-04 02:56:00,103.1616,103.1952,103.0501,103.0785,4144
2020-01-04 02:57:00,103.0785,103.3091,103.0163,103.1895,7458
2020-01-04 02:58:00,103.1895,103.2196,102.9112,102.9656,2321
2020-01-04 02:59:00,102.9656,103.0004,102.8043,102.8427,4367
2020-01-04 03:00:00,102.8427,102.903,102.7411,102.744,9249
2020-01-04 03:01:00,102.744,102.7449,102.5965,102.6051,6919
2020-01-04 03:02:00,102.6051,102.646,102.4106,102.4426,5004
2020-01-04 03:03:00,102.4426,102.5217,102.4039,102.4849,4818
2020-01-04 03:04:00,102.4849,102.5125,102.3304,102.463,4914
2020-01-04 03:05:00,102.463,102.5184,102.3947,102.5018,9726
2020-01-04 03:06:00,102.5018,102.5814,102.4746,102.5726,7337
2020-01-04 03:07:00,102.5726,102.6301,102.5167,102.5999,3084
2020-01-04 03:08:00,102.5999,102.668,102.5954,102.6674,5736
2020-01-04 03:09:00,102.6674,102.7273,102.6509,102.6602,3356
2020-01-04 03:10:00,102.6602,102.7008,102.4837,102.5384,9728
2020-01-04 03:11:00,102.5384,102.6613,102.4784,102.6468,4573
2020-01-04 03:12:00,102.6468,102.6953,102.5717,102.5864,8264
2020-01-04 03:13:00,102.5864,102.6123,102.412,102.4904,7279
2020-01-04 03:14:00,102.4904,102.4988,102.4498,102.4721,1532
2020-01-04 03:15:00,102.4721,102.4928,102.3731,102.3786,517
2020-01-04 03:16:00,102.3786,102.4272,102.2368,102.3359,6574
2020-01-04 03:17:00,102.3359,102.3948,102.2568,102.3711,1082
2020-01-04 03:18:00,102.3711,102.4751,102.3009,102.4067,6523
2020-01-04 03:19:00,102.4067,102.4548,102.2276,102.3148,1238
2020-01-04 03:20:00,102.3148,102.3406,102.197,102.2649,3028
2020-01-04 03:21:00,102.2649,102.3826,102.1791,102.3748,9525
2020-01-04 03:22:00,102.3748,102.4419,102.3619,102.4256,4642
2020-01-04 03:23:00,102.4256,102.699,102.3655,102.6381,930
2020-01-04 03:24:00,102.6381,102.8221,102.5689,102.7592,7732
2020-01-04 03:25:00,102.7592,102.9455,102.7488,102.8768,4388
2020-01-04 03:26:00,102.8768,102.879,102.7108,102.7341,2960
2020-01-04 03:27:00,102.7341,102.8411,102.732,102.8125,7205
2020-01-04 03:28:00,102.8125,102.8816,102.7987,102.8071,5475
2020-01-04 03:29:00,102.8071,102.8391,102.6565,102.7504,7890
2020-01-04 03:30:00,102.7504,102.784,102.7429,102.7677,2571
2020-01-04 03:31:00,102.7677,102.8656,102.7263,102.8648,6334
2020-01-04 03:32:00,102.8648,102.9626,102.8575,102.9163,4936
2020-01-04 03:33:00,102.9163,102.9634,102.7695,102.8259,6388
2020-01-04 03:34:00,102.8259,102.9142,102.7977,102.9023,7695
2020-01-04 03:35:00,102.9023,102.9799,102.8029,102.8367,4437
2020-01-04 03:36:00,102.8367,102.8716,102.832,102.8589,9801
2020-01-04 03:37:00,102.8589,102.9062,102.812,102.8277,5250
2020-01-04 03:38:00,102.8277,102.9043,102.7054,102.8052,9064
2020-01-04 03:39:00,102.8052,102.949,102.7225,102.884,5279
2020-01-04 03:40:00,102.884,102.9008,102.7303,102.777,1878
2020-01-04 03:41:00,102.777,103.047,102.7429,102.9769,8880
2020-01-04 03:42:00,102.9769,102.9789,102.7577,102.7894,372
2020-01-04 03:43:00,102.7894,102.8002,102.7194,102.728,1601
2020-01-04 03:44:00,102.728,102.8268,102.7081,102.766,7002
2020-01-04 03:45:00,102.766,102.9054,102.7445,102.826,7188
2020-01-04 03:46:00,102.826,102.8528,102.8131,102.8157,3676
2020-01-04 03:47:00,102.8157,102.8163,102.7996,102.8098,7728
2020-01-04 03:48:00,102.8098,102.8811,102.7737,102.852,5827
2020-01-04 03:49:00,102.852,102.8769,102.8183,102.8282,1381
2020-01-04 03:50:00,102.8282,103.0136,102.7714,102.9715,9106
2020-01-04 03:51:00,102.9715,103.0652,102.9423,103.0579,1369
2020-01-04 03:52:00,103.0579,103.2329,103.0108,103.1479,4435
2020-01-04 03:53:00,103.1479,103.1923,103.0456,103.0482,9443
2020-01-04 03:54:00,103.0482,103.0744,103.0022,103.04,2354
2020-01-04 03:55:00,103.04,103.1091,103.0024,103.0091,1675
2020-01-04 03:56:00,103.0091,103.0957,102.9038,102.9055,9124
2020-01-04 03:57:00,102.9055,103.0103,102.8875,102.9426,9661
2020-01-04 03:58:00,102.9426,102.9917,102.8248,102.8872,8859
2020-01-04 03:59:00,102.8872,102.9714,102.8751,102.9546,3287
2020-01-04 04:00:00,102.9546,103.0227,102.8199,102.8445,3383
2020-01-04 04:01:00,102.8445,103.1044,102.8255,103.0213,698
2020-01-04 04:02:00,103.0213,103.0981,102.8481,102.9289,6511
2020-01-04 04:03:00,102.9289,102.9645,102.896,102.9515,8335
2020-01-04 04:04:00,102.9515,103.0922,102.9475,103.033,1981
2020-01-04 04:05:00,103.033,103.0458,102.9679,102.9742,3643
2020-01-04 04:06:00,102.9742,103.0992,102.9239,103.062,6252
2020-01-04 04:07:00,103.062,103.0847,102.9041,102.9353,1983
2020-01-04 04:08:00,102.9353,103.1182,102.8436,103.0848,7456
2020-01-04 04:09:00,103.0848,103.1848,103.0811,103.0863,8672
2020-01-04 04:10:00,103.0863,103.0976,102.9635,103.0248,6051
2020-01-04 04:11:00,103.0248,103.0946,102.912,102.9939,5862
2020-01-04 04:12:00,102.9939,103.0878,102.9884,103.0773,6970
2020-01-04 04:13:00,103.0773,103.1384,103.0148,103.017,2262
2020-01-04 04:14:00,103.017,103.0422,102.9131,102.9398,1758
2020-01-04 04:15:00,102.9398,102.9492,102.9034,102.917,6682
2020-01-04 04:16:00,102.917,102.9279,102.7693,102.7959,8137
2020-01-04 04:17:00,102.7959,102.9959,102.7915,102.983,2992
2020-01-04 04:18:00,102.983,103.0181,102.8727,102.9247,6143
2020-01-04 04:19:00,102.9247,103.0699,102.8875,103.0103,3082
2020-01-04 04:20:00,103.0103,103.0352,102.9686,103.0319,9167
2020-01-04 04:21:00,103.0319,103.2034,102.9199,102.9304,7971
2020-01-04 04:22:00,102.9304,102.9432,102.8307,102.9298,3615
2020-01-04 04:23:00,102.9298,103.026,102.9049,103.0105,7927
2020-01-04 04:24:00,103.0105,103.0612,102.9784,102.9911,127
2020-01-04 04:25:00,102.9911,103.1303,102.9519,103.114,735
2020-01-04 04:26:00,103.114,103.2799,103.109,103.2193,2115
2020-01-04 04:27:00,103.2193,103.3388,103.2134,103.3142,686
2020-01-04 04:28:00,103.3142,103.363,103.226,103.2667,7625
2020-01-04 04:29:00,103.2667,103.2752,103.1401,103.1552,3722
2020-01-04 04:30:00,103.1552,103.2241,103.0833,103.0919,7515
2020-01-04 04:31:00,103.0919,103.1462,103.089,103.1121,3570
2020-01-04 04:32:00,103.1121,103.2315,103.0212,103.1684,3814
2020-01-04 04:33:00,103.1684,103.1716,102.9374,102.9444,2495
2020-01-04 04:34:00,102.9444,103.0411,102.9241,102.9435,3570
2020-01-04 04:35:00,102.9435,103.0523,102.9425,102.9598,9574
2020-01-04 04:36:00,102.9598,102.9681,102.8779,102.9312,7000
2020-01-04 04:37:00,102.9312,103.1086,102.8256,103.0641,6662
2020-01-04 04:38:00,103.0641,103.191,103.0292,103.1076,8682
2020-01-04 04:39:00,103.1076,103.2659,103.044,103.2427,6081
2020-01-04 04:40:00,103.2427,103.3114,103.2026,103.2204,6232
2020-01-04 04:41:00,103.2204,103.4147,103.1896,103.3172,2050
2020-01-04 04:42:00,103.3172,103.5032,103.2922,103.4861,2737
2020-01-04 04:43:00,103.4861,103.6481,103.435,103.6218,6067
2020-01-04 04:44:00,103.6218,103.7324,103.5036,103.5087,6358
2020-01-04 04:45:00,103.5087,103.6173,103.4636,103.4824,8295
2020-01-04 04:46:00,103.4824,103.5122,103.3561,103.4467,8006
2020-01-04 04:47:00,103.4467,103.5456,103.4437,103.4973,4204
2020-01-04 04:48:00,103.4973,103.5816,103.4447,103.5683,7591
2020-01-04 04:49:00,103.5683,103.6466,103.4051,103.4815,3638
2020-01-04 04:50:00,103.4815,103.6027,103.4041,103.4885,2847
2020-01-04 04:51:00,103.4885,103.495,103.099,103.2794,1774
2020-01-04 04:52:00,103.2794,103.48,103.2397,103.4284,9223
2020-01-04 04:53:00,103.4284,103.4306,103.3283,103.3754,8416
2020-01-04 04:54:00,103.3754,103.4348,103.354,103.3811,8165
2020-01-04 04:55:00,103.3811,103.4575,103.2818,103.3491,2965
2020-01-04 04:56:00,103.3491,103.4998,103.3461,103.4676,8550
2020-01-04 04:57:00,103.4676,103.547,103.1596,103.174,7126
2020-01-04 04:58:00,103.174,103.241,103.1446,103.1723,9263
2020-01-04 04:59:00,103.1723,103.2039,103.0885,103.1614,8283
2020-01-04 05:00:00,103.1614,103.2557,103.0606,103.1146,7901
2020-01-04 05:01:00,103.1146,103.4078,103.0983,103.2926,1246
2020-01-04 05:02:00,103.2926,103.3016,103.1393,103.2009,4784
2020-01-04 05:03:00,103.2009,103.3223,103.1812,103.2805,6901
2020-01-04 05:04:00,103.2805,103.4136,103.2165,103.3173,992
2020-01-04 05:05:00,103.3173,103.5638,103.2882,103.4477,4413
2020-01-04 05:06:00,103.4477,103.4704,103.3565,103.3787,6928
2020-01-04 05:07:00,103.3787,103.4373,103.2839,103.3029,3723
2020-01-04 05:08:00,103.3029,103.4544,103.2712,103.4161,8138
2020-01-04 05:09:00,103.4161,103.5397,103.3962,103.4601,459
2020-01-04 05:10:00,103.4601,103.4963,103.233,103.3003,1588
2020-01-04 05:11:00,103.3003,103.3618,103.1953,103.2446,5860
2020-01-04 05:12:00,103.2446,103.2952,103.1846,103.2844,390
2020-01-04 05:13:00,103.2844,103.3985,103.2714,103.371,5055
2020-01-04 05:14:00,103.371,103.4018,103.2724,103.3008,2213
2020-01-04 05:15:00,103.3008,103.3034,102.9195,102.9997,7040
2020-01-04 05:16:00,102.9997,103.0859,102.9953,103.0536,5774
2020-01-04 05:17:00,103.0536,103.0686,102.8584,102.9278,6364
2020-01-04 05:18:00,102.9278,102.9621,102.6437,102.7202,6435
2020-01-04 05:19:00,102.7202,102.7502,102.4282,102.4293,5573
2020-01-04 05:20:00,102.4293,102.6175,102.3902,102.5126,1666
2020-01-04 05:21:00,102.5126,102.5374,102.4949,102.5258,579
2020-01-04 05:22:00,102.5258,102.6275,102.4945,102.5027,4992
2020-01-04 05:23:00,102.5027,102.6718,102.4716,102.6451,5292
2020-01-04 05:24:00,102.6451,102.7155,102.5576,102.7105,7658
2020-01-04 05:25:00,102.7105,102.9714,102.6667,102.8765,7197
2020-01-04 05:26:00,102.8765,102.9294,102.6913,102.7332,1199
2020-01-04 05:27:00,102.7332,102.7806,102.6667,102.7297,2335
2020-01-04 05:28:00,102.7297,102.8539,102.5467,102.5636,8767
2020-01-04 05:29:00,102.5636,102.5652,102.4812,102.5401,1016
2020-01-04 05:30:00,102.5401,102.604,102.5062,102.5146,4844
2020-01-04 05:31:00,102.5146,102.638,102.5022,102.5788,4997
2020-01-04 05:32:00,102.5788,102.7065,102.5364,102.5835,6290
2020-01-04 05:33:00,102.5835,102.7197,102.5617,102.6474,9651
2020-01-04 05:34:00,102.6474,102.8866,102.5776,102.7196,1407
2020-01-04 05:35:00,102.7196,103.0497,102.6625,102.941,2321
2020-01-04 05:36:00,102.941,102.952,102.9027,102.9085,7574
2020-01-04 05:37:00,102.9085,102.9561,102.7764,102.8117,5074
2020-01-04 05:38:00,102.8117,102.8603,102.7671,102.837,6214
2020-01-04 05:39:00,102.837,102.8467,102.6716,102.7545,8994
2020-01-04 05:40:00,102.7545,102.9387,102.7351,102.9068,217
2020-01-04 05:41:00,102.9068,102.969,102.8711,102.8776,3363
2020-01-04 05:42:00,102.8776,102.8925,102.7663,102.8194,5143
2020-01-04 05:43:00,102.8194,102.8647,102.7066,102.771,4767
2020-01-04 05:44:00,102.771,102.8874,102.7592,102.8448,4718
2020-01-04 05:45:00,102.8448,102.8861,102.7887,102.8286,9063
2020-01-04 05:46:00,102.8286,102.8338,102.6993,102.7626,6898
2020-01-04 05:47:00,102.7626,103.0458,102.6875,102.9337,1387
2020-01-04 05:48:00,102.9337,102.9563,102.8206,102.8456,7758
2020-01-04 05:49:00,102.8456,102.8955,102.7939,102.8493,9659
2020-01-04 05:50:00,102.8493,102.9379,102.8071,102.9164,8147
2020-01-04 05:51:00,102.9164,102.9511,102.7208,102.7485,8390
2020-01-04 05:52:00,102.7485,102.8233,102.7137,102.7978,1146
2020-01-04 05:53:00,102.7978,102.8406,102.6629,102.6894,5482
2020-01-04 05:54:00,102.6894,102.7944,102.6477,102.7738,5544
2020-01-04 05:55:00,102.7738,102.871,102.5833,102.6749,3903
2020-01-04 05:56:00,102.6749,102.7669,102.6432,102.746,3855
2020-01-04 05:57:00,102.746,102.9007,102.7434,102.8597,4582
2020-01-04 05:58:00,102.8597,103.0085,102.8493,102.9483,8897
2020-01-04 05:59:00,102.9483,103.0283,102.9369,102.9741,2269
2020-01-04 06:00:00,102.9741,103.0098,102.9187,102.9503,5519
2020-01-04 06:01:00,102.9503,102.98,102.8806,102.891,662
2020-01-04 06:02:00,102.891,103.0907,102.8707,103.0423,6560
2020-01-04 06:03:00,103.0423,103.1052,102.9258,102.9703,6038
2020-01-04 06:04:00,102.9703,103.0087,102.8074,102.8635,4100
2020-01-04 06:05:00,102.8635,102.9626,102.8025,102.9319,8311
2020-01-04 06:06:00,102.9319,102.9559,102.8188,102.85,4737
2020-01-04 06:07:00,102.85,102.8811,102.7487,102.7522,4060
2020-01-04 06:08:00,102.7522,102.8141,102.4505,102.6039,9615
2020-01-04 06:09:00,102.6039,102.6321,102.5326,102.5544,3641
2020-01-04 06:10:00,102.5544,102.5686,102.5258,102.5459,3257
2020-01-04 06:11:00,102.5459,102.5788,102.5333,102.5708,5961
2020-01-04 06:12:00,102.5708,102.7234,102.4735,102.6684,6648
2020-01-04 06:13:00,102.6684,102.7721,102.643,102.7225,7221
2020-01-04 06:14:00,102.7225,102.7513,102.6285,102.7029,6936
2020-01-04 06:15:00,102.7029,102.8049,102.6764,102.6825,7406
2020-01-04 06:16:00,102.6825,102.7492,102.6361,102.7349,7277
2020-01-04 06:17:00,102.7349,102.9054,102.7108,102.8656,1414
2020-01-04 06:18:00,102.8656,102.9351,102.8031,102.8786,2526
2020-01-04 06:19:00,102.8786,102.953,102.792,102.8304,1039
2020-01-04 06:20:00,102.8304,102.8487,102.6974,102.7283,8529
2020-01-04 06:21:00,102.7283,102.7469,102.5129,102.5798,8935
2020-01-04 06:22:00,102.5798,102.6509,102.5269,102.6482,8476
2020-01-04 06:23:00,102.6482,102.7467,102.6032,102.7075,1930
2020-01-04 06:24:00,102.7075,102.8448,102.6834,102.7668,7987
2020-01-04 06:25:00,102.7668,102.8517,102.7334,102.7536,1885
2020-01-04 06:26:00,102.7536,102.9251,102.6815,102.8981,9740
2020-01-04 06:27:00,102.8981,102.9681,102.8282,102.8483,8129
2020-01-04 06:28:00,102.8483,102.9916,102.7912,102.9466,7590
2020-01-04 06:29:00,102.9466,102.9472,102.9359,102.9426,4677
2020-01-04 06:30:00,102.9426,103.0087,102.8001,102.88,1481
2020-01-04 06:31:00,102.88,102.9699,102.8221,102.9409,461
2020-01-04 06:32:00,102.9409,103.0649,102.8764,102.9831,1159
2020-01-04 06:33:00,102.9831,103.0912,102.958,103.0198,8807
2020-01-04 06:34:00,103.0198,103.0601,102.9563,103.0282,5965
2020-01-04 06:35:00,103.0282,103.1734,102.9333,103.0243,8621
2020-01-04 06:36:00,103.0243,103.2814,102.9921,103.2704,6512
2020-01-04 06:37:00,103.2704,103.4075,103.1748,103.3927,3241
2020-01-04 06:38:00,103.3927,103.4803,103.3846,103.4674,5738
2020-01-04 06:39:00,103.4674,103.5063,103.3406,103.479,3839
2020-01-04 06:40:00,103.479,103.6286,103.3963,103.5832,392
2020-01-04 06:41:00,103.5832,103.6882,103.5736,103.6368,6130
2020-01-04 06:42:00,103.6368,103.6627,103.5689,103.6396,5505
2020-01-04 06:43:00,103.6396,103.7329,103.5693,103.6081,459
2020-01-04 06:44:00,103.6081,103.6258,103.592,103.5997,1709
2020-01-04 06:45:00,103.5997,103.7191,103.2637,103.2713,1460
2020-01-04 06:46:00,103.2713,103.3123,103.2116,103.293,723
2020-01-04 06:47:00,103.293,103.312,103.2287,103.2426,1665
2020-01-04 06:48:00,103.2426,103.4256,103.23,103.407,2020
2020-01-04 06:49:00,103.407,103.4305,103.3498,103.409,1611
2020-01-04 06:50:00,103.409,103.5322,103.254,103.286,7646
2020-01-04 06:51:00,103.286,103.2984,103.2711,103.2809,6587
2020-01-04 06:52:00,103.2809,103.2828,103.1239,103.1728,4813
2020-01-04 06:53:00,103.1728,103.2878,103.1612,103.2217,6019
2020-01-04 06:54:00,103.2217,103.2542,103.1812,103.2517,8029
2020-01-04 06:55:00,103.2517,103.4357,103.2192,103.3506,8866
2020-01-04 06:56:00,103.3506,103.3728,103.2085,103.2689,2101
2020-01-04 06:57:00,103.2689,103.3139,103.2613,103.2724,496
2020-01-04 06:58:00,103.2724,103.3352,103.0965,103.1314,5775
2020-01-04 06:59:00,103.1314,103.2468,103.0793,103.2038,4597
2020-01-04 07:00:00,103.2038,103.2853,103.1954,103.2573,1611
2020-01-04 07:01:00,103.2573,103.3735,103.1789,103.3085,2792
2020-01-04 07:02:00,103.3085,103.3336,103.2972,103.3087,2132
2020-01-04 07:03:00,103.3087,103.3842,103.285,103.3515,7088
2020-01-04 07:04:00,103.3515,103.5418,103.3389,103.5173,5972
2020-01-04 07:05:00,103.5173,103.5226,103.4613,103.4878,9646
2020-01-04 07:06:00,103.4878,103.5382,103.4575,103.5022,4834
2020-01-04 07:07:00,103.5022,103.6273,103.3387,103.3898,7739
2020-01-04 07:08:00,103.3898,103.3955,103.2796,103.3,9584
2020-01-04 07:09:00,103.3,103.3641,103.2558,103.3101,4352
2020-01-04 07:10:00,103.3101,103.4843,103.26,103.4241,4809
2020-01-04 07:11:00,103.4241,103.4317,103.351,103.3976,2008
2020-01-04 07:12:00,103.3976,103.3992,103.3669,103.3732,5177
2020-01-04 07:13:00,103.3732,103.451,103.3284,103.3312,1375
2020-01-04 07:14:00,103.3312,103.3837,103.2271,103.2759,158
2020-01-04 07:15:00,103.2759,103.3388,103.2197,103.3064,4023
2020-01-04 07:16:00,103.3064,103.3352,103.1158,103.1517,716
2020-01-04 07:17:00,103.1517,103.3258,103.1335,103.2838,3771
2020-01-04 07:18:00,103.2838,103.3238,103.161,103.2151,5883
2020-01-04 07:19:00,103.2151,103.3012,103.16,103.2896,1811
2020-01-04 07:20:00,103.2896,103.3255,103.1148,103.1584,1442
2020-01-04 07:21:00,103.1584,103.2499,103.1197,103.2274,4852
2020-01-04 07:22:00,103.2274,103.4084,103.2237,103.2968,5032
2020-01-04 07:23:00,103.2968,103.3617,103.2519,103.3365,1123
2020-01-04 07:24:00,103.3365,103.4293,103.182,103.2337,7065
2020-01-04 07:25:00,103.2337,103.2822,103.1963,103.2595,833
2020-01-04 07:26:00,103.2595,103.2681,103.1357,103.1373,8689
2020-01-04 07:27:00,103.1373,103.2397,103.1106,103.1113,9260
2020-01-04 07:28:00,103.1113,103.338,103.0944,103.2174,561
2020-01-04 07:29:00,103.2174,103.3418,103.1898,103.2996,8429
2020-01-04 07:30:00,103.2996,103.3219,103.2384,103.3012,861
2020-01-04 07:31:00,103.3012,103.3455,103.1978,103.2005,9154
2020-01-04 07:32:00,103.2005,103.3123,103.1998,103.2671,692
2020-01-04 07:33:00,103.2671,103.3139,103.2257,103.2691,5796
2020-01-04 07:34:00,103.2691,103.3207,102.9947,103.0295,7921
2020-01-04 07:35:00,103.0295,103.1309,102.9777,103.1102,2447
2020-01-04 07:36:00,103.1102,103.1726,103.0842,103.1077,1546
2020-01-04 07:37:00,103.1077,103.2849,103.0828,103.2316,1542
2020-01-04 07:38:00,103.2316,103.238,103.0973,103.1186,2906
2020-01-04 07:39:00,103.1186,103.1438,102.7747,102.791,7550
2020-01-04 07:40:00,102.791,102.874,102.7815,102.8197,3425
2020-01-04 07:41:00,102.8197,102.8765,102.8177,102.8497,6747
2020-01-04 07:42:00,102.8497,102.8518,102.6751,102.6758,3856
2020-01-04 07:43:00,102.6758,102.7018,102.5721,102.5753,1436
2020-01-04 07:44:00,102.5753,102.886,102.5686,102.8579,5497
2020-01-04 07:45:00,102.8579,102.9035,102.8234,102.8265,9093
2020-01-04 07:46:00,102.8265,102.9125,102.7697,102.9017,8172
2020-01-04 07:47:00,102.9017,102.9232,102.8269,102.8347,7689
2020-01-04 07:48:00,102.8347,102.8527,102.6061,102.6197,8887
2020-01-04 07:49:00,102.6197,102.6211,102.5973,102.6023,2147
2020-01-04 07:50:00,102.6023,102.6151,102.5261,102.575,8318
2020-01-04 07:51:00,102.575,102.5826,102.5022,102.534,2528
2020-01-04 07:52:00,102.534,102.535,102.4776,102.5222,5539
2020-01-04 07:53:00,102.5222,102.6271,102.5137,102.5493,230
2020-01-04 07:54:00,102.5493,102.5836,102.518,102.5339,3167
2020-01-04 07:55:00,102.5339,102.5432,102.4041,102.4043,3451
2020-01-04 07:56:00,102.4043,102.5055,102.4042,102.4541,2432
2020-01-04 07:57:00,102.4541,102.4541,102.2231,102.2544,5416
2020-01-04 07:58:00,102.2544,102.3433,102.0357,102.0448,836
2020-01-04 07:59:00,102.0448,102.1385,101.982,102.1202,3947
2020-01-04 08:00:00,102.1202,102.1822,102.1079,102.172,1398
2020-01-04 08:01:00,102.172,102.2099,102.1237,102.1661,1191
2020-01-04 08:02:00,102.1661,102.2718,101.9997,102.0235,332
2020-01-04 08:03:00,102.0235,102.0256,101.9205,101.9513,321
2020-01-04 08:04:00,101.9513,101.9775,101.8423,101.9245,8744
2020-01-04 08:05:00,101.9245,101.9582,101.6934,101.7619,5855
2020-01-04 08:06:00,101.7619,101.7657,101.6861,101.6866,4499
2020-01-04 08:07:00,101.6866,101.7849,101.6383,101.753,1035
2020-01-04 08:08:00,101.753,101.9354,101.6865,101.8982,5833
2020-01-04 08:09:00,101.8982,101.919,101.8444,101.8555,8230
2020-01-04 08:10:00,101.8555,101.9687,101.8014,101.9325,7667
2020-01-04 08:11:00,101.9325,101.9674,101.7337,101.7374,1443
2020-01-04 08:12:00,101.7374,101.8419,101.6595,101.8045,464
2020-01-04 08:13:00,101.8045,101.8505,101.7223,101.7227,9542
2020-01-04 08:14:00,101.7227,101.8439,101.6912,101.7539,8747
2020-01-04 08:15:00,101.7539,101.8028,101.682,101.7287,9110
2020-01-04 08:16:00,101.7287,101.9579,101.7274,101.863,3491
2020-01-04 08:17:00,101.863,101.902,101.7089,101.774,835
2020-01-04 08:18:00,101.774,101.8502,101.6977,101.8378,3706
2020-01-04 08:19:00,101.8378,101.8543,101.8083,101.8094,1567
2020-01-04 08:20:00,101.8094,101.8853,101.6701,101.7933,3614
2020-01-04 08:21:00,101.7933,101.8522,101.7482,101.7746,3875
2020-01-04 08:22:00,101.7746,101.8165,101.6767,101.6885,4761
2020-01-04 08:23:00,101.6885,101.713,101.6333,101.687,9111
2020-01-04 08:24:00,101.687,101.756,101.6301,101.6807,8256
2020-01-04 08:25:00,101.6807,101.7282,101.6201,101.7052,1814
2020-01-04 08:26:00,101.7052,101.7366,101.6535,101.7138,615
2020-01-04 08:27:00,101.7138,101.8743,101.6986,101.795,5320
2020-01-04 08:28:00,101.795,101.9451,101.7443,101.889,9720
2020-01-04 08:29:00,101.889,101.9318,101.7819,101.7819,5349
2020-01-04 08:30:00,101.7819,101.9026,101.711,101.8704,8110
2020-01-04 08:31:00,101.8704,101.9042,101.7422,101.7495,9135
2020-01-04 08:32:00,101.7495,101.835,101.7061,101.8093,8231
2020-01-04 08:33:00,101.8093,101.8967,101.7529,101.8724,6242
2020-01-04 08:34:00,101.8724,101.9429,101.6469,101.6777,3235
2020-01-04 08:35:00,101.6777,101.6934,101.6618,101.6872,5978
2020-01-04 08:36:00,101.6872,101.7006,101.6323,101.6395,7133
2020-01-04 08:37:00,101.6395,101.6617,101.496,101.5624,4424
2020-01-04 08:38:00,101.5624,101.7156,101.5241,101.6996,5171
2020-01-04 08:39:00,101.6996,101.7406,101.5542,101.6331,6042
2020-01-04 08:40:00,101.6331,101.6347,101.5484,101.5512,4079
2020-01-04 08:41:00,101.5512,101.5703,101.5039,101.5588,9568
2020-01-04 08:42:00,101.5588,101.6988,101.5471,101.6285,1611
2020-01-04 08:43:00,101.6285,101.6525,101.5473,101.6141,5000
2020-01-04 08:44:00,101.6141,101.7428,101.5125,101.7326,4759
2020-01-04 08:45:00,101.7326,101.8354,101.723,101.7866,3062
2020-01-04 08:46:00,101.7866,101.8208,101.4814,101.5649,9186
2020-01-04 08:47:00,101.5649,101.5817,101.4626,101.5111,9145
2020-01-04 08:48:00,101.5111,101.5763,101.3869,101.4541,2510
2020-01-04 08:49:00,101.4541,101.5051,101.4538,101.5027,279
2020-01-04 08:50:00,101.5027,101.5949,101.2091,101.2363,688
2020-01-04 08:51:00,101.2363,101.5806,101.1843,101.4944,2145
2020-01-04 08:52:00,101.4944,101.5856,101.4387,101.5482,5954
2020-01-04 08:53:00,101.5482,101.5923,101.5073,101.5634,3325
2020-01-04 08:54:00,101.5634,101.7056,101.5373,101.6834,8856
2020-01-04 08:55:00,101.6834,101.9275,101.68,101.9217,4864
2020-01-04 08:56:00,101.9217,102.0189,101.8958,102.0104,7187
2020-01-04 08:57:00,102.0104,102.1121,102.0032,102.1072,4153
2020-01-04 08:58:00,102.1072,102.1647,102.0581,102.1206,4564
2020-01-04 08:59:00,102.1206,102.1214,102.0575,102.1061,2806
2020-01-04 09:00:00,102.1061,102.136,102.0031,102.0575,7266
2020-01-04 09:01:00,102.0575,102.0765,101.9593,101.9732,5338
2020-01-04 09:02:00,101.9732,101.9897,101.8181,101.9032,4026
2020-01-04 09:03:00,101.9032,101.9147,101.7588,101.7655,1740
2020-01-04 09:04:00,101.7655,101.8125,101.7271,101.7578,1750
2020-01-04 09:05:00,101.7578,101.7644,101.5197,101.5864,8794
2020-01-04 09:06:00,101.5864,101.6578,101.5652,101.6058,8353
2020-01-04 09:07:00,101.6058,101.6839,101.6016,101.6021,5866
2020-01-04 09:08:00,101.6021,101.6605,101.5902,101.617,5715
2020-01-04 09:09:00,101.617,101.6442,101.5498,101.564,5829
2020-01-04 09:10:00,101.564,101.8931,101.5044,101.8765,3386
2020-01-04 09:11:00,101.8765,102.0592,101.8737,102.015,1792
2020-01-04 09:12:00,102.015,102.0196,101.8039,101.8881,7374
2020-01-04 09:13:00,101.8881,101.962,101.8762,101.9118,456
2020-01-04 09:14:00,101.9118,101.9431,101.8273,101.8498,695
2020-01-04 09:15:00,101.8498,101.8681,101.7397,101.7465,1724
2020-01-04 09:16:00,101.7465,101.7921,101.5817,101.6102,9421
2020-01-04 09:17:00,101.6102,101.6587,101.5336,101.6541,8128
2020-01-04 09:18:00,101.6541,101.6595,101.5662,101.5848,5066
2020-01-04 09:19:00,101.5848,101.7073,101.5375,101.6831,4053
2020-01-04 09:20:00,101.6831,101.7926,101.619,101.7842,7415
2020-01-04 09:21:00,101.7842,101.9748,101.66,101.924,8160
2020-01-04 09:22:00,101.924,101.9693,101.751,101.8371,6330
2020-01-04 09:23:00,101.8371,101.9035,101.7762,101.8855,2670
2020-01-04 09:24:00,101.8855,101.9805,101.8647,101.95,192
2020-01-04 09:25:00,101.95,102.0148,101.9005,101.9016,4999
2020-01-04 09:26:00,101.9016,101.9093,101.8186,101.823,9170
2020-01-04 09:27:00,101.823,102.0438,101.8195,101.9869,4803
2020-01-04 09:28:00,101.9869,102.0764,101.8641,102.0101,7841
2020-01-04 09:29:00,102.0101,102.102,101.9549,102.075,1996
2020-01-04 09:30:00,102.075,102.1102,101.9547,101.991,9274
2020-01-04 09:31:00,101.991,102.0826,101.783,101.8667,3064
2020-01-04 09:32:00,101.8667,101.8958,101.7773,101.8087,9402
2020-01-04 09:33:00,101.8087,101.8912,101.776,101.7961,6454
2020-01-04 09:34:00,101.7961,101.8342,101.6351,101.6877,8168
2020-01-04 09:35:00,101.6877,101.7176,101.662,101.6867,8674
2020-01-04 09:36:00,101.6867,101.7234,101.5053,101.515,9839
2020-01-04 09:37:00,101.515,101.5481,101.3537,101.4013,3018
2020-01-04 09:38:00,101.4013,101.4762,101.356,101.4694,7420
2020-01-04 09:39:00,101.4694,101.5749,101.4442,101.5306,5224
2020-01-04 09:40:00,101.5306,101.5585,101.4636,101.4908,2558
2020-01-04 09:41:00,101.4908,101.5043,101.2826,101.3875,1206
2020-01-04 09:42:00,101.3875,101.413,101.2116,101.2834,5136
2020-01-04 09:43:00,101.2834,101.2957,101.2302,101.2456,8722
2020-01-04 09:44:00,101.2456,101.385,101.2378,101.3108,3643
2020-01-04 09:45:00,101.3108,101.4623,101.2282,101.4049,6212
2020-01-04 09:46:00,101.4049,101.4307,101.2893,101.3545,2182
2020-01-04 09:47:00,101.3545,101.3947,101.2174,101.2376,3827
2020-01-04 09:48:00,101.2376,101.3301,101.1967,101.2647,5103
2020-01-04 09:49:00,101.2647,101.3065,101.0763,101.1813,2958
2020-01-04 09:50:00,101.1813,101.1995,101.089,101.1289,8575
2020-01-04 09:51:00,101.1289,101.3588,101.1107,101.2629,826
2020-01-04 09:52:00,101.2629,101.5058,101.2516,101.3467,1881
2020-01-04 09:53:00,101.3467,101.3703,101.3338,101.3627,7505
2020-01-04 09:54:00,101.3627,101.4153,101.2201,101.2337,436
2020-01-04 09:55:00,101.2337,101.3178,101.1977,101.2551,3702
2020-01-04 09:56:00,101.2551,101.4132,101.2235,101.3627,6183
2020-01-04 09:57:00,101.3627,101.4569,101.2072,101.3247,8877
2020-01-04 09:58:00,101.3247,101.4646,101.3019,101.4616,2014
2020-01-04 09:59:00,101.4616,101.6441,101.4538,101.5927,8858
2020-01-04 10:00:00,101.5927,101.7688,101.5752,101.7618,6326
2020-01-04 10:01:00,101.7618,101.9062,101.6688,101.7928,5070
2020-01-04 10:02:00,101.7928,101.8545,101.7542,101.8526,6922
2020-01-04 10:03:00,101.8526,102.0385,101.789,101.9967,1751
2020-01-04 10:04:00,101.9967,102.0441,101.9932,102.0423,1420
2020-01-04 10:05:00,102.0423,102.0568,101.9833,101.9911,1890
2020-01-04 10:06:00,101.9911,102.018,101.9444,101.9454,5561
2020-01-04 10:07:00,101.9454,102.0005,101.8858,101.9697,2981
2020-01-04 10:08:00,101.9697,102.0543,101.8354,101.8381,1054
2020-01-04 10:09:00,101.8381,101.8426,101.8018,101.8235,6084
2020-01-04 10:10:00,101.8235,102.0593,101.8207,101.9352,5643
2020-01-04 10:11:00,101.9352,102.0032,101.6806,101.7118,7230
2020-01-04 10:12:00,101.7118,101.8722,101.6409,101.8679,2166
2020-01-04 10:13:00,101.8679,102.0812,101.8609,101.9822,4051
2020-01-04 10:14:00,101.9822,102.0385,101.8955,101.9353,2961
2020-01-04 10:15:00,101.9353,102.0169,101.8612,101.9907,5500
2020-01-04 10:16:00,101.9907,102.0016,101.9215,101.991,8354
2020-01-04 10:17:00,101.991,102.1166,101.9714,102.1165,9305
2020-01-04 10:18:00,102.1165,102.2551,102.0636,102.2168,6233
2020-01-04 10:19:00,102.2168,102.2206,102.061,102.0737,2089
2020-01-04 10:20:00,102.0737,102.148,102.0167,102.1337,1904
2020-01-04 10:21:00,102.1337,102.1394,102.0836,102.1127,3425
2020-01-04 10:22:00,102.1127,102.1593,102.0986,102.1211,3798
2020-01-04 10:23:00,102.1211,102.1863,102.0246,102.0468,6073
2020-01-04 10:24:00,102.0468,102.2273,102.0337,102.2252,5991
2020-01-04 10:25:00,102.2252,102.4192,102.2101,102.3315,9317
2020-01-04 10:26:00,102.3315,102.3357,102.2477,102.2558,6310
2020-01-04 10:27:00,102.2558,102.2727,102.1065,102.1193,977
2020-01-04 10:28:00,102.1193,102.1578,101.9899,102.0799,3457
2020-01-04 10:29:00,102.0799,102.1324,102.0555,102.1243,231
2020-01-04 10:30:00,102.1243,102.2442,102.095,102.1488,5267
2020-01-04 10:31:00,102.1488,102.277,102.1346,102.2768,7184
2020-01-04 10:32:00,102.2768,102.3935,102.2228,102.3576,1092
2020-01-04 10:33:00,102.3576,102.4955,102.3199,102.4568,5872
2020-01-04 10:34:00,102.4568,102.5161,102.3809,102.4903,1170
2020-01-04 10:35:00,102.4903,102.5044,102.2759,102.3479,7498
2020-01-04 10:36:00,102.3479,102.3508,102.2395,102.3279,6527
2020-01-04 10:37:00,102.3279,102.4621,102.2615,102.4364,2696
2020-01-04 10:38:00,102.4364,102.4691,102.3706,102.4311,5630
2020-01-04 10:39:00,102.4311,102.4971,102.3602,102.4826,3049
2020-01-04 10:40:00,102.4826,102.5149,102.4476,102.45,5441
2020-01-04 10:41:00,102.45,102.4565,102.3259,102.3445,9193
2020-01-04 10:42:00,102.3445,102.3592,102.258,102.3319,3584
2020-01-04 10:43:00,102.3319,102.3654,102.3245,102.3635,5690
2020-01-04 10:44:00,102.3635,102.3685,102.2075,102.2964,7337
2020-01-04 10:45:00,102.2964,102.3066,102.2534,102.2722,165
2020-01-04 10:46:00,102.2722,102.2732,102.0707,102.1762,3864
2020-01-04 10:47:00,102.1762,102.4285,102.1423,102.2905,2893
2020-01-04 10:48:00,102.2905,102.3065,102.2497,102.2604,1519
2020-01-04 10:49:00,102.2604,102.442,102.2247,102.409,5577
2020-01-04 10:50:00,102.409,102.588,102.3823,102.5655,1515
2020-01-04 10:51:00,102.5655,102.579,102.5162,102.5572,8667
2020-01-04 10:52:00,102.5572,102.6236,102.3665,102.4538,5524
2020-01-04 10:53:00,102.4538,102.4687,102.1817,102.2401,6307
2020-01-04 10:54:00,102.2401,102.294,102.0715,102.0896,8469
2020-01-04 10:55:00,102.0896,102.1066,101.9337,101.9493,334
2020-01-04 10:56:00,101.9493,102.1389,101.9016,102.0899,3012
2020-01-04 10:57:00,102.0899,102.1203,102.0566,102.1017,861
2020-01-04 10:58:00,102.1017,102.1979,102.086,102.1415,3978
2020-01-04 10:59:00,102.1415,102.1688,101.8808,101.9147,5506
2020-01-04 11:00:00,101.9147,101.9755,101.7627,101.7926,1382
2020-01-04 11:01:00,101.7926,101.8991,101.7802,101.8829,1363
2020-01-04 11:02:00,101.8829,101.985,101.7957,101.9121,5803
2020-01-04 11:03:00,101.9121,102.056,101.8632,101.8971,3713
2020-01-04 11:04:00,101.8971,102.039,101.8284,101.9546,4546
2020-01-04 11:05:00,101.9546,102.1219,101.8947,102.1214,4736
2020-01-04 11:06:00,102.1214,102.1798,102.0084,102.0988,7209
2020-01-04 11:07:00,102.0988,102.1588,102.09,102.1059,3483
2020-01-04 11:08:00,102.1059,102.1691,102.0657,102.1256,3109
2020-01-04 11:09:00,102.1256,102.3861,102.0195,102.3699,1722
2020-01-04 11:10:00,102.3699,102.439,102.1379,102.155,7375
2020-01-04 11:11:00,102.155,102.2715,102.1134,102.2248,129
2020-01-04 11:12:00,102.2248,102.2356,102.2033,102.213,408
2020-01-04 11:13:00,102.213,102.2833,102.1629,102.271,9801
2020-01-04 11:14:00,102.271,102.2865,102.1769,102.2037,2193
2020-01-04 11:15:00,102.2037,102.2502,102.1678,102.1987,3530
2020-01-04 11:16:00,102.1987,102.3347,102.184,102.2714,236
2020-01-04 11:17:00,102.2714,102.6571,102.222,102.5898,874
2020-01-04 11:18:00,102.5898,102.7181,102.5578,102.6727,1698
2020-01-04 11:19:00,102.6727,102.6806,102.5848,102.5856,9746
2020-01-04 11:20:00,102.5856,102.593,102.5334,102.5422,2703
2020-01-04 11:21:00,102.5422,102.5438,102.495,102.4957,2580
2020-01-04 11:22:00,102.4957,102.499,102.2896,102.3116,9138
2020-01-04 11:23:00,102.3116,102.3601,102.2777,102.2778,8498
2020-01-04 11:24:00,102.2778,102.391,102.2527,102.3528,3230
2020-01-04 11:25:00,102.3528,102.3961,102.2159,102.2224,9521
2020-01-04 11:26:00,102.2224,102.3928,102.2009,102.3296,6574
2020-01-04 11:27:00,102.3296,102.4031,102.2867,102.3795,4791
2020-01-04 11:28:00,102.3795,102.4441,102.2734,102.3043,6768
2020-01-04 11:29:00,102.3043,102.3291,102.2523,102.2898,2896
2020-01-04 11:30:00,102.2898,102.4702,102.2609,102.4533,1227
2020-01-04 11:31:00,102.4533,102.6082,102.3874,102.5285,6602
2020-01-04 11:32:00,102.5285,102.5768,102.4912,102.5294,9494
2020-01-04 11:33:00,102.5294,102.5882,102.4498,102.505,1387
2020-01-04 11:34:00,102.505,102.5549,102.4826,102.5128,4950
2020-01-04 11:35:00,102.5128,102.5613,102.4404,102.4604,8840
2020-01-04 11:36:00,102.4604,102.4956,102.2098,102.2447,4045
2020-01-04 11:37:00,102.2447,102.4637,102.1688,102.4535,4029
2020-01-04 11:38:00,102.4535,102.5202,102.4037,102.4694,1487
2020-01-04 11:39:00,102.4694,102.521,102.3996,102.5102,9565
2020-01-04 11:40:00,102.5102,102.5453,102.5016,102.5043,3363
2020-01-04 11:41:00,102.5043,102.5112,102.3805,102.429,9098
2020-01-04 11:42:00,102.429,102.4961,102.3702,102.4099,2027
2020-01-04 11:43:00,102.4099,102.4684,102.229,102.2461,8074
2020-01-04 11:44:00,102.2461,102.5046,102.2392,102.4789,4081
2020-01-04 11:45:00,102.4789,102.5429,102.3473,102.3524,1845
2020-01-04 11:46:00,102.3524,102.3572,102.2313,102.2468,4088
2020-01-04 11:47:00,102.2468,102.2847,102.2011,102.2018,1325
2020-01-04 11:48:00,102.2018,102.3444,102.1996,102.3334,8206
2020-01-04 11:49:00,102.3334,102.3631,102.3069,102.3349,6382
2020-01-04 11:50:00,102.3349,102.384,102.1279,102.2084,6071
2020-01-04 11:51:00,102.2084,102.4218,102.1513,102.3366,2166
2020-01-04 11:52:00,102.3366,102.44,102.2999,102.4114,8386
2020-01-04 11:53:00,102.4114,102.5559,102.3958,102.4666,229
2020-01-04 11:54:00,102.4666,102.591,102.4326,102.5399,7372
2020-01-04 11:55:00,102.5399,102.8482,102.4678,102.7854,7188
2020-01-04 11:56:00,102.7854,103.0123,102.6971,103.01,3368
2020-01-04 11:57:00,103.01,103.0788,102.9031,102.9393,1086
2020-01-04 11:58:00,102.9393,103.1648,102.8936,103.1064,3210
2020-01-04 11:59:00,103.1064,103.1468,103.0777,103.146,3672
2020-01-04 12:00:00,103.146,103.2183,103.1253,103.1974,9108
2020-01-04 12:01:00,103.1974,103.2652,102.9917,103.0228,7398
2020-01-04 12:02:00,103.0228,103.1101,102.9723,103.0052,2700
2020-01-04 12:03:00,103.0052,103.0489,102.9034,102.9215,2269
2020-01-04 12:04:00,102.9215,103.0167,102.8581,103.0067,1879
2020-01-04 12:05:00,103.0067,103.1174,102.9929,103.1171,856
2020-01-04 12:06:00,103.1171,103.1429,102.8088,102.9032,1267
2020-01-04 12:07:00,102.9032,102.9135,102.8088,102.9009,7453
2020-01-04 12:08:00,102.9009,103.0699,102.8759,103.0163,2694
2020-01-04 12:09:00,103.0163,103.0366,102.99,102.9971,5430
2020-01-04 12:10:00,102.9971,103.0784,102.9814,103.0722,3204
2020-01-04 12:11:00,103.0722,103.1562,103.0559,103.1084,7426
2020-01-04 12:12:00,103.1084,103.1931,103.1063,103.1436,505
2020-01-04 12:13:00,103.1436,103.1552,103.0929,103.1156,2511
2020-01-04 12:14:00,103.1156,103.126,102.9795,102.9902,8454
2020-01-04 12:15:00,102.9902,103.0539,102.8584,102.8747,8422
2020-01-04 12:16:00,102.8747,102.9693,102.8132,102.9476,3267
2020-01-04 12:17:00,102.9476,103.0565,102.924,102.9497,2800
2020-01-04 12:18:00,102.9497,103.0481,102.8942,102.9354,5900
2020-01-04 12:19:00,102.9354,102.9836,102.8901,102.8918,7634
2020-01-04 12:20:00,102.8918,102.9734,102.8449,102.8604,4982
2020-01-04 12:21:00,102.8604,102.97,102.8458,102.968,2033
2020-01-04 12:22:00,102.968,102.9971,102.879,102.9335,8238
2020-01-04 12:23:00,102.9335,102.9587,102.7832,102.7955,3605
2020-01-04 12:24:00,102.7955,102.8826,102.7429,102.8719,3232
2020-01-04 12:25:00,102.8719,102.9054,102.795,102.8509,3079
2020-01-04 12:26:00,102.8509,102.8883,102.7889,102.8541,1446
2020-01-04 12:27:00,102.8541,103.0593,102.8325,103.0194,2736
2020-01-04 12:28:00,103.0194,103.0384,102.9791,103.0173,8336
2020-01-04 12:29:00,103.0173,103.0718,102.934,103.0471,446
2020-01-04 12:30:00,103.0471,103.1292,102.8837,102.9256,3893
2020-01-04 12:31:00,102.9256,102.9525,102.8839,102.903,2642
2020-01-04 12:32:00,102.903,103.0215,102.881,102.9657,5100
2020-01-04 12:33:00,102.9657,103.0489,102.7935,102.8056,8351
2020-01-04 12:34:00,102.8056,102.8419,102.77,102.8262,2445
2020-01-04 12:35:00,102.8262,102.876,102.8018,102.8366,4426
2020-01-04 12:36:00,102.8366,102.9281,102.8199,102.8408,2944
2020-01-04 12:37:00,102.8408,103.0011,102.837,102.9475,3866
2020-01-04 12:38:00,102.9475,103.0744,102.8949,102.9819,547
2020-01-04 12:39:00,102.9819,103.1517,102.935,103.1341,7893
2020-01-04 12:40:00,103.1341,103.1457,103.0033,103.0317,2515
2020-01-04 12:41:00,103.0317,103.0493,103.0066,103.0457,4178
2020-01-04 12:42:00,103.0457,103.0562,102.9876,103.0544,5248
2020-01-04 12:43:00,103.0544,103.0615,102.921,102.9442,3135
2020-01-04 12:44:00,102.9442,103.1671,102.9365,103.0426,2424
2020-01-04 12:45:00,103.0426,103.2829,103.0231,103.2822,6852
2020-01-04 12:46:00,103.2822,103.3973,103.2651,103.2804,5026
2020-01-04 12:47:00,103.2804,103.3704,103.1728,103.3326,8329
2020-01-04 12:48:00,103.3326,103.37,103.286,103.3413,9522
2020-01-04 12:49:00,103.3413,103.4528,103.2174,103.2676,5925
2020-01-04 12:50:00,103.2676,103.3096,103.0264,103.0795,7919
2020-01-04 12:51:00,103.0795,103.1089,102.9808,103.0068,8580
2020-01-04 12:52:00,103.0068,103.0681,102.8338,102.8634,7218
2020-01-04 12:53:00,102.8634,103.0488,102.8606,103.0387,5712
2020-01-04 12:54:00,103.0387,103.0564,103.0013,103.0268,8036
2020-01-04 12:55:00,103.0268,103.0877,102.9839,102.9912,6695
2020-01-04 12:56:00,102.9912,103.0877,102.9774,103.0828,5592
2020-01-04 12:57:00,103.0828,103.1216,102.875,102.9671,6804
2020-01-04 12:58:00,102.9671,103.0023,102.8433,102.8882,7568
2020-01-04 12:59:00,102.8882,102.9614,102.8596,102.8952,303
2020-01-04 13:00:00,102.8952,103.0769,102.8805,103.001,6622
2020-01-04 13:01:00,103.001,103.1259,102.9878,103.0527,5334
2020-01-04 13:02:00,103.0527,103.1256,103.0476,103.0783,9335
2020-01-04 13:03:00,103.0783,103.1645,103.0231,103.0864,1720
2020-01-04 13:04:00,103.0864,103.1586,102.941,103.1276,2543
2020-01-04 13:05:00,103.1276,103.2444,103.0968,103.1484,3936
2020-01-04 13:06:00,103.1484,103.1594,102.9524,103.0422,3223
2020-01-04 13:07:00,103.0422,103.0601,102.9806,103.0469,3831
2020-01-04 13:08:00,103.0469,103.0784,102.8125,102.9363,3357
2020-01-04 13:09:00,102.9363,102.9616,102.9055,102.9446,1237
2020-01-04 13:10:00,102.9446,103.0382,102.8462,102.8951,8837
2020-01-04 13:11:00,102.8951,103.1663,102.891,103.1564,8964
2020-01-04 13:12:00,103.1564,103.1729,103.1132,103.1523,7437
2020-01-04 13:13:00,103.1523,103.1802,102.9165,103.0075,9051
2020-01-04 13:14:00,103.0075,103.0555,102.9402,102.9936,9636
2020-01-04 13:15:00,102.9936,103.0795,102.9514,103.0471,619
2020-01-04 13:16:00,103.0471,103.2377,103.0198,103.2196,8100
2020-01-04 13:17:00,103.2196,103.2447,103.1327,103.1587,4305
2020-01-04 13:18:00,103.1587,103.1927,102.9792,102.9955,9893
2020-01-04 13:19:00,102.9955,103.1878,102.9911,103.0796,6567
2020-01-04 13:20:00,103.0796,103.1327,102.8671,102.9373,6171
2020-01-04 13:21:00,102.9373,102.9449,102.8873,102.8924,1922
2020-01-04 13:22:00,102.8924,102.9229,102.8165,102.8659,2124
2020-01-04 13:23:00,102.8659,102.8983,102.8314,102.8587,1284
2020-01-04 13:24:00,102.8587,102.9326,102.7911,102.9296,479
2020-01-04 13:25:00,102.9296,102.942,102.8144,102.8593,2227
2020-01-04 13:26:00,102.8593,102.8825,102.8308,102.8311,9586
2020-01-04 13:27:00,102.8311,102.8448,102.7507,102.8296,8907
2020-01-04 13:28:00,102.8296,102.8583,102.7946,102.845,535
2020-01-04 13:29:00,102.845,102.9354,102.7908,102.8551,5117
2020-01-04 13:30:00,102.8551,102.924,102.7535,102.8999,3249
2020-01-04 13:31:00,102.8999,103.0458,102.8911,102.9868,1647
2020-01-04 13:32:00,102.9868,103.0616,102.9596,103.0272,4990
2020-01-04 13:33:00,103.0272,103.0756,102.9874,103.0739,9426
2020-01-04 13:34:00,103.0739,103.0924,102.8437,102.9108,8743
2020-01-04 13:35:00,102.9108,103.0076,102.8451,102.916,4455
2020-01-04 13:36:00,102.916,102.993,102.8414,102.9654,8197
2020-01-04 13:37:00,102.9654,103.0803,102.9637,103.0404,6951
2020-01-04 13:38:00,103.0404,103.0562,102.9156,102.9691,6418
2020-01-04 13:39:00,102.9691,103.0358,102.8987,102.9012,811
2020-01-04 13:40:00,102.9012,102.9309,102.7967,102.8421,5919
2020-01-04 13:41:00,102.8421,102.9492,102.7843,102.8973,5605
2020-01-04 13:42:00,102.8973,103.0924,102.8132,103.0037,7539
2020-01-04 13:43:00,103.0037,103.0197,102.9092,102.9617,6120
2020-01-04 13:44:00,102.9617,103.0824,102.9082,103.0552,8458
2020-01-04 13:45:00,103.0552,103.1184,103.0531,103.0679,6386
2020-01-04 13:46:00,103.0679,103.1332,103.0058,103.0551,4688
2020-01-04 13:47:00,103.0551,103.0634,102.9749,103.0333,2219
2020-01-04 13:48:00,103.0333,103.188,103.0216,103.1103,7611
2020-01-04 13:49:00,103.1103,103.1649,103.0798,103.1438,6390
2020-01-04 13:50:00,103.1438,103.4091,103.1077,103.3786,7768
2020-01-04 13:51:00,103.3786,103.3839,103.2493,103.2905,5557
2020-01-04 13:52:00,103.2905,103.4106,103.2506,103.344,1208
2020-01-04 13:53:00,103.344,103.3819,103.2811,103.2893,1940
2020-01-04 13:54:00,103.2893,103.3458,103.1511,103.1995,2954
2020-01-04 13:55:00,103.1995,103.2006,103.1951,103.1984,3314
2020-01-04 13:56:00,103.1984,103.2302,103.0984,103.2126,9182
2020-01-04 13:57:00,103.2126,103.56,103.1837,103.5137,9626
2020-01-04 13:58:00,103.5137,103.5685,103.4772,103.4947,3540
2020-01-04 13:59:00,103.4947,103.5149,103.2861,103.3777,5926
2020-01-04 14:00:00,103.3777,103.4494,103.2448,103.4059,1819
2020-01-04 14:01:00,103.4059,103.4324,103.0707,103.1914,2960
2020-01-04 14:02:00,103.1914,103.379,103.1135,103.1819,9262
2020-01-04 14:03:00,103.1819,103.2915,103.178,103.1836,166
2020-01-04 14:04:00,103.1836,103.294,103.1561,103.2656,8001
2020-01-04 14:05:00,103.2656,103.4058,103.2168,103.3661,3945
2020-01-04 14:06:00,103.3661,103.4242,103.2932,103.3141,9129
2020-01-04 14:07:00,103.3141,103.3397,103.2846,103.2985,1026
2020-01-04 14:08:00,103.2985,103.3355,103.218,103.2194,3705
2020-01-04 14:09:00,103.2194,103.317,103.0786,103.1029,440
2020-01-04 14:10:00,103.1029,103.1422,103.0878,103.1349,3849
2020-01-04 14:11:00,103.1349,103.2262,102.9637,103.0035,201
2020-01-04 14:12:00,103.0035,103.0619,102.9513,102.9608,8233
2020-01-04 14:13:00,102.9608,102.9649,102.8347,102.8583,1233
2020-01-04 14:14:00,102.8583,103.0283,102.8407,102.9149,5102
2020-01-04 14:15:00,102.9149,103.1329,102.7966,103.1003,927
2020-01-04 14:16:00,103.1003,103.1068,102.9515,102.9661,5249
2020-01-04 14:17:00,102.9661,102.9922,102.7132,102.7753,7118
2020-01-04 14:18:00,102.7753,102.7959,102.7301,102.7624,5191
2020-01-04 14:19:00,102.7624,102.8308,102.7578,102.7641,484
2020-01-04 14:20:00,102.7641,102.8071,102.7587,102.7865,8889
2020-01-04 14:21:00,102.7865,102.8872,102.7047,102.7407,108
2020-01-04 14:22:00,102.7407,102.7608,102.6725,102.72,1413
2020-01-04 14:23:00,102.72,102.8075,102.7011,102.7578,1078
2020-01-04 14:24:00,102.7578,102.8792,102.744,102.8647,3823
2020-01-04 14:25:00,102.8647,102.878,102.6541,102.6636,2190
2020-01-04 14:26:00,102.6636,102.7251,102.5781,102.6257,3202
2020-01-04 14:27:00,102.6257,102.6834,102.5952,102.6477,3853
2020-01-04 14:28:00,102.6477,102.6612,102.5174,102.5534,3844
2020-01-04 14:29:00,102.5534,102.7311,102.5476,102.731,7030
2020-01-04 14:30:00,102.731,102.7854,102.6108,102.6657,1888
2020-01-04 14:31:00,102.6657,102.7777,102.6344,102.6615,1342
2020-01-04 14:32:00,102.6615,102.7244,102.6584,102.7185,8404
2020-01-04 14:33:00,102.7185,102.7594,102.6225,102.6578,3866
2020-01-04 14:34:00,102.6578,102.6634,102.3871,102.4682,3431
2020-01-04 14:35:00,102.4682,102.4956,102.3954,102.4243,6255
2020-01-04 14:36:00,102.4243,102.5536,102.4037,102.5298,1463
2020-01-04 14:37:00,102.5298,102.534,102.491,102.4952,6752
2020-01-04 14:38:00,102.4952,102.5816,102.3418,102.4085,3475
2020-01-04 14:39:00,102.4085,102.5664,102.3973,102.5033,5732
2020-01-04 14:40:00,102.5033,102.5524,102.4534,102.4694,3532
2020-01-04 14:41:00,102.4694,102.5082,102.3639,102.4171,5538
2020-01-04 14:42:00,102.4171,102.4985,102.411,102.4324,6752
2020-01-04 14:43:00,102.4324,102.5453,102.4047,102.5113,7788
2020-01-04 14:44:00,102.5113,102.7748,102.4859,102.7555,5993
2020-01-04 14:45:00,102.7555,102.8717,102.71,102.8405,1449
2020-01-04 14:46:00,102.8405,102.9851,102.8359,102.9598,407
2020-01-04 14:47:00,102.9598,102.9831,102.8661,102.9077,9638
2020-01-04 14:48:00,102.9077,103.0466,102.7713,102.8021,9158
2020-01-04 14:49:00,102.8021,102.8124,102.7868,102.8085,7155
2020-01-04 14:50:00,102.8085,102.8677,102.7964,102.8195,7909
2020-01-04 14:51:00,102.8195,102.8437,102.6872,102.7086,5836
2020-01-04 14:52:00,102.7086,102.7492,102.6768,102.6906,8155
2020-01-04 14:53:00,102.6906,102.7799,102.616,102.7316,7809
2020-01-04 14:54:00,102.7316,102.7874,102.6596,102.7687,8209
2020-01-04 14:55:00,102.7687,102.9063,102.7333,102.8205,9804
2020-01-04 14:56:00,102.8205,102.8959,102.787,102.8504,2383
2020-01-04 14:57:00,102.8504,102.8755,102.7163,102.7983,7652
2020-01-04 14:58:00,102.7983,102.8092,102.7148,102.7454,8234
2020-01-04 14:59:00,102.7454,102.7907,102.6051,102.6222,3878
2020-01-04 15:00:00,102.6222,102.8146,102.5232,102.8054,5475
2020-01-04 15:01:00,102.8054,102.8729,102.7597,102.8068,9159
2020-01-04 15:02:00,102.8068,102.8408,102.7089,102.7837,1482
2020-01-04 15:03:00,102.7837,102.8423,102.5823,102.6882,3714
2020-01-04 15:04:00,102.6882,103.0055,102.6345,102.9897,7195
2020-01-04 15:05:00,102.9897,102.9936,102.8731,102.8791,9275
2020-01-04 15:06:00,102.8791,102.907,102.767,102.835,1124
2020-01-04 15:07:00,102.835,102.8792,102.822,102.8778,8409
2020-01-04 15:08:00,102.8778,102.957,102.8486,102.9395,2626
2020-01-04 15:09:00,102.9395,103.042,102.8435,103.0381,6702
2020-01-04 15:10:00,103.0381,103.2259,102.9798,103.2244,9510
2020-01-04 15:11:00,103.2244,103.2924,103.2234,103.2766,7919
2020-01-04 15:12:00,103.2766,103.2871,103.1299,103.1676,1143
2020-01-04 15:13:00,103.1676,103.1884,103.1264,103.141,2605
2020-01-04 15:14:00,103.141,103.217,103.1332,103.1728,7858
2020-01-04 15:15:00,103.1728,103.3962,103.1641,103.3862,2787
2020-01-04 15:16:00,103.3862,103.5028,103.2305,103.2417,3256
2020-01-04 15:17:00,103.2417,103.3741,103.1579,103.3658,675
2020-01-04 15:18:00,103.3658,103.4129,103.3589,103.3844,502
2020-01-04 15:19:00,103.3844,103.6092,103.3007,103.471,8544
2020-01-04 15:20:00,103.471,103.4924,103.4313,103.4605,1729
2020-01-04 15:21:00,103.4605,103.5117,103.3552,103.3733,8068
2020-01-04 15:22:00,103.3733,103.4816,103.3675,103.4509,2809
2020-01-04 15:23:00,103.4509,103.5509,103.4006,103.5186,4923
2020-01-04 15:24:00,103.5186,103.647,103.5128,103.6193,4143
2020-01-04 15:25:00,103.6193,103.6764,103.5696,103.6179,2759
2020-01-04 15:26:00,103.6179,103.6369,103.5058,103.5557,5341
2020-01-04 15:27:00,103.5557,103.6243,103.3725,103.3943,9270
2020-01-04 15:28:00,103.3943,103.4881,103.3474,103.479,3916
2020-01-04 15:29:00,103.479,103.5605,103.4758,103.5229,2826
2020-01-04 15:30:00,103.5229,103.5414,103.3683,103.4229,668
2020-01-04 15:31:00,103.4229,103.4402,103.3515,103.3672,4205
2020-01-04 15:32:00,103.3672,103.3921,103.2817,103.319,2872
2020-01-04 15:33:00,103.319,103.3338,103.093,103.1658,4154
2020-01-04 15:34:00,103.1658,103.1971,103.0532,103.0814,7977
2020-01-04 15:35:00,103.0814,103.0949,102.9121,102.9645,4098
2020-01-04 15:36:00,102.9645,103.0119,102.8054,102.9221,236
2020-01-04 15:37:00,102.9221,102.977,102.829,102.846,4886
2020-01-04 15:38:00,102.846,102.905,102.6355,102.6787,9715
2020-01-04 15:39:00,102.6787,102.9651,102.5914,102.8864,1565
2020-01-04 15:40:00,102.8864,103.0527,102.8111,103.0152,4871
2020-01-04 15:41:00,103.0152,103.0691,102.8729,102.935,3932
2020-01-04 15:42:00,102.935,103.0256,102.8504,102.963,1636
2020-01-04 15:43:00,102.963,103.0536,102.8592,103.006,2424
2020-01-04 15:44:00,103.006,103.1445,102.9814,103.1287,9671
2020-01-04 15:45:00,103.1287,103.2233,103.0125,103.0443,9224
2020-01-04 15:46:00,103.0443,103.1782,103.0274,103.1568,7360
2020-01-04 15:47:00,103.1568,103.2301,103.075,103.1003,6884
2020-01-04 15:48:00,103.1003,103.1518,102.9282,102.9626,7403
2020-01-04 15:49:00,102.9626,103.084,102.9309,103.0371,9359
2020-01-04 15:50:00,103.0371,103.1799,103.0259,103.1701,310
2020-01-04 15:51:00,103.1701,103.4389,103.1282,103.4371,7626
2020-01-04 15:52:00,103.4371,103.4425,103.2224,103.313,6604
2020-01-04 15:53:00,103.313,103.4326,103.2852,103.3852,6654
2020-01-04 15:54:00,103.3852,103.4064,103.336,103.3429,8523
2020-01-04 15:55:00,103.3429,103.5757,103.3162,103.4238,903
2020-01-04 15:56:00,103.4238,103.4917,103.2195,103.2717,9485
2020-01-04 15:57:00,103.2717,103.3847,103.0841,103.1413,8525
2020-01-04 15:58:00,103.1413,103.1504,103.0534,103.0613,2667
2020-01-04 15:59:00,103.0613,103.0818,103.002,103.0694,2247
2020-01-04 16:00:00,103.0694,103.084,102.9864,103.0034,6496
2020-01-04 16:01:00,103.0034,103.1207,102.9699,103.0712,1823
2020-01-04 16:02:00,103.0712,103.2119,103.0496,103.1771,1246
2020-01-04 16:03:00,103.1771,103.2759,103.1731,103.239,8423
2020-01-04 16:04:00,103.239,103.471,103.1767,103.4061,6464
2020-01-04 16:05:00,103.4061,103.5249,103.3121,103.4491,9123
2020-01-04 16:06:00,103.4491,103.4491,103.2908,103.3232,831
2020-01-04 16:07:00,103.3232,103.5567,103.2753,103.4641,8694
2020-01-04 16:08:00,103.4641,103.552,103.3579,103.4014,6414
2020-01-04 16:09:00,103.4014,103.5247,103.3363,103.4956,5695
2020-01-04 16:10:00,103.4956,103.6963,103.4437,103.6585,9909
2020-01-04 16:11:00,103.6585,103.7518,103.6428,103.7058,369
2020-01-04 16:12:00,103.7058,103.7293,103.5058,103.5506,7680
2020-01-04 16:13:00,103.5506,103.5904,103.3662,103.4556,1254
2020-01-04 16:14:00,103.4556,103.7034,103.4452,103.5924,6956
2020-01-04 16:15:00,103.5924,103.5977,103.5288,103.5749,7115
2020-01-04 16:16:00,103.5749,103.6157,103.5483,103.5831,8000
2020-01-04 16:17:00,103.5831,103.6667,103.5694,103.6617,5736
2020-01-04 16:18:00,103.6617,103.8532,103.6596,103.7339,6872
2020-01-04 16:19:00,103.7339,103.7716,103.6697,103.7628,2448
2020-01-04 16:20:00,103.7628,103.889,103.6984,103.7412,2851
2020-01-04 16:21:00,103.7412,103.7976,103.6192,103.7087,6158
2020-01-04 16:22:00,103.7087,103.8248,103.642,103.7977,4622
2020-01-04 16:23:00,103.7977,103.8696,103.7571,103.8552,2263
2020-01-04 16:24:00,103.8552,103.8844,103.7555,103.8284,2383
2020-01-04 16:25:00,103.8284,103.9916,103.8121,103.9408,6256
2020-01-04 16:26:00,103.9408,103.9446,103.9225,103.9274,4263
2020-01-04 16:27:00,103.9274,103.9687,103.8136,103.8389,4586
2020-01-04 16:28:00,103.8389,103.9995,103.7506,103.7601,9064
2020-01-04 16:29:00,103.7601,103.7833,103.5866,103.6585,2526
2020-01-04 16:30:00,103.6585,103.6597,103.5791,103.6303,3346
2020-01-04 16:31:00,103.6303,103.7683,103.6045,103.7581,5611
2020-01-04 16:32:00,103.7581,103.8337,103.6731,103.6746,3576
2020-01-04 16:33:00,103.6746,103.7524,103.6388,103.6941,4283
2020-01-04 16:34:00,103.6941,103.7263,103.5574,103.626,6011
2020-01-04 16:35:00,103.626,103.7253,103.5359,103.5991,5308
2020-01-04 16:36:00,103.5991,103.6773,103.4239,103.4426,8278
2020-01-04 16:37:00,103.4426,103.4554,103.3937,103.4198,3992
2020-01-04 16:38:00,103.4198,103.4425,103.368,103.3998,2879
2020-01-04 16:39:00,103.3998,103.4584,103.3973,103.4556,6699
2020-01-04 16:40:00,103.4556,103.5117,103.45,103.4787,8746
2020-01-04 16:41:00,103.4787,103.4967,103.2594,103.3547,3734
2020-01-04 16:42:00,103.3547,103.6038,103.31,103.4668,6754
2020-01-04 16:43:00,103.4668,103.512,103.4555,103.4886,3346
2020-01-04 16:44:00,103.4886,103.5332,103.4826,103.5091,4404
2020-01-04 16:45:00,103.5091,103.5381,103.4694,103.5081,7896
2020-01-04 16:46:00,103.5081,103.5285,103.4077,103.4545,5532
2020-01-04 16:47:00,103.4545,103.5548,103.377,103.4771,2950
2020-01-04 16:48:00,103.4771,103.5283,103.3853,103.5263,5723
2020-01-04 16:49:00,103.5263,103.5668,103.291,103.3454,2233
2020-01-04 16:50:00,103.3454,103.3771,103.2133,103.2898,5439
2020-01-04 16:51:00,103.2898,103.3315,103.2303,103.2634,1821
2020-01-04 16:52:00,103.2634,103.3682,103.2466,103.2899,2126
2020-01-04 16:53:00,103.2899,103.4869,103.2255,103.4131,6749
2020-01-04 16:54:00,103.4131,103.5201,103.3102,103.3333,1286
2020-01-04 16:55:00,103.3333,103.3929,103.2699,103.2819,1250
2020-01-04 16:56:00,103.2819,103.3614,103.2173,103.2289,4312
2020-01-04 16:57:00,103.2289,103.2489,103.1222,103.1462,1529
2020-01-04 16:58:00,103.1462,103.1648,103.0843,103.1104,748
2020-01-04 16:59:00,103.1104,103.2012,102.9972,103.1899,8035
2020-01-04 17:00:00,103.1899,103.2493,103.0711,103.0811,455
2020-01-04 17:01:00,103.0811,103.1609,103.0727,103.1252,2923
2020-01-04 17:02:00,103.1252,103.1652,102.886,102.9497,8257
2020-01-04 17:03:00,102.9497,103.0275,102.8892,102.8919,5218
2020-01-04 17:04:00,102.8919,102.9154,102.7622,102.858,7643
2020-01-04 17:05:00,102.858,103.0683,102.8074,103.0303,5369
2020-01-04 17:06:00,103.0303,103.0427,102.974,103.002,6479
2020-01-04 17:07:00,103.002,103.0496,102.7737,102.7752,4034
2020-01-04 17:08:00,102.7752,102.856,102.5033,102.5698,9483
2020-01-04 17:09:00,102.5698,102.6577,102.5201,102.5733,5714
2020-01-04 17:10:00,102.5733,102.6563,102.5656,102.6363,7185
2020-01-04 17:11:00,102.6363,102.7204,102.6109,102.6748,366
2020-01-04 17:12:00,102.6748,102.7185,102.6212,102.692,7417
2020-01-04 17:13:00,102.692,102.8226,102.6668,102.8113,1980
2020-01-04 17:14:00,102.8113,102.8484,102.7516,102.7559,1648
2020-01-04 17:15:00,102.7559,102.8688,102.6753,102.8478,481
2020-01-04 17:16:00,102.8478,102.8902,102.5734,102.68,1735
2020-01-04 17:17:00,102.68,102.698,102.5578,102.5871,8976
2020-01-04 17:18:00,102.5871,102.6265,102.3204,102.4017,7517
2020-01-04 17:19:00,102.4017,102.4495,102.2779,102.3735,2737
2020-01-04 17:20:00,102.3735,102.4561,102.311,102.3688,5670
2020-01-04 17:21:00,102.3688,102.384,102.3638,102.3805,4949
2020-01-04 17:22:00,102.3805,102.4159,102.3669,102.3868,6150
2020-01-04 17:23:00,102.3868,102.4363,102.2822,102.2918,2051
2020-01-04 17:24:00,102.2918,102.3659,102.2142,102.2724,9737
2020-01-04 17:25:00,102.2724,102.3001,102.0983,102.1192,6045
2020-01-04 17:26:00,102.1192,102.3511,102.1126,102.2584,120
2020-01-04 17:27:00,102.2584,102.3065,102.1887,102.2274,1109
2020-01-04 17:28:00,102.2274,102.2395,102.1464,102.1774,7879
2020-01-04 17:29:00,102.1774,102.402,102.1147,102.3398,7240
2020-01-04 17:30:00,102.3398,102.4088,102.1919,102.2126,5387
2020-01-04 17:31:00,102.2126,102.2917,102.0854,102.0976,9373
2020-01-04 17:32:00,102.0976,102.1063,101.9636,101.9857,2748
2020-01-04 17:33:00,101.9857,101.9925,101.9759,101.9788,7924
2020-01-04 17:34:00,101.9788,102.1093,101.9748,102.0228,4952
2020-01-04 17:35:00,102.0228,102.1165,102.011,102.0982,5485
2020-01-04 17:36:00,102.0982,102.4201,102.0501,102.3608,2552
2020-01-04 17:37:00,102.3608,102.4197,102.1003,102.1306,6608
2020-01-04 17:38:00,102.1306,102.2269,102.0818,102.1927,8676
2020-01-04 17:39:00,102.1927,102.2505,102.0925,102.1358,4204
2020-01-04 17:40:00,102.1358,102.1518,102.05,102.0759,7636
2020-01-04 17:41:00,102.0759,102.11,101.9793,102.0127,6552
2020-01-04 17:42:00,102.0127,102.1042,101.8857,101.9199,2317
2020-01-04 17:43:00,101.9199,102.1489,101.8854,102.0916,246
2020-01-04 17:44:00,102.0916,102.223,102.0604,102.1776,2026
2020-01-04 17:45:00,102.1776,102.2248,102.1294,102.18,3854
2020-01-04 17:46:00,102.18,102.3973,102.1554,102.318,8371
2020-01-04 17:47:00,102.318,102.3587,102.1619,102.1633,6695
2020-01-04 17:48:00,102.1633,102.1682,101.9567,102.0273,1077
2020-01-04 17:49:00,102.0273,102.0672,101.783,101.8051,5002
2020-01-04 17:50:00,101.8051,101.8374,101.6229,101.7339,6152
2020-01-04 17:51:00,101.7339,101.7832,101.7236,101.7504,2904
2020-01-04 17:52:00,101.7504,101.8038,101.6333,101.7608,7679
2020-01-04 17:53:00,101.7608,101.7939,101.6874,101.776,9877
2020-01-04 17:54:00,101.776,101.7769,101.5943,101.6324,4490
2020-01-04 17:55:00,101.6324,101.747,101.5036,101.714,9445
2020-01-04 17:56:00,101.714,101.8224,101.714,101.7384,6112
2020-01-04 17:57:00,101.7384,101.8191,101.7063,101.813,5983
2020-01-04 17:58:00,101.813,101.8599,101.5777,101.6203,5384
2020-01-04 17:59:00,101.6203,101.6883,101.5797,101.6519,8904
2020-01-04 18:00:00,101.6519,101.6584,101.4785,101.5312,3678
2020-01-04 18:01:00,101.5312,101.5695,101.4638,101.4909,4264
2020-01-04 18:02:00,101.4909,101.6129,101.4825,101.5451,4751
2020-01-04 18:03:00,101.5451,101.6482,101.5231,101.5544,3056
2020-01-04 18:04:00,101.5544,101.57,101.4102,101.4679,5881
2020-01-04 18:05:00,101.4679,101.4922,101.3882,101.4685,3306
2020-01-04 18:06:00,101.4685,101.4734,101.3107,101.3131,929
2020-01-04 18:07:00,101.3131,101.4306,101.258,101.4296,4697
2020-01-04 18:08:00,101.4296,101.4372,101.3559,101.4088,9265
2020-01-04 18:09:00,101.4088,101.5739,101.3597,101.5223,9021
2020-01-04 18:10:00,101.5223,101.5227,101.4071,101.4688,9192
2020-01-04 18:11:00,101.4688,101.5077,101.3901,101.4157,759
2020-01-04 18:12:00,101.4157,101.4377,101.2854,101.3382,7905
2020-01-04 18:13:00,101.3382,101.4369,101.3154,101.427,860
2020-01-04 18:14:00,101.427,101.4677,101.3032,101.355,8623
2020-01-04 18:15:00,101.355,101.482,101.2736,101.4203,1058
2020-01-04 18:16:00,101.4203,101.4626,101.3403,101.3816,5940
2020-01-04 18:17:00,101.3816,101.398,101.1776,101.1812,6899
2020-01-04 18:18:00,101.1812,101.1972,101.0596,101.1235,4508
2020-01-04 18:19:00,101.1235,101.1414,100.9244,101.0043,1955
2020-01-04 18:20:00,101.0043,101.0442,100.9664,101.0077,454
2020-01-04 18:21:00,101.0077,101.0237,100.8747,100.8875,5721
2020-01-04 18:22:00,100.8875,101.0513,100.7747,100.9809,2372
2020-01-04 18:23:00,100.9809,101.0222,100.9176,100.9717,4294
2020-01-04 18:24:00,100.9717,100.9802,100.8676,100.9538,4990
2020-01-04 18:25:00,100.9538,101.0592,100.8808,101.02,3262
2020-01-04 18:26:00,101.02,101.1386,100.9742,101.1173,3980
2020-01-04 18:27:00,101.1173,101.1182,101.0853,101.1153,6617
2020-01-04 18:28:00,101.1153,101.1232,101.0293,101.0373,8495
2020-01-04 18:29:00,101.0373,101.0974,100.8196,100.8581,4065
2020-01-04 18:30:00,100.8581,100.8911,100.7809,100.7889,708
2020-01-04 18:31:00,100.7889,100.8185,100.7164,100.7267,8176
2020-01-04 18:32:00,100.7267,100.7762,100.6997,100.7375,1240
2020-01-04 18:33:00,100.7375,100.7432,100.681,100.7027,4974
2020-01-04 18:34:00,100.7027,100.8322,100.6943,100.772,5096
2020-01-04 18:35:00,100.772,100.8054,100.698,100.7102,5023
2020-01-04 18:36:00,100.7102,100.7144,100.6608,100.7045,8273
2020-01-04 18:37:00,100.7045,100.9152,100.6646,100.8237,6335
2020-01-04 18:38:00,100.8237,100.8633,100.6714,100.8582,5296
2020-01-04 18:39:00,100.8582,100.9416,100.8178,100.8521,8017
2020-01-04 18:40:00,100.8521,100.8632,100.7447,100.7914,838
2020-01-04 18:41:00,100.7914,100.8109,100.7175,100.7276,7587
2020-01-04 18:42:00,100.7276,100.8051,100.6284,100.6419,3823
2020-01-04 18:43:00,100.6419,100.6639,100.5591,100.5875,757
2020-01-04 18:44:00,100.5875,100.6958,100.5623,100.6635,7412
2020-01-04 18:45:00,100.6635,100.6871,100.5982,100.6411,2826
2020-01-04 18:46:00,100.6411,100.6558,100.5024,100.5053,9401
2020-01-04 18:47:00,100.5053,100.7831,100.3801,100.683,3312
2020-01-04 18:48:00,100.683,100.7623,100.6043,100.7152,6288
2020-01-04 18:49:00,100.7152,100.7703,100.5653,100.5735,8137
2020-01-04 18:50:00,100.5735,100.6659,100.47,100.5291,2264
2020-01-04 18:51:00,100.5291,100.5614,100.4848,100.5402,8438
2020-01-04 18:52:00,100.5402,100.7241,100.4607,100.7116,6902
2020-01-04 18:53:00,100.7116,100.7536,100.5329,100.6,5240
2020-01-04 18:54:00,100.6,100.741,100.5681,100.6982,4731
2020-01-04 18:55:00,100.6982,100.9217,100.6848,100.8391,3329
2020-01-04 18:56:00,100.8391,100.8414,100.7457,100.7757,5267
2020-01-04 18:57:00,100.7757,100.7841,100.7183,100.7478,4614
2020-01-04 18:58:00,100.7478,100.7838,100.6342,100.6433,5329
2020-01-04 18:59:00,100.6433,100.6704,100.6107,100.6229,3700
2020-01-04 19:00:00,100.6229,100.7008,100.5444,100.6192,6725
2020-01-04 19:01:00,100.6192,100.7246,100.5847,100.6856,5296
2020-01-04 19:02:00,100.6856,100.825,100.6692,100.7953,2417
2020-01-04 19:03:00,100.7953,100.8248,100.6143,100.7199,1021
2020-01-04 19:04:00,100.7199,100.7269,100.4971,100.5218,4887
2020-01-04 19:05:00,100.5218,100.5988,100.4709,100.5196,5870
2020-01-04 19:06:00,100.5196,100.593,100.5067,100.5491,3990
2020-01-04 19:07:00,100.5491,100.6048,100.5222,100.5742,7949
2020-01-04 19:08:00,100.5742,100.6039,100.5068,100.5414,4437
2020-01-04 19:09:00,100.5414,100.5981,100.4885,100.5539,4129
2020-01-04 19:10:00,100.5539,100.7341,100.5496,100.7063,3078
2020-01-04 19:11:00,100.7063,100.7951,100.6882,100.7447,9379
2020-01-04 19:12:00,100.7447,100.7993,100.6326,100.7071,5877
2020-01-04 19:13:00,100.7071,100.7737,100.6194,100.6568,6641
2020-01-04 19:14:00,100.6568,100.701,100.6074,100.6397,7131
2020-01-04 19:15:00,100.6397,100.8137,100.6182,100.8044,2196
2020-01-04 19:16:00,100.8044,100.8052,100.722,100.7859,5672
2020-01-04 19:17:00,100.7859,100.8304,100.7137,100.7839,2292
2020-01-04 19:18:00,100.7839,100.865,100.6838,100.7353,1016
2020-01-04 19:19:00,100.7353,100.931,100.7347,100.846,4866
2020-01-04 19:20:00,100.846,101.0597,100.8442,101.0436,5522
2020-01-04 19:21:00,101.0436,101.1026,101.041,101.0892,8719
2020-01-04 19:22:00,101.0892,101.1683,101.0735,101.0975,3188
2020-01-04 19:23:00,101.0975,101.1258,101.0811,101.1013,4276
2020-01-04 19:24:00,101.1013,101.1229,100.8408,100.8602,6710
2020-01-04 19:25:00,100.8602,100.9494,100.803,100.9354,7338
2020-01-04 19:26:00,100.9354,101.0269,100.9111,100.9489,6333
2020-01-04 19:27:00,100.9489,101.1373,100.8258,100.9921,9000
2020-01-04 19:28:00,100.9921,101.0056,100.8214,100.9203,3763
2020-01-04 19:29:00,100.9203,100.9259,100.8144,100.8815,2081
2020-01-04 19:30:00,100.8815,100.9369,100.8086,100.84,1488
2020-01-04 19:31:00,100.84,100.9562,100.7388,100.943,8494
2020-01-04 19:32:00,100.943,100.9513,100.8902,100.9048,3402
2020-01-04 19:33:00,100.9048,101.2104,100.8628,101.115,4201
2020-01-04 19:34:00,101.115,101.2127,101.0884,101.1585,3317
2020-01-04 19:35:00,101.1585,101.1987,100.9788,101.0295,5916
2020-01-04 19:36:00,101.0295,101.1277,101.0103,101.0165,8438
2020-01-04 19:37:00,101.0165,101.035,100.9355,100.9507,4781
2020-01-04 19:38:00,100.9507,101.0063,100.719,100.7291,9271
2020-01-04 19:39:00,100.7291,100.8981,100.7285,100.8903,9027
2020-01-04 19:40:00,100.8903,100.9656,100.8835,100.9612,8986
2020-01-04 19:41:00,100.9612,101.0701,100.8735,101.015,7758
2020-01-04 19:42:00,101.015,101.1157,100.9837,101.0317,6152
2020-01-04 19:43:00,101.0317,101.0975,100.8456,100.8921,953
2020-01-04 19:44:00,100.8921,100.9459,100.8337,100.8433,347
2020-01-04 19:45:00,100.8433,100.9316,100.7619,100.9282,6592
2020-01-04 19:46:00,100.9282,100.9422,100.7307,100.8221,4637
2020-01-04 19:47:00,100.8221,100.8352,100.4621,100.5668,9701
2020-01-04 19:48:00,100.5668,100.5864,100.5173,100.544,2563
2020-01-04 19:49:00,100.544,100.5853,100.4988,100.5298,3837
2020-01-04 19:50:00,100.5298,100.5938,100.5174,100.5434,9277
2020-01-04 19:51:00,100.5434,100.7014,100.5157,100.6166,5881
2020-01-04 19:52:00,100.6166,100.6974,100.5826,100.6808,6573
2020-01-04 19:53:00,100.6808,100.7755,100.5915,100.7068,7411
2020-01-04 19:54:00,100.7068,100.8453,100.6313,100.8272,5466
2020-01-04 19:55:00,100.8272,100.9222,100.6333,100.6741,3234
2020-01-04 19:56:00,100.6741,100.7489,100.6253,100.7249,4100
2020-01-04 19:57:00,100.7249,100.8226,100.7055,100.788,7770
2020-01-04 19:58:00,100.788,100.8231,100.6561,100.6631,7503
2020-01-04 19:59:00,100.6631,100.6727,100.4568,100.5118,9712
2020-01-04 20:00:00,100.5118,100.5121,100.3518,100.4368,4996
2020-01-04 20:01:00,100.4368,100.4832,100.3688,100.3704,222
2020-01-04 20:02:00,100.3704,100.5606,100.3224,100.446,2417
2020-01-04 20:03:00,100.446,100.5018,100.3377,100.3842,6251
2020-01-04 20:04:00,100.3842,100.4038,100.2842,100.2983,6973
2020-01-04 20:05:00,100.2983,100.3533,100.2215,100.2369,6585
2020-01-04 20:06:00,100.2369,100.3542,100.1684,100.3491,8977
2020-01-04 20:07:00,100.3491,100.3764,100.2745,100.3504,1761
2020-01-04 20:08:00,100.3504,100.3951,100.296,100.3324,7582
2020-01-04 20:09:00,100.3324,100.3653,100.3123,100.3213,2975
2020-01-04 20:10:00,100.3213,100.5192,100.3057,100.451,6991
2020-01-04 20:11:00,100.451,100.5044,100.3203,100.3757,2263
2020-01-04 20:12:00,100.3757,100.5382,100.3322,100.5078,2938
2020-01-04 20:13:00,100.5078,100.6031,100.5029,100.5289,3560
2020-01-04 20:14:00,100.5289,100.5466,100.4975,100.5128,7352
2020-01-04 20:15:00,100.5128,100.8623,100.4962,100.7642,7899
2020-01-04 20:16:00,100.7642,100.8207,100.5838,100.6578,9463
2020-01-04 20:17:00,100.6578,100.7352,100.6143,100.6222,654
2020-01-04 20:18:00,100.6222,100.625,100.4857,100.4982,8025
2020-01-04 20:19:00,100.4982,100.6122,100.4751,100.5939,4108
2020-01-04 20:20:00,100.5939,100.8022,100.5474,100.7638,4701
2020-01-04 20:21:00,100.7638,101.0486,100.6999,100.9321,1916
2020-01-04 20:22:00,100.9321,101.0606,100.9203,101.0556,7639
2020-01-04 20:23:00,101.0556,101.0954,100.9363,101.0357,288
2020-01-04 20:24:00,101.0357,101.0753,100.9574,100.9988,1540
2020-01-04 20:25:00,100.9988,101.0167,100.7708,100.83,1320
2020-01-04 20:26:00,100.83,101.042,100.7501,101.0352,2697
2020-01-04 20:27:00,101.0352,101.0831,101.0329,101.0826,6767
2020-01-04 20:28:00,101.0826,101.1273,100.9986,101.0329,3007
2020-01-04 20:29:00,101.0329,101.1782,101.007,101.1671,5783
2020-01-04 20:30:00,101.1671,101.256,101.0588,101.0687,1815
2020-01-04 20:31:00,101.0687,101.1255,101.0253,101.1098,7909
2020-01-04 20:32:00,101.1098,101.2542,101.059,101.0923,6210
2020-01-04 20:33:00,101.0923,101.1715,101.0694,101.1569,711
2020-01-04 20:34:00,101.1569,101.2034,101.1032,101.1504,383
2020-01-04 20:35:00,101.1504,101.204,100.9874,101.0037,2770
2020-01-04 20:36:00,101.0037,101.0475,101.0002,101.0113,9919
2020-01-04 20:37:00,101.0113,101.1757,100.9775,101.1173,1711
2020-01-04 20:38:00,101.1173,101.2845,101.1056,101.1143,9008
2020-01-04 20:39:00,101.1143,101.2003,101.0992,101.1927,8973
2020-01-04 20:40:00,101.1927,101.3382,101.0487,101.0869,7264
2020-01-04 20:41:00,101.0869,101.0929,101.0452,101.0842,7730
2020-01-04 20:42:00,101.0842,101.0846,100.8863,101.0211,4356
2020-01-04 20:43:00,101.0211,101.222,101.0112,101.0966,4369
2020-01-04 20:44:00,101.0966,101.197,101.0276,101.0997,1622
2020-01-04 20:45:00,101.0997,101.184,101.0146,101.1695,9651
2020-01-04 20:46:00,101.1695,101.3225,101.1602,101.2796,2173
2020-01-04 20:47:00,101.2796,101.4239,101.2609,101.3496,1889
2020-01-04 20:48:00,101.3496,101.4683,101.3444,101.3773,3470
2020-01-04 20:49:00,101.3773,101.4396,101.1944,101.2761,2584
2020-01-04 20:50:00,101.2761,101.3925,101.1972,101.2758,7002
2020-01-04 20:51:00,101.2758,101.367,101.2193,101.2218,2158
2020-01-04 20:52:00,101.2218,101.2386,101.1655,101.187,7505
2020-01-04 20:53:00,101.187,101.2203,101.0534,101.1491,2766
2020-01-04 20:54:00,101.1491,101.1643,101.038,101.05,1533
2020-01-04 20:55:00,101.05,101.079,100.7538,100.8522,3484
2020-01-04 20:56:00,100.8522,100.8561,100.7608,100.7848,622
2020-01-04 20:57:00,100.7848,100.8179,100.6884,100.8043,1793
2020-01-04 20:58:00,100.8043,100.8097,100.6429,100.6684,4283
2020-01-04 20:59:00,100.6684,100.7006,100.64,100.67,9447
2020-01-04 21:00:00,100.67,100.8636,100.6442,100.8613,697
2020-01-04 21:01:00,100.8613,100.9783,100.8322,100.9645,9937
2020-01-04 21:02:00,100.9645,101.136,100.879,101.1304,7595
2020-01-04 21:03:00,101.1304,101.2447,101.1231,101.1699,2436
2020-01-04 21:04:00,101.1699,101.3562,101.1528,101.2881,6317
2020-01-04 21:05:00,101.2881,101.3429,101.2022,101.2147,7783
2020-01-04 21:06:00,101.2147,101.2303,101.0676,101.1495,1814
2020-01-04 21:07:00,101.1495,101.1791,100.8293,100.8725,3276
2020-01-04 21:08:00,100.8725,101.0473,100.7994,100.9921,8494
2020-01-04 21:09:00,100.9921,101.2222,100.9763,101.1477,2998
2020-01-04 21:10:00,101.1477,101.1903,101.0897,101.0917,1364
2020-01-04 21:11:00,101.0917,101.103,101.0446,101.066,7043
2020-01-04 21:12:00,101.066,101.0996,100.9358,100.9898,6950
2020-01-04 21:13:00,100.9898,101.0939,100.9774,101.0285,9529
2020-01-04 21:14:00,101.0285,101.1512,100.9594,101.1421,1654
2020-01-04 21:15:00,101.1421,101.2356,100.9474,100.9659,7479
2020-01-04 21:16:00,100.9659,101.0276,100.8444,101.0072,8344
2020-01-04 21:17:00,101.0072,101.1291,100.9347,100.9793,771
2020-01-04 21:18:00,100.9793,101.044,100.915,100.9907,8982
2020-01-04 21:19:00,100.9907,101.1133,100.9473,101.0371,8374
2020-01-04 21:20:00,101.0371,101.0487,100.9725,101.0181,3668
2020-01-04 21:21:00,101.0181,101.0572,100.9909,101.0076,1551
2020-01-04 21:22:00,101.0076,101.1158,100.9585,100.986,5413
2020-01-04 21:23:00,100.986,101.1567,100.9305,101.084,5337
2020-01-04 21:24:00,101.084,101.1638,101.0589,101.1263,7078
2020-01-04 21:25:00,101.1263,101.1551,101.0862,101.1486,7138
2020-01-04 21:26:00,101.1486,101.161,100.9613,101.0201,6143
2020-01-04 21:27:00,101.0201,101.0637,100.8929,100.9818,7238
2020-01-04 21:28:00,100.9818,101.074,100.926,101.0726,9467
2020-01-04 21:29:00,101.0726,101.1282,101.0519,101.0764,1179
2020-01-04 21:30:00,101.0764,101.1793,101.0278,101.143,8085
2020-01-04 21:31:00,101.143,101.3219,101.0923,101.3217,9574
2020-01-04 21:32:00,101.3217,101.4895,101.3035,101.4269,634
2020-01-04 21:33:00,101.4269,101.4581,101.423,101.4364,7861
2020-01-04 21:34:00,101.4364,101.4756,101.3265,101.3846,4766
2020-01-04 21:35:00,101.3846,101.4174,101.1082,101.1257,4773
2020-01-04 21:36:00,101.1257,101.1452,101.1019,101.1086,2262
2020-01-04 21:37:00,101.1086,101.1537,101.065,101.0757,4098
2020-01-04 21:38:00,101.0757,101.2429,101.0321,101.1151,6717
2020-01-04 21:39:00,101.1151,101.1333,101.063,101.0996,7601
2020-01-04 21:40:00,101.0996,101.1401,101.0108,101.0672,3792
2020-01-04 21:41:00,101.0672,101.1048,100.8597,100.8873,7576
2020-01-04 21:42:00,100.8873,100.893,100.7329,100.7925,4159
2020-01-04 21:43:00,100.7925,100.842,100.7619,100.8406,8622
2020-01-04 21:44:00,100.8406,101.0234,100.7625,101.0136,5763
2020-01-04 21:45:00,101.0136,101.138,100.977,101.0037,1627
2020-01-04 21:46:00,101.0037,101.0523,100.9773,101.0368,7151
2020-01-04 21:47:00,101.0368,101.1628,101.0155,101.1331,673
2020-01-04 21:48:00,101.1331,101.2307,101.0439,101.0511,6246
2020-01-04 21:49:00,101.0511,101.11,101.0036,101.0881,7650
2020-01-04 21:50:00,101.0881,101.1459,100.9453,101.0133,3795
2020-01-04 21:51:00,101.0133,101.1273,101.0082,101.1006,623
2020-01-04 21:52:00,101.1006,101.2429,101.056,101.116,9463
2020-01-04 21:53:00,101.116,101.1481,101.0928,101.1461,9713
2020-01-04 21:54:00,101.1461,101.147,101.0294,101.067,2316
2020-01-04 21:55:00,101.067,101.175,101.019,101.1384,6436
2020-01-04 21:56:00,101.1384,101.4512,101.1194,101.3493,9143
2020-01-04 21:57:00,101.3493,101.3685,101.2134,101.2471,5579
2020-01-04 21:58:00,101.2471,101.2905,101.1666,101.2127,7810
2020-01-04 21:59:00,101.2127,101.2952,101.1719,101.2362,9471
2020-01-04 22:00:00,101.2362,101.3258,101.2304,101.3158,3695
2020-01-04 22:01:00,101.3158,101.3401,101.1957,101.2591,4467
2020-01-04 22:02:00,101.2591,101.2867,100.9291,100.9722,5956
2020-01-04 22:03:00,100.9722,101.1488,100.885,101.1095,5101
2020-01-04 22:04:00,101.1095,101.2099,101.1019,101.1864,837
2020-01-04 22:05:00,101.1864,101.1885,100.9163,101.01,2918
2020-01-04 22:06:00,101.01,101.0556,100.9218,100.9486,5442
2020-01-04 22:07:00,100.9486,101.1313,100.7863,101.1069,2263
2020-01-04 22:08:00,101.1069,101.3763,101.0901,101.2533,3176
2020-01-04 22:09:00,101.2533,101.3603,101.2414,101.3483,7016
2020-01-04 22:10:00,101.3483,101.3497,101.2213,101.3305,8818
2020-01-04 22:11:00,101.3305,101.3485,101.3088,101.3389,548
2020-01-04 22:12:00,101.3389,101.3645,101.3171,101.3256,7534
2020-01-04 22:13:00,101.3256,101.4595,101.305,101.44,6973
2020-01-04 22:14:00,101.44,101.4456,101.3442,101.3511,6797
2020-01-04 22:15:00,101.3511,101.3536,101.266,101.2694,4261
2020-01-04 22:16:00,101.2694,101.4429,101.2603,101.3718,8096
2020-01-04 22:17:00,101.3718,101.4013,101.2613,101.3673,8177
2020-01-04 22:18:00,101.3673,101.5096,101.3485,101.507,219
2020-01-04 22:19:00,101.507,101.5443,101.4302,101.4388,4584
2020-01-04 22:20:00,101.4388,101.4825,101.4128,101.4333,2947
2020-01-04 22:21:00,101.4333,101.4667,101.3,101.3397,1890
2020-01-04 22:22:00,101.3397,101.3514,101.3307,101.3405,3117
2020-01-04 22:23:00,101.3405,101.3464,101.1765,101.1906,450
2020-01-04 22:24:00,101.1906,101.2284,101.0439,101.1413,5557
2020-01-04 22:25:00,101.1413,101.1868,100.9837,100.996,9844
2020-01-04 22:26:00,100.996,101.1012,100.9804,101.0661,2350
2020-01-04 22:27:00,101.0661,101.245,101.063,101.1385,5160
2020-01-04 22:28:00,101.1385,101.1989,100.9038,100.9635,6683
2020-01-04 22:29:00,100.9635,101.1754,100.8912,101.0982,3337
2020-01-04 22:30:00,101.0982,101.3751,101.0549,101.3507,6622
2020-01-04 22:31:00,101.3507,101.3673,101.2782,101.3553,8339
2020-01-04 22:32:00,101.3553,101.4005,101.2323,101.2904,5947
2020-01-04 22:33:00,101.2904,101.6754,101.2604,101.5764,5494
2020-01-04 22:34:00,101.5764,101.614,101.3845,101.4425,1992
2020-01-04 22:35:00,101.4425,101.4719,101.349,101.4445,997
2020-01-04 22:36:00,101.4445,101.4807,101.3974,101.4627,1838
2020-01-04 22:37:00,101.4627,101.6479,101.4491,101.5992,9260
2020-01-04 22:38:00,101.5992,101.673,101.5633,101.6358,4206
2020-01-04 22:39:00,101.6358,101.6363,101.5466,101.5851,2603
2020-01-04 22:40:00,101.5851,101.6242,101.4594,101.4884,6160
2020-01-04 22:41:00,101.4884,101.516,101.4335,101.4538,5250
2020-01-04 22:42:00,101.4538,101.4883,101.3208,101.3516,6846
2020-01-04 22:43:00,101.3516,101.4771,101.2232,101.3564,9762
2020-01-04 22:44:00,101.3564,101.4135,101.2973,101.2993,3599
2020-01-04 22:45:00,101.2993,101.3116,101.1397,101.1479,2661
2020-01-04 22:46:00,101.1479,101.3063,101.1118,101.2749,4594
2020-01-04 22:47:00,101.2749,101.2897,101.2121,101.2245,3703
2020-01-04 22:48:00,101.2245,101.241,101.0861,101.0961,486
2020-01-04 22:49:00,101.0961,101.1221,101.0783,101.0791,6861
2020-01-04 22:50:00,101.0791,101.1256,101.0598,101.086,8074
2020-01-04 22:51:00,101.086,101.1567,100.8205,100.9095,5549
2020-01-04 22:52:00,100.9095,100.9553,100.8794,100.9429,8429
2020-01-04 22:53:00,100.9429,100.971,100.8351,100.8372,3851
2020-01-04 22:54:00,100.8372,101.0243,100.8046,101.0098,2800
2020-01-04 22:55:00,101.0098,101.0731,100.9949,101.0627,5944
2020-01-04 22:56:00,101.0627,101.0696,100.9936,101.0223,8591
2020-01-04 22:57:00,101.0223,101.0645,100.9205,100.947,131
2020-01-04 22:58:00,100.947,101.0062,100.8627,100.9364,2604
2020-01-04 22:59:00,100.9364,101.0497,100.9315,100.9982,8833
2020-01-04 23:00:00,100.9982,101.0143,100.974,100.9957,3556
2020-01-04 23:01:00,100.9957,101.0166,100.8798,100.9737,646
2020-01-04 23:02:00,100.9737,101.0275,100.95,100.9796,1083
2020-01-04 23:03:00,100.9796,100.9833,100.896,100.9187,4240
2020-01-04 23:04:00,100.9187,100.9646,100.8154,100.884,8671
2020-01-04 23:05:00,100.884,100.9542,100.6121,100.6736,596
2020-01-04 23:06:00,100.6736,100.829,100.6084,100.7716,2015
2020-01-04 23:07:00,100.7716,100.8347,100.677,100.8017,5154
2020-01-04 23:08:00,100.8017,100.8634,100.7093,100.7238,7826
2020-01-04 23:09:00,100.7238,100.9835,100.6944,100.915,8476
2020-01-04 23:10:00,100.915,101.0041,100.8666,100.9238,588
2020-01-04 23:11:00,100.9238,100.9512,100.7761,100.8192,1820
2020-01-04 23:12:00,100.8192,100.9127,100.7885,100.9056,6878
2020-01-04 23:13:00,100.9056,100.9789,100.8392,100.9458,270
2020-01-04 23:14:00,100.9458,101.0314,100.9443,100.9856,8691
2020-01-04 23:15:00,100.9856,101.0272,100.8696,100.9426,8530
2020-01-04 23:16:00,100.9426,101.0282,100.826,100.9881,1440
2020-01-04 23:17:00,100.9881,101.0321,100.9041,100.9616,8182
2020-01-04 23:18:00,100.9616,101.0503,100.9318,101.0178,4515
2020-01-04 23:19:00,101.0178,101.0561,100.7593,100.8253,6720
2020-01-04 23:20:00,100.8253,100.8689,100.7607,100.7816,9640
2020-01-04 23:21:00,100.7816,100.9853,100.7579,100.9552,8022
2020-01-04 23:22:00,100.9552,101.0081,100.8156,100.8777,4954
2020-01-04 23:23:00,100.8777,100.9003,100.7681,100.8168,2189
2020-01-04 23:24:00,100.8168,100.8247,100.726,100.7716,333
2020-01-04 23:25:00,100.7716,100.8144,100.6489,100.6492,655
2020-01-04 23:26:00,100.6492,100.7182,100.4174,100.427,4871
2020-01-04 23:27:00,100.427,100.5476,100.3963,100.4038,3833
2020-01-04 23:28:00,100.4038,100.4565,100.4018,100.4174,3375
2020-01-04 23:29:00,100.4174,100.443,100.3594,100.4122,5103
2020-01-04 23:30:00,100.4122,100.555,100.3829,100.3976,9094
2020-01-04 23:31:00,100.3976,100.472,100.3333,100.4019,7573
2020-01-04 23:32:00,100.4019,100.5361,100.3938,100.5046,5046
2020-01-04 23:33:00,100.5046,100.5062,100.4763,100.4855,1096
2020-01-04 23:34:00,100.4855,100.5645,100.4236,100.4278,945
2020-01-04 23:35:00,100.4278,100.5054,100.3434,100.3996,6753
2020-01-04 23:36:00,100.3996,100.4795,100.3547,100.4577,1419
2020-01-04 23:37:00,100.4577,100.6154,100.3849,100.5996,4217
2020-01-04 23:38:00,100.5996,100.6029,100.5152,100.5364,5203
2020-01-04 23:39:00,100.5364,100.6798,100.535,100.5464,8533
2020-01-04 23:40:00,100.5464,100.6505,100.4854,100.5804,2990
2020-01-04 23:41:00,100.5804,100.5854,100.4212,100.4805,2725
2020-01-04 23:42:00,100.4805,100.5135,100.4543,100.4826,5613
2020-01-04 23:43:00,100.4826,100.4971,100.3137,100.3353,8744
2020-01-04 23:44:00,100.3353,100.3801,100.111,100.1578,1729
2020-01-04 23:45:00,100.1578,100.2415,100.1348,100.1946,3412
2020-01-04 23:46:00,100.1946,100.2688,100.1419,100.1561,7236
2020-01-04 23:47:00,100.1561,100.2233,100.1471,100.1763,4817
2020-01-04 23:48:00,100.1763,100.2259,100.1313,100.1746,658
2020-01-04 23:49:00,100.1746,100.2026,100.0481,100.0767,8170
2020-01-04 23:50:00,100.0767,100.1306,100.0587,100.0722,1168
2020-01-04 23:51:00,100.0722,100.0795,99.9422,99.9488,8136
2020-01-04 23:52:00,99.9488,100.1134,99.9181,100.0878,9552
2020-01-04 23:53:00,100.0878,100.1061,99.927,99.9521,5998
2020-01-04 23:54:00,99.9521,99.9582,99.9222,99.9326,4702
2020-01-04 23:55:00,99.9326,99.9755,99.7549,99.8284,7910
2020-01-04 23:56:00,99.8284,99.8894,99.7385,99.8853,8096
2020-01-04 23:57:00,99.8853,99.9346,99.8128,99.8522,549
2020-01-04 23:58:00,99.8522,99.8743,99.7395,99.8005,3739
2020-01-04 23:59:00,99.8005,99.9302,99.7865,99.8856,2013
2020-01-05 00:00:00,99.8856,99.9254,99.8829,99.8885,4733
2020-01-05 00:01:00,99.8885,99.9551,99.8701,99.9401,6073
2020-01-05 00:02:00,99.9401,100.0095,99.7444,99.8421,8024
2020-01-05 00:03:00,99.8421,99.8598,99.6929,99.7018,5428
2020-01-05 00:04:00,99.7018,99.7878,99.6641,99.7125,5509
2020-01-05 00:05:00,99.7125,99.7341,99.6665,99.6807,2645
2020-01-05 00:06:00,99.6807,99.7439,99.6692,99.7432,7986
2020-01-05 00:07:00,99.7432,99.7874,99.7342,99.7352,4911
2020-01-05 00:08:00,99.7352,99.76,99.6624,99.7556,5427
2020-01-05 00:09:00,99.7556,99.7658,99.5395,99.5937,3561
2020-01-05 00:10:00,99.5937,99.8445,99.4965,99.7818,7633
2020-01-05 00:11:00,99.7818,99.7926,99.7543,99.7654,1559
2020-01-05 00:12:00,99.7654,99.8751,99.7216,99.835,9212
2020-01-05 00:13:00,99.835,99.8642,99.7295,99.7515,6582
2020-01-05 00:14:00,99.7515,99.8474,99.6923,99.7822,556
2020-01-05 00:15:00,99.7822,99.8434,99.614,99.6522,8268
2020-01-05 00:16:00,99.6522,99.7826,99.623,99.6973,5630
2020-01-05 00:17:00,99.6973,99.7037,99.5095,99.6618,744
2020-01-05 00:18:00,99.6618,99.7133,99.539,99.6647,5809
2020-01-05 00:19:00,99.6647,99.772,99.6363,99.7343,7364
2020-01-05 00:20:00,99.7343,99.7565,99.5826,99.6113,5038
2020-01-05 00:21:00,99.6113,99.6154,99.46,99.5432,7463
2020-01-05 00:22:00,99.5432,99.6088,99.483,99.5887,5847
2020-01-05 00:23:00,99.5887,99.8384,99.5321,99.7976,4356
2020-01-05 00:24:00,99.7976,99.8338,99.7545,99.7839,4450
2020-01-05 00:25:00,99.7839,99.8571,99.7178,99.8428,9385
2020-01-05 00:26:00,99.8428,99.9146,99.747,99.8322,2861
2020-01-05 00:27:00,99.8322,100.0536,99.7861,100.0261,8327
2020-01-05 00:28:00,100.0261,100.0864,99.8054,99.8513,6973
2020-01-05 00:29:00,99.8513,99.9183,99.8329,99.8607,569
2020-01-05 00:30:00,99.8607,99.9203,99.6685,99.6984,8600
2020-01-05 00:31:00,99.6984,99.758,99.3872,99.4485,6117
2020-01-05 00:32:00,99.4485,99.5933,99.443,99.4781,8772
2020-01-05 00:33:00,99.4781,99.523,99.4319,99.492,6058
2020-01-05 00:34:00,99.492,99.5071,99.3946,99.4636,6947
2020-01-05 00:35:00,99.4636,99.4745,99.4326,99.4531,9080
2020-01-05 00:36:00,99.4531,99.7769,99.3955,99.7612,390
2020-01-05 00:37:00,99.7612,99.7728,99.7163,99.7354,529
2020-01-05 00:38:00,99.7354,99.8239,99.7249,99.7863,697
2020-01-05 00:39:00,99.7863,99.86,99.6648,99.7215,8150
2020-01-05 00:40:00,99.7215,99.8246,99.7212,99.751,4627
2020-01-05 00:41:00,99.751,99.7732,99.6893,99.7272,1657
2020-01-05 00:42:00,99.7272,99.7592,99.6468,99.6863,6889
2020-01-05 00:43:00,99.6863,99.9055,99.6591,99.8676,4700
2020-01-05 00:44:00,99.8676,100.0363,99.8367,99.9851,8155
2020-01-05 00:45:00,99.9851,100.0497,99.9526,99.9988,772
2020-01-05 00:46:00,99.9988,100.0484,99.7287,99.7684,2954
2020-01-05 00:47:00,99.7684,99.7987,99.6919,99.7324,1678
2020-01-05 00:48:00,99.7324,100.0463,99.7238,100.002,1532
2020-01-05 00:49:00,100.002,100.0037,99.9576,99.9789,5621
2020-01-05 00:50:00,99.9789,100.1791,99.9205,100.0892,8332
2020-01-05 00:51:00,100.0892,100.3211,100.0712,100.2335,4579
2020-01-05 00:52:00,100.2335,100.282,100.1961,100.2555,3033
2020-01-05 00:53:00,100.2555,100.2757,100.1642,100.1711,1414
2020-01-05 00:54:00,100.1711,100.1839,99.8748,99.9271,1915
2020-01-05 00:55:00,99.9271,100.0267,99.8466,99.9955,4378
2020-01-05 00:56:00,99.9955,100.0935,99.908,99.914,7007
2020-01-05 00:57:00,99.914,100.0146,99.8785,99.9316,1995
2020-01-05 00:58:00,99.9316,99.9729,99.7373,99.8067,1163
2020-01-05 00:59:00,99.8067,99.8438,99.7159,99.7802,5504
2020-01-05 01:00:00,99.7802,99.7905,99.7616,99.7836,8429
2020-01-05 01:01:00,99.7836,99.8497,99.6876,99.8104,8626
2020-01-05 01:02:00,99.8104,99.857,99.67,99.6991,5693
2020-01-05 01:03:00,99.6991,99.8874,99.627,99.8185,2776
2020-01-05 01:04:00,99.8185,99.9058,99.7524,99.7589,8192
2020-01-05 01:05:00,99.7589,99.8366,99.533,99.5918,9925
2020-01-05 01:06:00,99.5918,99.6484,99.5574,99.581,5365
2020-01-05 01:07:00,99.581,99.5974,99.5172,99.5844,9825
2020-01-05 01:08:00,99.5844,99.6963,99.5418,99.6004,1208
2020-01-05 01:09:00,99.6004,99.7514,99.5563,99.7361,1686
2020-01-05 01:10:00,99.7361,99.7377,99.6176,99.7125,7874
2020-01-05 01:11:00,99.7125,99.7839,99.6251,99.7006,3961
2020-01-05 01:12:00,99.7006,99.7155,99.5801,99.5906,5228
2020-01-05 01:13:00,99.5906,99.731,99.5564,99.6723,5054
2020-01-05 01:14:00,99.6723,99.7115,99.6612,99.6907,1212
2020-01-05 01:15:00,99.6907,99.759,99.6072,99.6488,1212
2020-01-05 01:16:00,99.6488,99.6523,99.3262,99.459,2989
2020-01-05 01:17:00,99.459,99.6988,99.312,99.6027,449
2020-01-05 01:18:00,99.6027,99.6394,99.4709,99.4804,4062
2020-01-05 01:19:00,99.4804,99.5124,99.3923,99.4216,2023
2020-01-05 01:20:00,99.4216,99.4597,99.3254,99.4572,8159
2020-01-05 01:21:00,99.4572,99.4996,99.264,99.3382,8065
2020-01-05 01:22:00,99.3382,99.3714,99.1078,99.1898,7428
2020-01-05 01:23:00,99.1898,99.4119,98.9048,98.9791,142
2020-01-05 01:24:00,98.9791,99.1009,98.9419,99.0505,5977
2020-01-05 01:25:00,99.0505,99.0931,98.9413,98.9965,6074
2020-01-05 01:26:00,98.9965,99.3172,98.9218,99.2863,951
2020-01-05 01:27:00,99.2863,99.3642,99.1653,99.1876,1386
2020-01-05 01:28:00,99.1876,99.2421,99.0637,99.0962,3879
2020-01-05 01:29:00,99.0962,99.1894,99.018,99.0401,6106
2020-01-05 01:30:00,99.0401,99.155,98.9655,99.0642,3790
2020-01-05 01:31:00,99.0642,99.1375,98.9583,99.0176,1148
2020-01-05 01:32:00,99.0176,99.1332,98.9924,99.0783,2715
2020-01-05 01:33:00,99.0783,99.128,98.9495,98.9813,612
2020-01-05 01:34:00,98.9813,99.028,98.7763,98.8446,6213
2020-01-05 01:35:00,98.8446,98.8605,98.6582,98.6668,282
2020-01-05 01:36:00,98.6668,98.6948,98.4387,98.4474,2201
2020-01-05 01:37:00,98.4474,98.5494,98.3574,98.3964,9396
2020-01-05 01:38:00,98.3964,98.4901,98.3336,98.3668,259
2020-01-05 01:39:00,98.3668,98.3671,98.255,98.3047,5668
2020-01-05 01:40:00,98.3047,98.5232,98.2336,98.4269,9029
2020-01-05 01:41:00,98.4269,98.6211,98.3697,98.5478,2768
2020-01-05 01:42:00,98.5478,98.57,98.461,98.5148,3480
2020-01-05 01:43:00,98.5148,98.6138,98.311,98.3381,3215
2020-01-05 01:44:00,98.3381,98.3488,98.2743,98.2823,8492
2020-01-05 01:45:00,98.2823,98.314,98.2123,98.2234,1407
2020-01-05 01:46:00,98.2234,98.2335,98.1491,98.1588,5659
2020-01-05 01:47:00,98.1588,98.1632,98.0573,98.0904,4906
2020-01-05 01:48:00,98.0904,98.0935,98.0071,98.0263,3355
2020-01-05 01:49:00,98.0263,98.0519,97.95,97.9884,2694
2020-01-05 01:50:00,97.9884,98.0478,97.9033,97.9261,1332
2020-01-05 01:51:00,97.9261,97.9666,97.8642,97.9465,5067
2020-01-05 01:52:00,97.9465,98.0033,97.9333,97.9818,8866
2020-01-05 01:53:00,97.9818,97.9916,97.865,97.8926,181
2020-01-05 01:54:00,97.8926,98.0639,97.8383,98.017,8554
2020-01-05 01:55:00,98.017,98.077,97.9067,97.9209,8577
2020-01-05 01:56:00,97.9209,97.9347,97.7536,97.7625,8314
2020-01-05 01:57:00,97.7625,97.8055,97.7503,97.7997,3645
2020-01-05 01:58:00,97.7997,97.8249,97.6682,97.7198,6546
2020-01-05 01:59:00,97.7198,97.7952,97.6559,97.7512,4401
2020-01-05 02:00:00,97.7512,97.7864,97.4998,97.5162,1555
2020-01-05 02:01:00,97.5162,97.6791,97.491,97.652,194
2020-01-05 02:02:00,97.652,97.7524,97.6474,97.7177,2622
2020-01-05 02:03:00,97.7177,97.771,97.5336,97.571,236
2020-01-05 02:04:00,97.571,97.5951,97.403,97.4268,2137
2020-01-05 02:05:00,97.4268,97.6121,97.4241,97.5897,3770
2020-01-05 02:06:00,97.5897,97.6861,97.4128,97.5177,9637
2020-01-05 02:07:00,97.5177,97.5214,97.4098,97.4364,4744
2020-01-05 02:08:00,97.4364,97.4906,97.1449,97.2156,2784
2020-01-05 02:09:00,97.2156,97.2968,97.1157,97.1815,9291
2020-01-05 02:10:00,97.1815,97.2314,97.1198,97.1594,9316
2020-01-05 02:11:00,97.1594,97.2297,97.0896,97.2289,5557
2020-01-05 02:12:00,97.2289,97.2601,97.0002,97.0928,4266
2020-01-05 02:13:00,97.0928,97.1553,96.9385,96.9452,4303
2020-01-05 02:14:00,96.9452,97.0268,96.9105,96.9889,2745
2020-01-05 02:15:00,96.9889,97.1159,96.9767,97.0866,3196
2020-01-05 02:16:00,97.0866,97.1954,96.9157,96.9341,1933
2020-01-05 02:17:00,96.9341,97.0783,96.9274,97.0389,5484
2020-01-05 02:18:00,97.0389,97.0827,96.9858,97.0425,2350
2020-01-05 02:19:00,97.0425,97.1992,96.9276,97.1485,3734
2020-01-05 02:20:00,97.1485,97.1757,97.1172,97.1417,9790
2020-01-05 02:21:00,97.1417,97.1486,96.8756,96.8966,6219
2020-01-05 02:22:00,96.8966,96.9493,96.8506,96.8819,668
2020-01-05 02:23:00,96.8819,97.0172,96.7717,96.9846,5301
2020-01-05 02:24:00,96.9846,97.0516,96.8532,96.8979,5125
2020-01-05 02:25:00,96.8979,96.9371,96.7902,96.8604,1392
2020-01-05 02:26:00,96.8604,96.9265,96.7904,96.8433,4375
2020-01-05 02:27:00,96.8433,96.8531,96.5332,96.5625,8063
2020-01-05 02:28:00,96.5625,96.7813,96.5377,96.7239,2745
2020-01-05 02:29:00,96.7239,96.7311,96.5853,96.6367,8763
2020-01-05 02:30:00,96.6367,96.7323,96.6322,96.6856,7937
2020-01-05 02:31:00,96.6856,96.7002,96.6426,96.6772,8823
2020-01-05 02:32:00,96.6772,96.8456,96.6292,96.7988,708
2020-01-05 02:33:00,96.7988,96.8655,96.7842,96.8381,7625
2020-01-05 02:34:00,96.8381,96.8478,96.7876,96.8153,9374
2020-01-05 02:35:00,96.8153,96.8401,96.6877,96.7288,9266
2020-01-05 02:36:00,96.7288,96.883,96.7284,96.806,9266
2020-01-05 02:37:00,96.806,96.8068,96.6236,96.6246,4419
2020-01-05 02:38:00,96.6246,96.7154,96.554,96.687,7053
2020-01-05 02:39:00,96.687,96.7184,96.5773,96.5808,5227
2020-01-05 02:40:00,96.5808,96.7081,96.5653,96.7017,1607
2020-01-05 02:41:00,96.7017,96.7439,96.6372,96.7173,5020
2020-01-05 02:42:00,96.7173,96.8465,96.681,96.7796,713
2020-01-05 02:43:00,96.7796,96.8451,96.6694,96.7876,6071
2020-01-05 02:44:00,96.7876,96.8448,96.591,96.6179,8675
2020-01-05 02:45:00,96.6179,96.6419,96.4614,96.5348,8703
2020-01-05 02:46:00,96.5348,96.6462,96.494,96.5997,3476
2020-01-05 02:47:00,96.5997,96.6198,96.5311,96.6158,6138
2020-01-05 02:48:00,96.6158,96.7372,96.5557,96.7299,2875
2020-01-05 02:49:00,96.7299,96.7984,96.729,96.7689,7577
2020-01-05 02:50:00,96.7689,96.8258,96.6681,96.6754,6474
2020-01-05 02:51:00,96.6754,96.6774,96.5422,96.5984,2383
2020-01-05 02:52:00,96.5984,96.6279,96.5346,96.6083,762
2020-01-05 02:53:00,96.6083,96.6416,96.3372,96.3848,4241
2020-01-05 02:54:00,96.3848,96.5782,96.3441,96.5461,4135
2020-01-05 02:55:00,96.5461,96.6419,96.4808,96.5887,8513
2020-01-05 02:56:00,96.5887,96.7681,96.5864,96.7072,851
2020-01-05 02:57:00,96.7072,96.7266,96.5077,96.5544,3254
2020-01-05 02:58:00,96.5544,96.7097,96.4652,96.6746,1368
2020-01-05 02:59:00,96.6746,96.9494,96.6616,96.8903,6818
2020-01-05 03:00:00,96.8903,96.9111,96.7538,96.7623,4205
2020-01-05 03:01:00,96.7623,96.8887,96.7591,96.837,7944
2020-01-05 03:02:00,96.837,96.8551,96.801,96.8371,2473
2020-01-05 03:03:00,96.8371,96.9129,96.6505,96.6875,8506
2020-01-05 03:04:00,96.6875,96.7617,96.6661,96.7352,1095
2020-01-05 03:05:00,96.7352,96.8349,96.7272,96.8158,5427
2020-01-05 03:06:00,96.8158,96.8719,96.7417,96.7576,3310
2020-01-05 03:07:00,96.7576,96.892,96.6855,96.8704,1764
2020-01-05 03:08:00,96.8704,96.9156,96.7045,96.7089,9273
2020-01-05 03:09:00,96.7089,96.7988,96.5147,96.5644,501
2020-01-05 03:10:00,96.5644,96.5901,96.5104,96.5776,8903
2020-01-05 03:11:00,96.5776,96.5809,96.5768,96.58,6766
2020-01-05 03:12:00,96.58,96.6213,96.4213,96.5108,8173
2020-01-05 03:13:00,96.5108,96.6459,96.4478,96.589,9197
2020-01-05 03:14:00,96.589,96.6652,96.55,96.6402,7929
2020-01-05 03:15:00,96.6402,96.7536,96.6253,96.7232,7257
2020-01-05 03:16:00,96.7232,96.7477,96.6232,96.7113,5974
2020-01-05 03:17:00,96.7113,96.8099,96.6903,96.7695,1206
2020-01-05 03:18:00,96.7695,96.8137,96.7007,96.7264,8519
2020-01-05 03:19:00,96.7264,96.9575,96.6743,96.9251,2088
2020-01-05 03:20:00,96.9251,96.9937,96.8277,96.8463,2278
2020-01-05 03:21:00,96.8463,97.0784,96.8108,97.0502,7277
2020-01-05 03:22:00,97.0502,97.1299,96.9985,97.0536,8240
2020-01-05 03:23:00,97.0536,97.061,96.8879,96.9201,6119
2020-01-05 03:24:00,96.9201,97.0744,96.8782,97.0527,5787
2020-01-05 03:25:00,97.0527,97.124,97.0333,97.0649,4740
2020-01-05 03:26:00,97.0649,97.1666,97.0247,97.1475,8535
2020-01-05 03:27:00,97.1475,97.3203,97.1315,97.2664,9541
2020-01-05 03:28:00,97.2664,97.3243,97.1734,97.2993,6471
2020-01-05 03:29:00,97.2993,97.3479,97.1773,97.2417,6488
2020-01-05 03:30:00,97.2417,97.4368,97.1785,97.3365,543
2020-01-05 03:31:00,97.3365,97.3886,97.282,97.3366,8906
2020-01-05 03:32:00,97.3366,97.4176,97.331,97.4034,6032
2020-01-05 03:33:00,97.4034,97.5372,97.1837,97.1936,924
2020-01-05 03:34:00,97.1936,97.2403,97.1901,97.237,9227
2020-01-05 03:35:00,97.237,97.24,97.121,97.1749,8813
2020-01-05 03:36:00,97.1749,97.374,97.1199,97.3356,5037
2020-01-05 03:37:00,97.3356,97.3983,97.2536,97.3963,1976
2020-01-05 03:38:00,97.3963,97.5028,97.324,97.4196,4132
2020-01-05 03:39:00,97.4196,97.5222,97.4144,97.467,2305
2020-01-05 03:40:00,97.467,97.5646,97.3081,97.3697,8117
2020-01-05 03:41:00,97.3697,97.5481,97.3101,97.5277,646
2020-01-05 03:42:00,97.5277,97.7809,97.4703,97.7219,8458
2020-01-05 03:43:00,97.7219,97.7778,97.6459,97.7603,2169
2020-01-05 03:44:00,97.7603,97.9498,97.7097,97.9158,6310
2020-01-05 03:45:00,97.9158,97.9589,97.7997,97.8601,6953
2020-01-05 03:46:00,97.8601,97.9017,97.6898,97.7821,6830
2020-01-05 03:47:00,97.7821,97.8458,97.7781,97.7861,3035
2020-01-05 03:48:00,97.7861,97.842,97.7366,97.8286,116
2020-01-05 03:49:00,97.8286,97.8376,97.785,97.7901,2909
2020-01-05 03:50:00,97.7901,97.9035,97.7624,97.8427,8619
2020-01-05 03:51:00,97.8427,97.9038,97.808,97.8726,3551
2020-01-05 03:52:00,97.8726,97.8954,97.7676,97.7749,8637
2020-01-05 03:53:00,97.7749,97.8433,97.7597,97.8257,5692
2020-01-05 03:54:00,97.8257,97.9244,97.7889,97.9101,2454
2020-01-05 03:55:00,97.9101,97.95,97.8981,97.9269,8835
2020-01-05 03:56:00,97.9269,98.0981,97.9,98.0398,3550
2020-01-05 03:57:00,98.0398,98.0537,97.8736,97.9204,3805
2020-01-05 03:58:00,97.9204,97.9983,97.842,97.9663,7807
2020-01-05 03:59:00,97.9663,97.9939,97.8368,97.8516,7143
2020-01-05 04:00:00,97.8516,97.8946,97.7357,97.7426,2848
2020-01-05 04:01:00,97.7426,97.7445,97.6232,97.6809,9648
2020-01-05 04:02:00,97.6809,97.7255,97.5831,97.5889,5359
2020-01-05 04:03:00,97.5889,97.6115,97.5282,97.5354,1906
2020-01-05 04:04:00,97.5354,97.5522,97.4892,97.5145,9658
2020-01-05 04:05:00,97.5145,97.6849,97.5108,97.5962,6512
2020-01-05 04:06:00,97.5962,97.6198,97.5219,97.5648,8477
2020-01-05 04:07:00,97.5648,97.6041,97.3121,97.4101,4305
2020-01-05 04:08:00,97.4101,97.5372,97.3698,97.5212,9058
2020-01-05 04:09:00,97.5212,97.5266,97.4126,97.4396,8326
2020-01-05 04:10:00,97.4396,97.5134,97.3849,97.4338,8203
2020-01-05 04:11:00,97.4338,97.5146,97.4219,97.4773,4015
2020-01-05 04:12:00,97.4773,97.5573,97.4146,97.4968,5441
2020-01-05 04:13:00,97.4968,97.6314,97.494,97.6035,9937
2020-01-05 04:14:00,97.6035,97.7116,97.6034,97.6502,8040
2020-01-05 04:15:00,97.6502,97.6572,97.5351,97.5661,5965
2020-01-05 04:16:00,97.5661,97.8348,97.4892,97.7787,897
2020-01-05 04:17:00,97.7787,97.8377,97.7048,97.7977,7366
2020-01-05 04:18:00,97.7977,97.8321,97.7543,97.7833,6874
2020-01-05 04:19:00,97.7833,97.9262,97.758,97.8775,3756
2020-01-05 04:20:00,97.8775,97.9028,97.8435,97.9019,6452
2020-01-05 04:21:00,97.9019,98.0622,97.8537,97.941,9951
2020-01-05 04:22:00,97.941,98.2256,97.8774,98.1851,137
2020-01-05 04:23:00,98.1851,98.1971,98.1465,98.1581,2078
2020-01-05 04:24:00,98.1581,98.1981,98.0622,98.1269,9178
2020-01-05 04:25:00,98.1269,98.1862,98.1101,98.1383,6341
2020-01-05 04:26:00,98.1383,98.26,98.1064,98.2435,3554
2020-01-05 04:27:00,98.2435,98.2675,98.0277,98.0955,4774
2020-01-05 04:28:00,98.0955,98.1776,97.8661,97.9027,3460
2020-01-05 04:29:00,97.9027,97.9745,97.8004,97.8452,4336
2020-01-05 04:30:00,97.8452,97.8762,97.6663,97.6853,4398
2020-01-05 04:31:00,97.6853,97.7429,97.5707,97.6438,3575
2020-01-05 04:32:00,97.6438,97.7257,97.6099,97.6929,6660
2020-01-05 04:33:00,97.6929,97.7542,97.5997,97.6059,3477
2020-01-05 04:34:00,97.6059,97.6334,97.413,97.4666,5141
2020-01-05 04:35:00,97.4666,97.5281,97.3405,97.4734,2284
2020-01-05 04:36:00,97.4734,97.5806,97.4164,97.5574,5100
2020-01-05 04:37:00,97.5574,97.56,97.353,97.3921,7397
2020-01-05 04:38:00,97.3921,97.5062,97.2613,97.472,1239
2020-01-05 04:39:00,97.472,97.5562,97.4512,97.5516,4333
2020-01-05 04:40:00,97.5516,97.654,97.5423,97.6447,2562
2020-01-05 04:41:00,97.6447,97.8142,97.6391,97.7637,3332
2020-01-05 04:42:00,97.7637,98.0224,97.7046,97.979,8539
2020-01-05 04:43:00,97.979,97.9918,97.8162,97.9441,8146
2020-01-05 04:44:00,97.9441,97.957,97.9115,97.9548,625
2020-01-05 04:45:00,97.9548,97.9873,97.9093,97.914,4420
2020-01-05 04:46:00,97.914,97.9587,97.8968,97.9142,9436
2020-01-05 04:47:00,97.9142,98.1289,97.8783,98.0643,4930
2020-01-05 04:48:00,98.0643,98.0973,97.8725,97.9324,8206
2020-01-05 04:49:00,97.9324,98.0067,97.7688,97.8481,562
2020-01-05 04:50:00,97.8481,98.0458,97.8106,97.9828,3063
2020-01-05 04:51:00,97.9828,98.0904,97.8594,98.0828,6483
2020-01-05 04:52:00,98.0828,98.1587,98.019,98.0472,6016
2020-01-05 04:53:00,98.0472,98.1545,98.0062,98.1309,3500
2020-01-05 04:54:00,98.1309,98.183,98.0588,98.1644,9477
2020-01-05 04:55:00,98.1644,98.3379,98.1584,98.3117,402
2020-01-05 04:56:00,98.3117,98.32,98.2441,98.319,5983
2020-01-05 04:57:00,98.319,98.4563,98.3035,98.4199,876
2020-01-05 04:58:00,98.4199,98.6899,98.4073,98.6799,723
2020-01-05 04:59:00,98.6799,98.7852,98.648,98.7389,1559
2020-01-05 05:00:00,98.7389,98.7585,98.6888,98.7438,3486
2020-01-05 05:01:00,98.7438,98.885,98.7335,98.8151,7130
2020-01-05 05:02:00,98.8151,98.8984,98.7264,98.779,4875
2020-01-05 05:03:00,98.779,99.1149,98.7476,99.0149,8771
2020-01-05 05:04:00,99.0149,99.0867,98.9187,99.0327,1161
2020-01-05 05:05:00,99.0327,99.0451,99.0012,99.0057,387
2020-01-05 05:06:00,99.0057,99.0514,98.8973,98.923,7334
2020-01-05 05:07:00,98.923,99.0588,98.9185,99.0315,3739
2020-01-05 05:08:00,99.0315,99.205,98.9774,99.1174,8055
2020-01-05 05:09:00,99.1174,99.1463,99.0002,99.0681,6435
2020-01-05 05:10:00,99.0681,99.1718,99.0334,99.1252,1243
2020-01-05 05:11:00,99.1252,99.194,98.9593,98.9757,6644
2020-01-05 05:12:00,98.9757,99.0592,98.9404,98.994,9715
2020-01-05 05:13:00,98.994,99.0685,98.9831,99.0388,8949
2020-01-05 05:14:00,99.0388,99.2148,98.9326,99.2079,3185
2020-01-05 05:15:00,99.2079,99.2467,99.0915,99.1314,7813
2020-01-05 05:16:00,99.1314,99.1646,98.9356,99.0047,5088
2020-01-05 05:17:00,99.0047,99.0255,98.8275,98.916,2301
2020-01-05 05:18:00,98.916,98.9195,98.7131,98.7838,5389
2020-01-05 05:19:00,98.7838,98.9412,98.7501,98.9159,8970
2020-01-05 05:20:00,98.9159,99.0795,98.8675,99.069,3557
2020-01-05 05:21:00,99.069,99.1487,98.9665,99.1008,2844
2020-01-05 05:22:00,99.1008,99.2412,99.0822,99.2218,2453
2020-01-05 05:23:00,99.2218,99.2884,99.1772,99.2351,1748
2020-01-05 05:24:00,99.2351,99.2756,99.165,99.2256,1779
2020-01-05 05:25:00,99.2256,99.2892,99.164,99.1926,5102
2020-01-05 05:26:00,99.1926,99.1982,99.124,99.1618,5430
2020-01-05 05:27:00,99.1618,99.1738,98.9454,99.0083,4066
2020-01-05 05:28:00,99.0083,99.1186,98.9971,99.0345,2841
2020-01-05 05:29:00,99.0345,99.124,98.9524,99.0305,953
2020-01-05 05:30:00,99.0305,99.1115,98.9983,99.1043,6435
2020-01-05 05:31:00,99.1043,99.1527,99.0914,99.1136,8884
2020-01-05 05:32:00,99.1136,99.1469,99.0769,99.0975,3506
2020-01-05 05:33:00,99.0975,99.1802,98.9772,99.0111,3052
2020-01-05 05:34:00,99.0111,99.0547,98.956,99.0183,5163
2020-01-05 05:35:00,99.0183,99.1364,98.9632,99.0914,9311
2020-01-05 05:36:00,99.0914,99.0929,98.9721,98.9781,9876
2020-01-05 05:37:00,98.9781,99.1093,98.9667,98.9867,5011
2020-01-05 05:38:00,98.9867,99.0713,98.9373,99.0098,1971
2020-01-05 05:39:00,99.0098,99.036,98.8718,98.9387,9382
2020-01-05 05:40:00,98.9387,98.9547,98.8619,98.8805,726
2020-01-05 05:41:00,98.8805,98.9383,98.8762,98.9033,4307
2020-01-05 05:42:00,98.9033,98.966,98.7388,98.7912,4866
2020-01-05 05:43:00,98.7912,98.8449,98.7457,98.8258,8317
2020-01-05 05:44:00,98.8258,98.8811,98.7282,98.7373,3148
2020-01-05 05:45:00,98.7373,98.952,98.6786,98.8423,8913
2020-01-05 05:46:00,98.8423,99.0766,98.7956,99.0733,9008
2020-01-05 05:47:00,99.0733,99.1122,98.9347,98.9881,2760
2020-01-05 05:48:00,98.9881,99.0702,98.9489,99.041,7767
2020-01-05 05:49:00,99.041,99.0419,98.9076,98.969,1841
2020-01-05 05:50:00,98.969,99.0807,98.9683,99.072,3172
2020-01-05 05:51:00,99.072,99.1115,98.8478,98.9466,8003
2020-01-05 05:52:00,98.9466,99.0538,98.9105,98.9942,6825
2020-01-05 05:53:00,98.9942,98.9996,98.8677,98.9078,3833
2020-01-05 05:54:00,98.9078,98.9836,98.8647,98.8873,4564
2020-01-05 05:55:00,98.8873,98.963,98.767,98.7853,1945
2020-01-05 05:56:00,98.7853,98.9084,98.7775,98.8666,8305
2020-01-05 05:57:00,98.8666,98.8921,98.6887,98.7838,7735
2020-01-05 05:58:00,98.7838,98.8686,98.667,98.8384,2858
2020-01-05 05:59:00,98.8384,98.8785,98.74,98.8044,630
2020-01-05 06:00:00,98.8044,98.8512,98.7523,98.793,7677
2020-01-05 06:01:00,98.793,98.8675,98.7014,98.8076,7417
2020-01-05 06:02:00,98.8076,98.8411,98.6647,98.7324,8041
2020-01-05 06:03:00,98.7324,98.8065,98.655,98.7531,2978
2020-01-05 06:04:00,98.7531,98.945,98.721,98.9043,3504
2020-01-05 06:05:00,98.9043,98.9051,98.7478,98.8273,8729
2020-01-05 06:06:00,98.8273,99.0091,98.7736,98.9431,482
2020-01-05 06:07:00,98.9431,99.1479,98.921,99.0913,5110
2020-01-05 06:08:00,99.0913,99.1624,98.893,99.0105,9581
2020-01-05 06:09:00,99.0105,99.0828,98.8429,98.8664,5168
2020-01-05 06:10:00,98.8664,98.9034,98.8564,98.8962,7194
2020-01-05 06:11:00,98.8962,98.9535,98.7781,98.8421,7264
2020-01-05 06:12:00,98.8421,99.0789,98.7907,99.0268,9177
2020-01-05 06:13:00,99.0268,99.1336,99.0159,99.0303,3114
2020-01-05 06:14:00,99.0303,99.0839,98.9332,98.9508,4082
2020-01-05 06:15:00,98.9508,98.9542,98.7933,98.8373,4274
2020-01-05 06:16:00,98.8373,98.9727,98.8229,98.945,8600
2020-01-05 06:17:00,98.945,98.9539,98.8817,98.8885,9018
2020-01-05 06:18:00,98.8885,98.9172,98.8862,98.8928,3204
2020-01-05 06:19:00,98.8928,99.0024,98.8606,98.9874,3037
2020-01-05 06:20:00,98.9874,99.0429,98.8735,98.9394,812
2020-01-05 06:21:00,98.9394,98.9421,98.851,98.9349,1050
2020-01-05 06:22:00,98.9349,98.9793,98.9021,98.9332,1535
2020-01-05 06:23:00,98.9332,99.0143,98.8835,99.0009,4665
2020-01-05 06:24:00,99.0009,99.1258,98.9967,99.0593,1638
2020-01-05 06:25:00,99.0593,99.0727,99.0294,99.0375,8037
2020-01-05 06:26:00,99.0375,99.1315,99.0132,99.0438,2268
2020-01-05 06:27:00,99.0438,99.1147,98.9162,99.007,2300
2020-01-05 06:28:00,99.007,99.0357,98.8056,98.8607,1770
2020-01-05 06:29:00,98.8607,98.9411,98.8213,98.8862,3464
2020-01-05 06:30:00,98.8862,99.0759,98.8637,99.0733,2215
2020-01-05 06:31:00,99.0733,99.1304,98.9422,98.9857,8516
2020-01-05 06:32:00,98.9857,99.01,98.8928,98.9092,946
2020-01-05 06:33:00,98.9092,98.9541,98.8191,98.8231,6801
2020-01-05 06:34:00,98.8231,98.9545,98.7543,98.8947,5535
2020-01-05 06:35:00,98.8947,98.9774,98.7724,98.9391,4169
2020-01-05 06:36:00,98.9391,98.9725,98.8609,98.9234,3056
2020-01-05 06:37:00,98.9234,98.9586,98.8253,98.8326,4487
2020-01-05 06:38:00,98.8326,98.8492,98.8254,98.8417,7747
2020-01-05 06:39:00,98.8417,98.8756,98.6863,98.687,7011
2020-01-05 06:40:00,98.687,98.7186,98.6335,98.7012,9875
2020-01-05 06:41:00,98.7012,98.7907,98.6559,98.7872,6848
2020-01-05 06:42:00,98.7872,98.8645,98.6518,98.6636,1070
2020-01-05 06:43:00,98.6636,98.7014,98.4658,98.5124,7785
2020-01-05 06:44:00,98.5124,98.6916,98.5046,98.668,1316
2020-01-05 06:45:00,98.668,98.8053,98.5955,98.6076,5206
2020-01-05 06:46:00,98.6076,98.7208,98.6007,98.7197,9930
2020-01-05 06:47:00,98.7197,98.7563,98.6574,98.7045,5653
2020-01-05 06:48:00,98.7045,98.7878,98.6807,98.6885,7341
2020-01-05 06:49:00,98.6885,98.7606,98.645,98.7317,2811
2020-01-05 06:50:00,98.7317,98.7859,98.6365,98.6445,9578
2020-01-05 06:51:00,98.6445,98.6826,98.5784,98.6575,157
2020-01-05 06:52:00,98.6575,98.6901,98.607,98.6199,9976
2020-01-05 06:53:00,98.6199,98.6583,98.4738,98.4897,6969
2020-01-05 06:54:00,98.4897,98.548,98.4494,98.5229,1404
2020-01-05 06:55:00,98.5229,98.5742,98.4278,98.497,1730
2020-01-05 06:56:00,98.497,98.5687,98.3969,98.4815,4180
2020-01-05 06:57:00,98.4815,98.5665,98.3104,98.3623,4403
2020-01-05 06:58:00,98.3623,98.5474,98.3191,98.5188,6103
2020-01-05 06:59:00,98.5188,98.6182,98.4821,98.6052,9458
2020-01-05 07:00:00,98.6052,98.7005,98.5607,98.7003,512
2020-01-05 07:01:00,98.7003,98.7253,98.6204,98.6701,1718
2020-01-05 07:02:00,98.6701,98.7182,98.475,98.4995,5271
2020-01-05 07:03:00,98.4995,98.7292,98.4064,98.6919,5236
2020-01-05 07:04:00,98.6919,98.71,98.6763,98.6859,2877
2020-01-05 07:05:00,98.6859,98.7109,98.6066,98.612,839
2020-01-05 07:06:00,98.612,98.6624,98.5866,98.6531,4999
2020-01-05 07:07:00,98.6531,98.7761,98.5671,98.7682,1018
2020-01-05 07:08:00,98.7682,98.7685,98.7502,98.7659,7685
2020-01-05 07:09:00,98.7659,98.9286,98.7523,98.8922,5721
2020-01-05 07:10:00,98.8922,99.0234,98.8792,98.9993,7907
2020-01-05 07:11:00,98.9993,99.074,98.8224,98.8927,6432
2020-01-05 07:12:00,98.8927,98.9599,98.8143,98.8261,1603
2020-01-05 07:13:00,98.8261,98.939,98.7976,98.9207,3327
2020-01-05 07:14:00,98.9207,99.0112,98.6191,98.6524,927
2020-01-05 07:15:00,98.6524,98.6944,98.5459,98.6377,3331
2020-01-05 07:16:00,98.6377,98.6479,98.4617,98.4965,2973
2020-01-05 07:17:00,98.4965,98.5229,98.4375,98.4496,9909
2020-01-05 07:18:00,98.4496,98.4769,98.4111,98.4202,9477
2020-01-05 07:19:00,98.4202,98.4289,98.2686,98.3849,5952
2020-01-05 07:20:00,98.3849,98.4538,98.2571,98.3306,9976
2020-01-05 07:21:00,98.3306,98.353,98.214,98.2227,8801
2020-01-05 07:22:00,98.2227,98.4874,98.1475,98.4478,5732
2020-01-05 07:23:00,98.4478,98.7674,98.4293,98.6317,8986
2020-01-05 07:24:00,98.6317,98.6355,98.5001,98.517,3379
2020-01-05 07:25:00,98.517,98.7014,98.4568,98.6729,4116
2020-01-05 07:26:00,98.6729,98.7426,98.6182,98.6335,2168
2020-01-05 07:27:00,98.6335,98.6694,98.6329,98.6462,5724
2020-01-05 07:28:00,98.6462,98.7283,98.6083,98.64,5623
2020-01-05 07:29:00,98.64,98.6829,98.5454,98.5749,9538
2020-01-05 07:30:00,98.5749,98.7425,98.5363,98.6719,8691
2020-01-05 07:31:00,98.6719,98.6942,98.6278,98.6843,2707
2020-01-05 07:32:00,98.6843,98.748,98.6339,98.6373,387
2020-01-05 07:33:00,98.6373,98.7311,98.4482,98.5086,1503
2020-01-05 07:34:00,98.5086,98.5644,98.3417,98.4206,4632
2020-01-05 07:35:00,98.4206,98.4834,98.1644,98.259,540
2020-01-05 07:36:00,98.259,98.3295,98.2368,98.2602,5712
2020-01-05 07:37:00,98.2602,98.3117,98.0746,98.1427,4985
2020-01-05 07:38:00,98.1427,98.1821,98.1001,98.1166,5192
2020-01-05 07:39:00,98.1166,98.2758,98.0929,98.251,1368
2020-01-05 07:40:00,98.251,98.3705,98.1933,98.3689,7319
2020-01-05 07:41:00,98.3689,98.3771,98.327,98.3657,6964
2020-01-05 07:42:00,98.3657,98.3729,98.3303,98.3571,7107
2020-01-05 07:43:00,98.3571,98.5711,98.3515,98.542,285
2020-01-05 07:44:00,98.542,98.6263,98.5087,98.5933,4357
2020-01-05 07:45:00,98.5933,98.6473,98.5492,98.561,3643
2020-01-05 07:46:00,98.561,98.6507,98.3772,98.4205,9771
2020-01-05 07:47:00,98.4205,98.4603,98.4162,98.4592,4986
2020-01-05 07:48:00,98.4592,98.5666,98.4544,98.5409,4740
2020-01-05 07:49:00,98.5409,98.5711,98.4357,98.4786,1244
2020-01-05 07:50:00,98.4786,98.5637,98.4223,98.5073,4264
2020-01-05 07:51:00,98.5073,98.5407,98.4201,98.4715,734
2020-01-05 07:52:00,98.4715,98.5207,98.4332,98.4534,7677
2020-01-05 07:53:00,98.4534,98.4595,98.2023,98.2084,1403
2020-01-05 07:54:00,98.2084,98.2678,98.1172,98.1867,632
2020-01-05 07:55:00,98.1867,98.3551,98.131,98.2818,2797
2020-01-05 07:56:00,98.2818,98.2842,98.1901,98.2198,1052
2020-01-05 07:57:00,98.2198,98.281,98.1924,98.2249,2905
2020-01-05 07:58:00,98.2249,98.2804,98.0634,98.1507,7686
2020-01-05 07:59:00,98.1507,98.1915,98.1476,98.1861,8861
2020-01-05 08:00:00,98.1861,98.2847,98.1029,98.1648,6882
2020-01-05 08:01:00,98.1648,98.17,98.0353,98.0726,9271
2020-01-05 08:02:00,98.0726,98.2101,98.0114,98.2033,5312
2020-01-05 08:03:00,98.2033,98.4207,98.1918,98.2945,4230
2020-01-05 08:04:00,98.2945,98.3165,98.2222,98.2351,8042
2020-01-05 08:05:00,98.2351,98.3258,98.21,98.284,3641
2020-01-05 08:06:00,98.284,98.4137,98.2467,98.3368,3486
2020-01-05 08:07:00,98.3368,98.4408,98.3265,98.3999,6190
2020-01-05 08:08:00,98.3999,98.4227,98.131,98.2332,5595
2020-01-05 08:09:00,98.2332,98.3836,98.2061,98.3321,7758
2020-01-05 08:10:00,98.3321,98.3327,98.2327,98.2761,2500
2020-01-05 08:11:00,98.2761,98.3883,98.2232,98.2409,3652
2020-01-05 08:12:00,98.2409,98.5123,98.1646,98.5001,1078
2020-01-05 08:13:00,98.5001,98.5673,98.4128,98.5298,6647
2020-01-05 08:14:00,98.5298,98.5765,98.4634,98.4917,5613
2020-01-05 08:15:00,98.4917,98.5043,98.2461,98.2745,8694
2020-01-05 08:16:00,98.2745,98.468,98.2474,98.4111,1614
2020-01-05 08:17:00,98.4111,98.5376,98.2646,98.2787,9839
2020-01-05 08:18:00,98.2787,98.3292,98.1504,98.1801,493
2020-01-05 08:19:00,98.1801,98.1803,98.063,98.1476,2730
2020-01-05 08:20:00,98.1476,98.3651,98.1429,98.2866,5915
2020-01-05 08:21:00,98.2866,98.4048,98.2724,98.3626,203
2020-01-05 08:22:00,98.3626,98.38,98.3141,98.3471,1843
2020-01-05 08:23:00,98.3471,98.3815,98.2936,98.3774,5536
2020-01-05 08:24:00,98.3774,98.4052,98.2969,98.3183,521
2020-01-05 08:25:00,98.3183,98.3796,98.287,98.3321,6516
2020-01-05 08:26:00,98.3321,98.3551,98.3062,98.3393,6297
2020-01-05 08:27:00,98.3393,98.489,98.2634,98.4345,5392
2020-01-05 08:28:00,98.4345,98.5444,98.3899,98.5297,6908
2020-01-05 08:29:00,98.5297,98.6276,98.5099,98.5784,4813
2020-01-05 08:30:00,98.5784,98.5816,98.494,98.5427,3277
2020-01-05 08:31:00,98.5427,98.6259,98.4792,98.6158,3876
2020-01-05 08:32:00,98.6158,98.675,98.5752,98.6067,4490
2020-01-05 08:33:00,98.6067,98.6726,98.4601,98.5,8567
2020-01-05 08:34:00,98.5,98.5221,98.3987,98.4603,6828
2020-01-05 08:35:00,98.4603,98.4887,98.3897,98.4686,7310
2020-01-05 08:36:00,98.4686,98.5664,98.4143,98.5583,8485
2020-01-05 08:37:00,98.5583,98.576,98.5335,98.5402,1226
2020-01-05 08:38:00,98.5402,98.6151,98.3915,98.421,349
2020-01-05 08:39:00,98.421,98.4887,98.4145,98.4266,5151
2020-01-05 08:40:00,98.4266,98.4987,98.3734,98.4378,6211
2020-01-05 08:41:00,98.4378,98.4823,98.3995,98.4561,4491
2020-01-05 08:42:00,98.4561,98.5885,98.4345,98.5466,8529
2020-01-05 08:43:00,98.5466,98.6767,98.5152,98.6471,7887
2020-01-05 08:44:00,98.6471,98.6491,98.5796,98.5884,3820
2020-01-05 08:45:00,98.5884,98.6445,98.5128,98.5277,4109
2020-01-05 08:46:00,98.5277,98.5613,98.4143,98.4252,5005
2020-01-05 08:47:00,98.4252,98.5194,98.4252,98.494,2436
2020-01-05 08:48:00,98.494,98.6503,98.4569,98.6367,2684
2020-01-05 08:49:00,98.6367,98.7207,98.5878,98.6056,1865
2020-01-05 08:50:00,98.6056,98.6395,98.5384,98.5818,4017
2020-01-05 08:51:00,98.5818,98.777,98.5557,98.7264,9434
2020-01-05 08:52:00,98.7264,98.7817,98.7142,98.7763,1214
2020-01-05 08:53:00,98.7763,98.8704,98.7461,98.8194,6140
2020-01-05 08:54:00,98.8194,98.8909,98.6966,98.7017,1239
2020-01-05 08:55:00,98.7017,98.8405,98.6617,98.7687,8067
2020-01-05 08:56:00,98.7687,98.7772,98.6739,98.6769,5753
2020-01-05 08:57:00,98.6769,98.7132,98.5294,98.565,6592
2020-01-05 08:58:00,98.565,98.6439,98.5084,98.5309,4762
2020-01-05 08:59:00,98.5309,98.5657,98.4541,98.4731,3616
2020-01-05 09:00:00,98.4731,98.4816,98.4217,98.4513,9888
2020-01-05 09:01:00,98.4513,98.4597,98.2931,98.3094,1245
2020-01-05 09:02:00,98.3094,98.448,98.201,98.4037,1727
2020-01-05 09:03:00,98.4037,98.5304,98.3758,98.5147,1345
2020-01-05 09:04:00,98.5147,98.5386,98.3216,98.3228,9774
2020-01-05 09:05:00,98.3228,98.424,98.2825,98.419,5861
2020-01-05 09:06:00,98.419,98.452,98.3156,98.3393,9813
2020-01-05 09:07:00,98.3393,98.499,98.2939,98.4235,469
2020-01-05 09:08:00,98.4235,98.5578,98.3728,98.4168,4955
2020-01-05 09:09:00,98.4168,98.4867,98.3551,98.4196,5420
2020-01-05 09:10:00,98.4196,98.4286,98.3797,98.4014,3332
2020-01-05 09:11:00,98.4014,98.608,98.3413,98.5207,1885
2020-01-05 09:12:00,98.5207,98.6191,98.3685,98.3986,674
2020-01-05 09:13:00,98.3986,98.4632,98.3847,98.4584,5604
2020-01-05 09:14:00,98.4584,98.5754,98.3763,98.5668,8120
2020-01-05 09:15:00,98.5668,98.6996,98.4586,98.6374,3803
2020-01-05 09:16:00,98.6374,98.8865,98.6204,98.8667,5577
2020-01-05 09:17:00,98.8667,98.8741,98.814,98.8144,2672
2020-01-05 09:18:00,98.8144,98.956,98.7971,98.909,6005
2020-01-05 09:19:00,98.909,98.9832,98.8578,98.8985,2215
2020-01-05 09:20:00,98.8985,99.0665,98.7903,99.0205,7537
2020-01-05 09:21:00,99.0205,99.0822,98.9313,99.0198,9448
2020-01-05 09:22:00,99.0198,99.0216,98.925,98.9813,1185
2020-01-05 09:23:00,98.9813,99.1178,98.9258,99.1106,8452
2020-01-05 09:24:00,99.1106,99.1278,99.0207,99.0619,7293
2020-01-05 09:25:00,99.0619,99.1001,98.9196,98.922,9050
2020-01-05 09:26:00,98.922,98.9631,98.8344,98.8708,2848
2020-01-05 09:27:00,98.8708,98.9415,98.8698,98.932,5505
2020-01-05 09:28:00,98.932,99.0837,98.9111,99.0697,9121
2020-01-05 09:29:00,99.0697,99.155,98.9977,99.0808,9140
2020-01-05 09:30:00,99.0808,99.2576,99.0732,99.2114,7999
2020-01-05 09:31:00,99.2114,99.215,99.0357,99.0766,7081
2020-01-05 09:32:00,99.0766,99.1573,98.9825,99.0327,4444
2020-01-05 09:33:00,99.0327,99.0497,98.9769,99.0041,7303
2020-01-05 09:34:00,99.0041,99.0387,98.9765,98.9928,9821
2020-01-05 09:35:00,98.9928,99.1375,98.9581,99.0011,5540
2020-01-05 09:36:00,99.0011,99.082,98.922,99.0695,2992
2020-01-05 09:37:00,99.0695,99.0901,98.9412,99.0254,3724
2020-01-05 09:38:00,99.0254,99.0501,99.0019,99.0392,6787
2020-01-05 09:39:00,99.0392,99.0841,98.9715,99.0347,9969
2020-01-05 09:40:00,99.0347,99.0421,98.9178,98.943,7523
2020-01-05 09:41:00,98.943,99.0119,98.9216,98.9318,6404
2020-01-05 09:42:00,98.9318,98.9539,98.905,98.9176,4205
2020-01-05 09:43:00,98.9176,98.9653,98.8899,98.9013,4554
2020-01-05 09:44:00,98.9013,98.9443,98.8938,98.9044,9591
2020-01-05 09:45:00,98.9044,98.9494,98.8727,98.9119,2271
2020-01-05 09:46:00,98.9119,98.912,98.861,98.8691,8921
2020-01-05 09:47:00,98.8691,99.0124,98.8676,98.995,8569
2020-01-05 09:48:00,98.995,98.9953,98.8695,98.8792,1123
2020-01-05 09:49:00,98.8792,98.9109,98.8046,98.8079,4721
2020-01-05 09:50:00,98.8079,99.2098,98.7718,99.0826,9491
2020-01-05 09:51:00,99.0826,99.1529,98.9751,98.9797,1817
2020-01-05 09:52:00,98.9797,99.0004,98.8358,98.8457,7303
2020-01-05 09:53:00,98.8457,99.0194,98.8268,98.9183,2080
2020-01-05 09:54:00,98.9183,98.9446,98.6609,98.7129,1690
2020-01-05 09:55:00,98.7129,98.7156,98.682,98.6896,369
2020-01-05 09:56:00,98.6896,98.9424,98.6301,98.9014,4197
2020-01-05 09:57:00,98.9014,98.9356,98.7267,98.7486,2720
2020-01-05 09:58:00,98.7486,98.762,98.5126,98.5529,9678
2020-01-05 09:59:00,98.5529,98.6026,98.3651,98.4052,5326
2020-01-05 10:00:00,98.4052,98.5408,98.3887,98.4936,5353
2020-01-05 10:01:00,98.4936,98.6327,98.4584,98.6043,8826
2020-01-05 10:02:00,98.6043,98.6404,98.5356,98.5538,9900
2020-01-05 10:03:00,98.5538,98.7405,98.5364,98.6211,2498
2020-01-05 10:04:00,98.6211,98.7652,98.5956,98.7582,7295
2020-01-05 10:05:00,98.7582,98.981,98.7339,98.9348,4732
2020-01-05 10:06:00,98.9348,98.985,98.8329,98.9104,7332
2020-01-05 10:07:00,98.9104,98.9534,98.6575,98.6827,8755
2020-01-05 10:08:00,98.6827,98.7445,98.5835,98.6017,122
2020-01-05 10:09:00,98.6017,98.6028,98.5386,98.5597,8980
2020-01-05 10:10:00,98.5597,98.6005,98.5206,98.5341,1386
2020-01-05 10:11:00,98.5341,98.5418,98.4781,98.5156,3960
2020-01-05 10:12:00,98.5156,98.6401,98.468,98.6259,836
2020-01-05 10:13:00,98.6259,98.8079,98.5769,98.7515,6984
2020-01-05 10:14:00,98.7515,98.788,98.6957,98.7346,9632
2020-01-05 10:15:00,98.7346,98.8539,98.7083,98.843,2477
2020-01-05 10:16:00,98.843,98.9592,98.7998,98.8784,8487
2020-01-05 10:17:00,98.8784,98.8945,98.8552,98.8848,5728
2020-01-05 10:18:00,98.8848,99.0371,98.8701,98.9744,9796
2020-01-05 10:19:00,98.9744,99.0147,98.948,98.9816,2215
2020-01-05 10:20:00,98.9816,99.2318,98.9068,99.1853,5492
2020-01-05 10:21:00,99.1853,99.203,98.9887,99.0426,5518
2020-01-05 10:22:00,99.0426,99.087,98.9426,98.9916,3018
2020-01-05 10:23:00,98.9916,99.005,98.8901,98.979,8123
2020-01-05 10:24:00,98.979,99.059,98.9253,99.0225,9162
2020-01-05 10:25:00,99.0225,99.2534,98.9241,99.1481,8476
2020-01-05 10:26:00,99.1481,99.1633,99.1287,99.1457,9981
2020-01-05 10:27:00,99.1457,99.153,98.9645,99.0047,1312
2020-01-05 10:28:00,99.0047,99.1137,98.9901,99.0881,6324
2020-01-05 10:29:00,99.0881,99.1963,99.055,99.1629,8789
2020-01-05 10:30:00,99.1629,99.2015,98.9588,98.9703,1665
2020-01-05 10:31:00,98.9703,98.9902,98.9699,98.97,9954
2020-01-05 10:32:00,98.97,99.0451,98.763,98.8126,8509
2020-01-05 10:33:00,98.8126,98.8131,98.6171,98.7469,4720
2020-01-05 10:34:00,98.7469,98.7679,98.6124,98.6577,9653
2020-01-05 10:35:00,98.6577,98.7535,98.63,98.7376,6712
2020-01-05 10:36:00,98.7376,98.8253,98.7351,98.7491,7639
2020-01-05 10:37:00,98.7491,98.7969,98.5851,98.6222,1605
2020-01-05 10:38:00,98.6222,98.7538,98.6093,98.709,6422
2020-01-05 10:39:00,98.709,98.744,98.5608,98.5674,9088
2020-01-05 10:40:00,98.5674,98.6089,98.5525,98.6,5056
2020-01-05 10:41:00,98.6,98.6294,98.4052,98.5197,6865
2020-01-05 10:42:00,98.5197,98.5637,98.4081,98.4837,2351
2020-01-05 10:43:00,98.4837,98.6132,98.4593,98.5334,6770
2020-01-05 10:44:00,98.5334,98.6335,98.5295,98.5847,7189
2020-01-05 10:45:00,98.5847,98.7197,98.5582,98.7165,5061
2020-01-05 10:46:00,98.7165,98.7811,98.6676,98.7084,9324
2020-01-05 10:47:00,98.7084,98.7464,98.6877,98.7387,3284
2020-01-05 10:48:00,98.7387,98.7513,98.6584,98.6954,5848
2020-01-05 10:49:00,98.6954,98.7484,98.6074,98.7134,8631
2020-01-05 10:50:00,98.7134,98.8236,98.7013,98.7568,5025
2020-01-05 10:51:00,98.7568,98.7615,98.6476,98.7471,588
2020-01-05 10:52:00,98.7471,98.8508,98.5597,98.569,9637
2020-01-05 10:53:00,98.569,98.6884,98.5569,98.6016,9082
2020-01-05 10:54:00,98.6016,98.6583,98.5334,98.6376,7365
2020-01-05 10:55:00,98.6376,98.677,98.5556,98.5705,5471
2020-01-05 10:56:00,98.5705,98.6645,98.4373,98.4439,1286
2020-01-05 10:57:00,98.4439,98.5991,98.3848,98.5892,5377
2020-01-05 10:58:00,98.5892,98.7095,98.5566,98.6376,6822
2020-01-05 10:59:00,98.6376,98.6456,98.5907,98.615,4507
2020-01-05 11:00:00,98.615,98.6168,98.4809,98.5029,6533
2020-01-05 11:01:00,98.5029,98.558,98.3978,98.422,8041
2020-01-05 11:02:00,98.422,98.6244,98.4004,98.5502,3369
2020-01-05 11:03:00,98.5502,98.6085,98.4745,98.5637,1806
2020-01-05 11:04:00,98.5637,98.5686,98.4991,98.5095,3699
2020-01-05 11:05:00,98.5095,98.6104,98.4612,98.5597,802
2020-01-05 11:06:00,98.5597,98.5809,98.4181,98.4794,5756
2020-01-05 11:07:00,98.4794,98.6929,98.4709,98.6272,1373
2020-01-05 11:08:00,98.6272,98.8207,98.5961,98.7606,638
2020-01-05 11:09:00,98.7606,98.8244,98.6946,98.7145,4312
2020-01-05 11:10:00,98.7145,98.7381,98.5708,98.6525,3039
2020-01-05 11:11:00,98.6525,98.7253,98.313,98.3942,585
2020-01-05 11:12:00,98.3942,98.422,98.2108,98.2484,1486
2020-01-05 11:13:00,98.2484,98.2793,98.0934,98.1168,1149
2020-01-05 11:14:00,98.1168,98.2048,98.0909,98.1301,883
2020-01-05 11:15:00,98.1301,98.1389,98.0436,98.0981,3024
2020-01-05 11:16:00,98.0981,98.1309,97.9292,97.9661,8911
2020-01-05 11:17:00,97.9661,98.037,97.9292,97.9386,8277
2020-01-05 11:18:00,97.9386,97.998,97.923,97.988,7869
2020-01-05 11:19:00,97.988,98.0749,97.9827,98.0398,5712
2020-01-05 11:20:00,98.0398,98.1836,97.8452,97.8535,8161
2020-01-05 11:21:00,97.8535,97.9189,97.7431,97.841,7389
2020-01-05 11:22:00,97.841,97.8583,97.6816,97.7056,3632
2020-01-05 11:23:00,97.7056,97.8288,97.6619,97.7937,8124
2020-01-05 11:24:00,97.7937,97.8906,97.7201,97.8704,4624
2020-01-05 11:25:00,97.8704,97.9547,97.7292,97.7825,1904
2020-01-05 11:26:00,97.7825,97.8086,97.6868,97.7076,6495
2020-01-05 11:27:00,97.7076,97.7117,97.6271,97.6626,9390
2020-01-05 11:28:00,97.6626,97.6641,97.4412,97.4425,8403
2020-01-05 11:29:00,97.4425,97.5283,97.3893,97.4753,7930
2020-01-05 11:30:00,97.4753,97.5124,97.4298,97.4487,1069
2020-01-05 11:31:00,97.4487,97.6369,97.4463,97.5432,1733
2020-01-05 11:32:00,97.5432,97.5507,97.4045,97.4361,8651
2020-01-05 11:33:00,97.4361,97.4698,97.3151,97.3758,4962
2020-01-05 11:34:00,97.3758,97.3849,97.2163,97.2291,1018
2020-01-05 11:35:00,97.2291,97.2493,97.0397,97.1314,267
2020-01-05 11:36:00,97.1314,97.1807,97.0077,97.0166,3421
2020-01-05 11:37:00,97.0166,97.1845,96.9764,97.1132,6289
2020-01-05 11:38:00,97.1132,97.1136,96.9517,97.0454,5237
2020-01-05 11:39:00,97.0454,97.1356,97.0387,97.0575,5074
2020-01-05 11:40:00,97.0575,97.0691,96.9539,97.0205,9049
2020-01-05 11:41:00,97.0205,97.0657,96.8929,96.8973,4883
2020-01-05 11:42:00,96.8973,96.9212,96.8514,96.881,4593
2020-01-05 11:43:00,96.881,96.9854,96.8677,96.9391,2073
2020-01-05 11:44:00,96.9391,96.9783,96.7259,96.822,197
2020-01-05 11:45:00,96.822,96.9394,96.7628,96.9003,3176
2020-01-05 11:46:00,96.9003,96.9013,96.8035,96.818,2306
2020-01-05 11:47:00,96.818,96.8922,96.7288,96.7712,8230
2020-01-05 11:48:00,96.7712,96.8357,96.7564,96.8226,186
2020-01-05 11:49:00,96.8226,96.8348,96.7223,96.7584,6415
2020-01-05 11:50:00,96.7584,96.8483,96.743,96.762,3747
2020-01-05 11:51:00,96.762,96.7815,96.7207,96.7315,3777
2020-01-05 11:52:00,96.7315,96.7743,96.7001,96.7441,8973
2020-01-05 11:53:00,96.7441,96.8004,96.4985,96.5137,7745
2020-01-05 11:54:00,96.5137,96.5603,96.2549,96.3371,8426
2020-01-05 11:55:00,96.3371,96.4044,96.2937,96.3965,6312
2020-01-05 11:56:00,96.3965,96.6135,96.3044,96.4965,7060
2020-01-05 11:57:00,96.4965,96.5003,96.3508,96.4086,3889
2020-01-05 11:58:00,96.4086,96.4624,96.3191,96.3851,9026
2020-01-05 11:59:00,96.3851,96.46,96.3702,96.4135,1233
2020-01-05 12:00:00,96.4135,96.5516,96.357,96.4803,3198
2020-01-05 12:01:00,96.4803,96.4953,96.2361,96.2847,3571
2020-01-05 12:02:00,96.2847,96.2918,96.1673,96.1994,5539
2020-01-05 12:03:00,96.1994,96.2153,96.1306,96.1674,3365
2020-01-05 12:04:00,96.1674,96.2713,96.1532,96.235,2068
2020-01-05 12:05:00,96.235,96.5293,96.2279,96.4754,7613
2020-01-05 12:06:00,96.4754,96.4984,96.3328,96.4534,3244
2020-01-05 12:07:00,96.4534,96.4582,96.2968,96.3177,7191
2020-01-05 12:08:00,96.3177,96.4136,96.2612,96.3565,1324
2020-01-05 12:09:00,96.3565,96.5714,96.3327,96.4838,7912
2020-01-05 12:10:00,96.4838,96.5616,96.4746,96.4942,1287
2020-01-05 12:11:00,96.4942,96.5357,96.3764,96.4067,106
2020-01-05 12:12:00,96.4067,96.5475,96.2793,96.4991,2208
2020-01-05 12:13:00,96.4991,96.5828,96.449,96.5631,5120
2020-01-05 12:14:00,96.5631,96.5732,96.4131,96.464,9729
2020-01-05 12:15:00,96.464,96.5313,96.3578,96.5008,1035
2020-01-05 12:16:00,96.5008,96.6249,96.4621,96.597,7298
2020-01-05 12:17:00,96.597,96.7461,96.5598,96.7112,8851
2020-01-05 12:18:00,96.7112,96.7371,96.6619,96.7048,5737
2020-01-05 12:19:00,96.7048,96.7544,96.6235,96.6702,8737
2020-01-05 12:20:00,96.6702,96.8326,96.5706,96.7888,1408
2020-01-05 12:21:00,96.7888,96.8339,96.6679,96.6717,1516
2020-01-05 12:22:00,96.6717,96.7477,96.5667,96.7141,5145
2020-01-05 12:23:00,96.7141,96.7596,96.5768,96.5816,2005
2020-01-05 12:24:00,96.5816,96.7102,96.5403,96.6845,8621
2020-01-05 12:25:00,96.6845,96.7432,96.646,96.6595,7400
2020-01-05 12:26:00,96.6595,96.8058,96.6142,96.7821,7882
2020-01-05 12:27:00,96.7821,96.8307,96.6871,96.8297,6202
2020-01-05 12:28:00,96.8297,96.8447,96.7043,96.7113,3497
2020-01-05 12:29:00,96.7113,96.8556,96.5755,96.849,3778
2020-01-05 12:30:00,96.849,97.0539,96.8387,96.9993,9845
2020-01-05 12:31:00,96.9993,97.1452,96.9532,97.0848,6130
2020-01-05 12:32:00,97.0848,97.0887,96.9813,97.0109,3102
2020-01-05 12:33:00,97.0109,97.0148,96.9027,96.9812,6722
2020-01-05 12:34:00,96.9812,96.9959,96.9307,96.9953,2665
2020-01-05 12:35:00,96.9953,97.0281,96.8558,96.9271,2683
2020-01-05 12:36:00,96.9271,97.1016,96.9244,97.0911,5951
2020-01-05 12:37:00,97.0911,97.1324,97.0302,97.1051,7597
2020-01-05 12:38:00,97.1051,97.1121,96.8203,96.8426,1914
2020-01-05 12:39:00,96.8426,96.9638,96.7604,96.8755,4018
2020-01-05 12:40:00,96.8755,96.8794,96.8255,96.8417,6611
2020-01-05 12:41:00,96.8417,96.9551,96.8252,96.8345,3313
2020-01-05 12:42:00,96.8345,96.8515,96.6837,96.7988,3987
2020-01-05 12:43:00,96.7988,96.8873,96.7834,96.8769,7857
2020-01-05 12:44:00,96.8769,97.029,96.8702,96.9854,1322
2020-01-05 12:45:00,96.9854,97.0828,96.9823,97.0128,5846
2020-01-05 12:46:00,97.0128,97.0609,96.9148,96.9799,3207
2020-01-05 12:47:00,96.9799,97.0226,96.9717,96.9759,2613
2020-01-05 12:48:00,96.9759,96.997,96.9709,96.9778,4952
2020-01-05 12:49:00,96.9778,97.0033,96.8531,96.9,5076
2020-01-05 12:50:00,96.9,96.9652,96.8425,96.9561,5083
2020-01-05 12:51:00,96.9561,97.0629,96.9327,97.0007,4238
2020-01-05 12:52:00,97.0007,97.1544,96.9975,97.1501,1420
2020-01-05 12:53:00,97.1501,97.3732,97.1279,97.2721,2466
2020-01-05 12:54:00,97.2721,97.3293,97.1543,97.2054,4413
2020-01-05 12:55:00,97.2054,97.2924,97.1913,97.2851,2635
2020-01-05 12:56:00,97.2851,97.3113,97.1664,97.1926,6389
2020-01-05 12:57:00,97.1926,97.3058,97.1867,97.2602,2475
2020-01-05 12:58:00,97.2602,97.3692,97.1826,97.21,2713
2020-01-05 12:59:00,97.21,97.2801,97.0816,97.1105,4485
2020-01-05 13:00:00,97.1105,97.1429,97.1013,97.1377,9954
2020-01-05 13:01:00,97.1377,97.2131,96.8203,96.8779,324
2020-01-05 13:02:00,96.8779,96.8889,96.6582,96.7083,7496
2020-01-05 13:03:00,96.7083,96.7736,96.674,96.6911,2900
2020-01-05 13:04:00,96.6911,96.757,96.6854,96.6991,1380
2020-01-05 13:05:00,96.6991,96.78,96.5875,96.6634,621
2020-01-05 13:06:00,96.6634,96.6934,96.4748,96.5107,1718
2020-01-05 13:07:00,96.5107,96.5562,96.3344,96.4318,7906
2020-01-05 13:08:00,96.4318,96.5408,96.359,96.4695,1701
2020-01-05 13:09:00,96.4695,96.5744,96.4574,96.5256,2406
2020-01-05 13:10:00,96.5256,96.5871,96.5233,96.5241,7922
2020-01-05 13:11:00,96.5241,96.6816,96.5086,96.6357,9507
2020-01-05 13:12:00,96.6357,96.7478,96.5634,96.6741,1042
2020-01-05 13:13:00,96.6741,96.6806,96.5934,96.6019,4031
2020-01-05 13:14:00,96.6019,96.618,96.4933,96.5748,9445
2020-01-05 13:15:00,96.5748,96.5924,96.4346,96.4393,3849
2020-01-05 13:16:00,96.4393,96.5106,96.3974,96.4289,8552
2020-01-05 13:17:00,96.4289,96.6198,96.3871,96.5361,8681
2020-01-05 13:18:00,96.5361,96.6438,96.4958,96.6022,4840
2020-01-05 13:19:00,96.6022,96.7907,96.5909,96.7377,507
2020-01-05 13:20:00,96.7377,96.7791,96.6855,96.7084,2143
2020-01-05 13:21:00,96.7084,96.8616,96.6839,96.8386,5372
2020-01-05 13:22:00,96.8386,96.878,96.7584,96.8198,8858
2020-01-05 13:23:00,96.8198,96.9919,96.7614,96.9623,5857
2020-01-05 13:24:00,96.9623,97.0324,96.9157,96.9602,2079
2020-01-05 13:25:00,96.9602,97.0307,96.9594,97.0288,6264
2020-01-05 13:26:00,97.0288,97.2094,97.0104,97.1719,3938
2020-01-05 13:27:00,97.1719,97.2101,97.0973,97.1531,7240
2020-01-05 13:28:00,97.1531,97.2054,97.1236,97.1743,2415
2020-01-05 13:29:00,97.1743,97.3817,97.1295,97.2996,8392
2020-01-05 13:30:00,97.2996,97.3174,97.2614,97.2866,4856
2020-01-05 13:31:00,97.2866,97.312,97.0645,97.1581,6896
2020-01-05 13:32:00,97.1581,97.4345,97.1105,97.3663,132
2020-01-05 13:33:00,97.3663,97.3969,97.2529,97.3206,4431
2020-01-05 13:34:00,97.3206,97.4085,97.2856,97.336,6990
2020-01-05 13:35:00,97.336,97.4583,97.2989,97.4486,8623
2020-01-05 13:36:00,97.4486,97.5179,97.3336,97.3893,3616
2020-01-05 13:37:00,97.3893,97.5088,97.2798,97.2911,4681
2020-01-05 13:38:00,97.2911,97.3866,97.2064,97.3158,4315
2020-01-05 13:39:00,97.3158,97.4211,97.1118,97.1413,257
2020-01-05 13:40:00,97.1413,97.1443,97.0594,97.1133,5045
2020-01-05 13:41:00,97.1133,97.1639,97.064,97.1371,3728
2020-01-05 13:42:00,97.1371,97.1595,97.0587,97.1109,3882
2020-01-05 13:43:00,97.1109,97.1538,96.8996,96.961,3921
2020-01-05 13:44:00,96.961,97.1746,96.9356,97.1156,2788
2020-01-05 13:45:00,97.1156,97.2492,97.108,97.1257,8984
2020-01-05 13:46:00,97.1257,97.3031,97.0728,97.2647,9343
2020-01-05 13:47:00,97.2647,97.3354,97.1589,97.2394,5144
2020-01-05 13:48:00,97.2394,97.3112,97.1359,97.1538,7946
2020-01-05 13:49:00,97.1538,97.2682,97.1428,97.1799,5485
2020-01-05 13:50:00,97.1799,97.2481,97.0623,97.159,2198
2020-01-05 13:51:00,97.159,97.2217,97.0016,97.0445,2256
2020-01-05 13:52:00,97.0445,97.2334,96.9557,97.1872,5554
2020-01-05 13:53:00,97.1872,97.2635,97.0914,97.1267,8425
2020-01-05 13:54:00,97.1267,97.1457,96.9213,96.948,3850
2020-01-05 13:55:00,96.948,97.1049,96.9385,97.0767,2227
2020-01-05 13:56:00,97.0767,97.113,97.0196,97.0278,2485
2020-01-05 13:57:00,97.0278,97.0874,96.9184,96.9688,5700
2020-01-05 13:58:00,96.9688,96.9736,96.7434,96.7976,7131
2020-01-05 13:59:00,96.7976,96.9994,96.7967,96.9661,7556
2020-01-05 14:00:00,96.9661,96.9891,96.8395,96.8411,7862
2020-01-05 14:01:00,96.8411,96.8572,96.7956,96.8468,4297
2020-01-05 14:02:00,96.8468,96.9611,96.7987,96.9351,4526
2020-01-05 14:03:00,96.9351,96.9864,96.9241,96.976,2378
2020-01-05 14:04:00,96.976,97.0747,96.9497,96.9702,1574
2020-01-05 14:05:00,96.9702,96.9904,96.7788,96.8052,6089
2020-01-05 14:06:00,96.8052,96.8556,96.6953,96.7268,7588
2020-01-05 14:07:00,96.7268,96.7732,96.7038,96.745,9340
2020-01-05 14:08:00,96.745,96.7519,96.664,96.6688,515
2020-01-05 14:09:00,96.6688,96.7569,96.6625,96.6885,5607
2020-01-05 14:10:00,96.6885,96.8624,96.6632,96.7544,2266
2020-01-05 14:11:00,96.7544,96.8646,96.7163,96.8475,5882
2020-01-05 14:12:00,96.8475,96.8658,96.7258,96.7288,2478
2020-01-05 14:13:00,96.7288,96.949,96.6746,96.9413,8953
2020-01-05 14:14:00,96.9413,97.0996,96.9094,97.0157,7393
2020-01-05 14:15:00,97.0157,97.0972,96.9288,97.0155,388
2020-01-05 14:16:00,97.0155,97.1346,96.9474,97.1212,2700
2020-01-05 14:17:00,97.1212,97.4525,97.0638,97.3509,1825
2020-01-05 14:18:00,97.3509,97.3572,97.1989,97.2109,6153
2020-01-05 14:19:00,97.2109,97.2709,97.181,97.189,8866
2020-01-05 14:20:00,97.189,97.219,96.9026,96.9578,816
2020-01-05 14:21:00,96.9578,96.9865,96.9575,96.9765,3512
2020-01-05 14:22:00,96.9765,97.0765,96.9747,97.0119,5423
2020-01-05 14:23:00,97.0119,97.0284,96.966,97.0081,2493
2020-01-05 14:24:00,97.0081,97.0482,96.9267,96.9446,4180
2020-01-05 14:25:00,96.9446,97.0142,96.7176,96.746,1112
2020-01-05 14:26:00,96.746,96.852,96.718,96.7821,6348
2020-01-05 14:27:00,96.7821,96.9463,96.7375,96.923,2460
2020-01-05 14:28:00,96.923,96.9926,96.7385,96.8657,2046
2020-01-05 14:29:00,96.8657,96.9116,96.8612,96.9083,3612
2020-01-05 14:30:00,96.9083,96.9223,96.7233,96.7563,8218
2020-01-05 14:31:00,96.7563,96.814,96.7221,96.8006,5699
2020-01-05 14:32:00,96.8006,96.8543,96.76,96.7625,1451
2020-01-05 14:33:00,96.7625,96.792,96.6362,96.6887,3175
2020-01-05 14:34:00,96.6887,96.722,96.5919,96.6152,4004
2020-01-05 14:35:00,96.6152,96.6553,96.536,96.5772,7960
2020-01-05 14:36:00,96.5772,96.7099,96.501,96.6141,627
2020-01-05 14:37:00,96.6141,96.6528,96.4635,96.4873,5747
2020-01-05 14:38:00,96.4873,96.5299,96.4357,96.449,5260
2020-01-05 14:39:00,96.449,96.4755,96.4397,96.445,9573
2020-01-05 14:40:00,96.445,96.4489,96.2955,96.339,5585
2020-01-05 14:41:00,96.339,96.5279,96.3301,96.5121,3379
2020-01-05 14:42:00,96.5121,96.5231,96.3274,96.4297,7510
2020-01-05 14:43:00,96.4297,96.4823,96.3104,96.3652,6832
2020-01-05 14:44:00,96.3652,96.4429,96.2474,96.2709,4116
2020-01-05 14:45:00,96.2709,96.4871,96.2258,96.444,4036
2020-01-05 14:46:00,96.444,96.5629,96.437,96.4974,1144
2020-01-05 14:47:00,96.4974,96.5229,96.3839,96.407,3539
2020-01-05 14:48:00,96.407,96.5337,96.3673,96.5136,412
2020-01-05 14:49:00,96.5136,96.5425,96.4512,96.533,8607
2020-01-05 14:50:00,96.533,96.6123,96.486,96.5578,1990
2020-01-05 14:51:00,96.5578,96.6139,96.4938,96.5246,4321
2020-01-05 14:52:00,96.5246,96.5339,96.4251,96.4522,7078
2020-01-05 14:53:00,96.4522,96.558,96.4164,96.4848,8787
2020-01-05 14:54:00,96.4848,96.5707,96.3934,96.4322,9272
2020-01-05 14:55:00,96.4322,96.6343,96.3454,96.6074,4939
2020-01-05 14:56:00,96.6074,96.6368,96.4323,96.4848,4895
2020-01-05 14:57:00,96.4848,96.6527,96.4634,96.633,2128
2020-01-05 14:58:00,96.633,96.706,96.5706,96.6223,3007
2020-01-05 14:59:00,96.6223,96.7022,96.5858,96.6512,3243
2020-01-05 15:00:00,96.6512,96.8028,96.5682,96.7317,9019
2020-01-05 15:01:00,96.7317,96.7424,96.639,96.6707,5490
2020-01-05 15:02:00,96.6707,96.7661,96.6648,96.7543,7674
2020-01-05 15:03:00,96.7543,96.8045,96.4707,96.4923,9759
2020-01-05 15:04:00,96.4923,96.4974,96.3634,96.4228,9406
2020-01-05 15:05:00,96.4228,96.4534,96.2979,96.3337,1777
2020-01-05 15:06:00,96.3337,96.3351,96.1504,96.213,2143
2020-01-05 15:07:00,96.213,96.2145,96.1463,96.1923,7781
2020-01-05 15:08:00,96.1923,96.2335,96.1874,96.2294,3214
2020-01-05 15:09:00,96.2294,96.3061,96.1099,96.297,4266
2020-01-05 15:10:00,96.297,96.4014,96.2629,96.3202,4953
2020-01-05 15:11:00,96.3202,96.3572,96.2148,96.2561,8195
2020-01-05 15:12:00,96.2561,96.3034,96.1823,96.2916,8398
2020-01-05 15:13:00,96.2916,96.3156,96.2407,96.3036,6699
2020-01-05 15:14:00,96.3036,96.4012,96.285,96.3937,2441
2020-01-05 15:15:00,96.3937,96.4842,96.34,96.4686,6419
2020-01-05 15:16:00,96.4686,96.5132,96.3844,96.4716,9422
2020-01-05 15:17:00,96.4716,96.4953,96.3815,96.385,1209
2020-01-05 15:18:00,96.385,96.3998,96.3013,96.3221,1350
2020-01-05 15:19:00,96.3221,96.3223,96.2141,96.2691,6572
2020-01-05 15:20:00,96.2691,96.288,96.2377,96.2387,7508
2020-01-05 15:21:00,96.2387,96.2732,96.1827,96.2645,3173
2020-01-05 15:22:00,96.2645,96.383,96.2626,96.3334,5470
2020-01-05 15:23:00,96.3334,96.4007,96.2908,96.3285,5645
2020-01-05 15:24:00,96.3285,96.4551,96.1835,96.33,8372
2020-01-05 15:25:00,96.33,96.3983,96.2876,96.3438,1015
2020-01-05 15:26:00,96.3438,96.3688,96.2687,96.2941,361
2020-01-05 15:27:00,96.2941,96.319,96.1494,96.205,5614
2020-01-05 15:28:00,96.205,96.2224,96.0085,96.0361,3419
2020-01-05 15:29:00,96.0361,96.0611,95.9321,95.9694,8250
2020-01-05 15:30:00,95.9694,96.036,95.9464,96.0148,3140
2020-01-05 15:31:00,96.0148,96.0262,95.8881,95.9473,5003
2020-01-05 15:32:00,95.9473,95.9502,95.8809,95.9245,2762
2020-01-05 15:33:00,95.9245,95.9842,95.8632,95.9692,7058
2020-01-05 15:34:00,95.9692,96.031,95.8569,96.0192,6341
2020-01-05 15:35:00,96.0192,96.0699,95.8562,95.9155,5364
2020-01-05 15:36:00,95.9155,96.0122,95.8745,96.0112,7037
2020-01-05 15:37:00,96.0112,96.1201,95.9268,96.1194,2072
2020-01-05 15:38:00,96.1194,96.1707,95.9837,96.0108,2274
2020-01-05 15:39:00,96.0108,96.0569,95.8938,95.9317,1427
2020-01-05 15:40:00,95.9317,96.122,95.8816,96.046,4990
2020-01-05 15:41:00,96.046,96.1303,96.0264,96.0319,6822
2020-01-05 15:42:00,96.0319,96.0753,95.8127,95.8187,7414
2020-01-05 15:43:00,95.8187,95.8475,95.6233,95.6846,9131
2020-01-05 15:44:00,95.6846,95.7269,95.6554,95.6607,7348
2020-01-05 15:45:00,95.6607,95.6727,95.5147,95.5495,6826
2020-01-05 15:46:00,95.5495,95.5997,95.482,95.51,647
2020-01-05 15:47:00,95.51,95.5526,95.409,95.513,5829
2020-01-05 15:48:00,95.513,95.6739,95.45,95.6527,5652
2020-01-05 15:49:00,95.6527,95.6944,95.5608,95.6249,3976
2020-01-05 15:50:00,95.6249,95.7788,95.5676,95.7275,5981
2020-01-05 15:51:00,95.7275,95.8711,95.672,95.8643,9617
2020-01-05 15:52:00,95.8643,96.0162,95.8602,96.0018,3891
2020-01-05 15:53:00,96.0018,96.0673,95.9966,96.0291,2971
2020-01-05 15:54:00,96.0291,96.0713,95.7816,95.8406,7642
2020-01-05 15:55:00,95.8406,95.8912,95.7568,95.8847,674
2020-01-05 15:56:00,95.8847,96.0237,95.8615,95.9853,1201
2020-01-05 15:57:00,95.9853,96.0162,95.9612,95.9775,8321
2020-01-05 15:58:00,95.9775,96.1863,95.9653,96.1449,1475
2020-01-05 15:59:00,96.1449,96.259,96.0805,96.2276,5334
2020-01-05 16:00:00,96.2276,96.3225,96.1436,96.2823,4048
2020-01-05 16:01:00,96.2823,96.4645,96.282,96.3869,6974
2020-01-05 16:02:00,96.3869,96.4367,96.365,96.419,3904
2020-01-05 16:03:00,96.419,96.4731,96.1743,96.1786,4564
2020-01-05 16:04:00,96.1786,96.2102,96.0794,96.1306,5945
2020-01-05 16:05:00,96.1306,96.2458,96.1198,96.2457,3831
2020-01-05 16:06:00,96.2457,96.2658,96.1315,96.168,7625
2020-01-05 16:07:00,96.168,96.1867,96.1251,96.1465,4497
2020-01-05 16:08:00,96.1465,96.1517,96.0309,96.046,7987
2020-01-05 16:09:00,96.046,96.2688,95.9979,96.2174,5890
2020-01-05 16:10:00,96.2174,96.396,96.2047,96.3792,3850
2020-01-05 16:11:00,96.3792,96.3896,96.29,96.294,3234
2020-01-05 16:12:00,96.294,96.3732,96.2499,96.3082,1399
2020-01-05 16:13:00,96.3082,96.3485,96.2354,96.2426,4706
2020-01-05 16:14:00,96.2426,96.3216,96.2283,96.3018,986
2020-01-05 16:15:00,96.3018,96.3514,96.2908,96.3509,9850
2020-01-05 16:16:00,96.3509,96.444,96.3066,96.4291,2146
2020-01-05 16:17:00,96.4291,96.5051,96.3594,96.4611,4990
2020-01-05 16:18:00,96.4611,96.8205,96.4062,96.7443,7102
2020-01-05 16:19:00,96.7443,96.7848,96.5862,96.6448,6701
2020-01-05 16:20:00,96.6448,96.657,96.4407,96.4795,6067
2020-01-05 16:21:00,96.4795,96.503,96.3526,96.4416,5627
2020-01-05 16:22:00,96.4416,96.4433,96.2429,96.2904,7994
2020-01-05 16:23:00,96.2904,96.3124,96.1132,96.1467,5996
2020-01-05 16:24:00,96.1467,96.2125,96.0331,96.0504,3557
2020-01-05 16:25:00,96.0504,96.0507,95.8692,95.9618,7657
2020-01-05 16:26:00,95.9618,96.0189,95.8127,95.8702,3398
2020-01-05 16:27:00,95.8702,96.0044,95.8477,95.9199,7602
2020-01-05 16:28:00,95.9199,95.9261,95.8377,95.8713,5376
2020-01-05 16:29:00,95.8713,95.8733,95.8139,95.8541,1626
2020-01-05 16:30:00,95.8541,96.0459,95.7872,95.9398,2250
2020-01-05 16:31:00,95.9398,95.9943,95.7603,95.8663,2256
2020-01-05 16:32:00,95.8663,95.8959,95.796,95.8409,2894
2020-01-05 16:33:00,95.8409,95.9057,95.7886,95.876,4343
2020-01-05 16:34:00,95.876,95.9219,95.6055,95.6899,6926
2020-01-05 16:35:00,95.6899,95.7382,95.3871,95.4616,3142
2020-01-05 16:36:00,95.4616,95.5466,95.4471,95.4947,6795
2020-01-05 16:37:00,95.4947,95.5576,95.4921,95.5417,6992
2020-01-05 16:38:00,95.5417,95.7637,95.4498,95.7389,4191
2020-01-05 16:39:00,95.7389,95.7663,95.6952,95.754,3334
2020-01-05 16:40:00,95.754,95.8627,95.7318,95.8325,535
2020-01-05 16:41:00,95.8325,95.9026,95.7685,95.8138,9749
2020-01-05 16:42:00,95.8138,95.8541,95.7658,95.8423,2472
2020-01-05 16:43:00,95.8423,96.0218,95.8167,96.0021,211
2020-01-05 16:44:00,96.0021,96.0059,95.7878,95.7981,3134
2020-01-05 16:45:00,95.7981,95.847,95.7325,95.8378,5674
2020-01-05 16:46:00,95.8378,96.0919,95.8105,96.0424,5988
2020-01-05 16:47:00,96.0424,96.0967,96.019,96.0695,9388
2020-01-05 16:48:00,96.0695,96.2578,96.0099,96.2281,8274
2020-01-05 16:49:00,96.2281,96.2688,96.1179,96.1675,5149
2020-01-05 16:50:00,96.1675,96.2101,96.1378,96.1645,7460
2020-01-05 16:51:00,96.1645,96.2521,96.1289,96.1677,9588
2020-01-05 16:52:00,96.1677,96.2623,95.9363,95.9544,1057
2020-01-05 16:53:00,95.9544,96.025,95.8338,95.8423,4931
2020-01-05 16:54:00,95.8423,95.9076,95.7342,95.7372,5068
2020-01-05 16:55:00,95.7372,95.8167,95.7301,95.8159,8385
2020-01-05 16:56:00,95.8159,95.9235,95.8077,95.8995,2866
2020-01-05 16:57:00,95.8995,95.9563,95.8392,95.9306,6925
2020-01-05 16:58:00,95.9306,96.0123,95.879,96.0096,767
2020-01-05 16:59:00,96.0096,96.0132,95.9371,95.9939,8023
2020-01-05 17:00:00,95.9939,96.1594,95.9466,96.1092,614
2020-01-05 17:01:00,96.1092,96.1171,96.052,96.1101,9535
2020-01-05 17:02:00,96.1101,96.1829,96.1028,96.1156,4389
2020-01-05 17:03:00,96.1156,96.1455,96.0657,96.0901,911
2020-01-05 17:04:00,96.0901,96.1856,96.0664,96.1559,5807
2020-01-05 17:05:00,96.1559,96.1798,96.0745,96.1154,5949
2020-01-05 17:06:00,96.1154,96.2442,96.097,96.2092,6172
2020-01-05 17:07:00,96.2092,96.2678,96.0642,96.1003,1620
2020-01-05 17:08:00,96.1003,96.1198,95.9709,95.9947,5849
2020-01-05 17:09:00,95.9947,96.099,95.9479,96.0607,1578
2020-01-05 17:10:00,96.0607,96.076,95.9895,96.0522,2101
2020-01-05 17:11:00,96.0522,96.0568,95.9537,96.0086,5918
2020-01-05 17:12:00,96.0086,96.1082,95.9135,96.094,9323
2020-01-05 17:13:00,96.094,96.1848,96.0313,96.0357,2238
2020-01-05 17:14:00,96.0357,96.0795,96.0079,96.0165,3169
2020-01-05 17:15:00,96.0165,96.1521,96.0011,96.1508,450
2020-01-05 17:16:00,96.1508,96.3666,96.1479,96.2988,2405
2020-01-05 17:17:00,96.2988,96.4743,96.2727,96.4502,7308
2020-01-05 17:18:00,96.4502,96.4845,96.3405,96.423,6970
2020-01-05 17:19:00,96.423,96.5982,96.4131,96.5417,4891
2020-01-05 17:20:00,96.5417,96.645,96.3836,96.4501,1364
2020-01-05 17:21:00,96.4501,96.4508,96.3162,96.3626,1657
2020-01-05 17:22:00,96.3626,96.3649,96.1009,96.1361,5060
2020-01-05 17:23:00,96.1361,96.329,96.1265,96.2969,6488
2020-01-05 17:24:00,96.2969,96.3208,96.1802,96.2137,9077
2020-01-05 17:25:00,96.2137,96.2694,96.1909,96.2015,6834
2020-01-05 17:26:00,96.2015,96.3057,96.0608,96.114,4006
2020-01-05 17:27:00,96.114,96.2441,96.1025,96.1808,8157
2020-01-05 17:28:00,96.1808,96.2281,96.0507,96.1447,3533
2020-01-05 17:29:00,96.1447,96.2115,96.0084,96.0192,765
2020-01-05 17:30:00,96.0192,96.0715,95.9151,96.0616,8852
2020-01-05 17:31:00,96.0616,96.1197,95.8542,95.9239,3757
2020-01-05 17:32:00,95.9239,95.9523,95.8012,95.8436,4248
2020-01-05 17:33:00,95.8436,95.8916,95.5934,95.6416,7003
2020-01-05 17:34:00,95.6416,95.6727,95.4794,95.5054,5399
2020-01-05 17:35:00,95.5054,95.5441,95.4557,95.5225,1642
2020-01-05 17:36:00,95.5225,95.5513,95.2678,95.3348,817
2020-01-05 17:37:00,95.3348,95.4077,95.1202,95.1936,3239
2020-01-05 17:38:00,95.1936,95.2851,95.1611,95.1934,3020
2020-01-05 17:39:00,95.1934,95.2246,95.0355,95.1416,754
2020-01-05 17:40:00,95.1416,95.3928,95.1245,95.3312,9423
2020-01-05 17:41:00,95.3312,95.5519,95.2776,95.506,6428
2020-01-05 17:42:00,95.506,95.602,95.3809,95.4231,7990
2020-01-05 17:43:00,95.4231,95.5025,95.3892,95.4763,6833
2020-01-05 17:44:00,95.4763,95.62,95.4549,95.5478,3911
2020-01-05 17:45:00,95.5478,95.5605,95.4357,95.4907,1849
2020-01-05 17:46:00,95.4907,95.5479,95.3266,95.3479,5917
2020-01-05 17:47:00,95.3479,95.3964,95.2919,95.3467,6211
2020-01-05 17:48:00,95.3467,95.4054,95.3047,95.3303,1181
2020-01-05 17:49:00,95.3303,95.3352,95.1718,95.2887,6874
2020-01-05 17:50:00,95.2887,95.4279,95.2356,95.3309,5463
2020-01-05 17:51:00,95.3309,95.37,95.257,95.2593,3301
2020-01-05 17:52:00,95.2593,95.2918,95.1379,95.1496,7098
2020-01-05 17:53:00,95.1496,95.1982,95.134,95.1599,5431
2020-01-05 17:54:00,95.1599,95.2265,95.1132,95.1967,9371
2020-01-05 17:55:00,95.1967,95.207,95.0178,95.0847,390
2020-01-05 17:56:00,95.0847,95.1976,94.9892,95.1729,7060
2020-01-05 17:57:00,95.1729,95.2055,95.0031,95.0044,5838
2020-01-05 17:58:00,95.0044,95.0105,94.919,94.9495,3523
2020-01-05 17:59:00,94.9495,94.9883,94.9247,94.925,3599
2020-01-05 18:00:00,94.925,95.0269,94.8624,94.8646,8273
2020-01-05 18:01:00,94.8646,94.9119,94.808,94.811,7904
2020-01-05 18:02:00,94.811,95.0597,94.7579,94.9884,5668
2020-01-05 18:03:00,94.9884,94.9935,94.8357,94.9076,943
2020-01-05 18:04:00,94.9076,95.1551,94.8892,95.1392,1013
2020-01-05 18:05:00,95.1392,95.1964,95.1303,95.1808,4539
2020-01-05 18:06:00,95.1808,95.2031,95.1362,95.1896,5767
2020-01-05 18:07:00,95.1896,95.2478,95.1546,95.2349,7996
2020-01-05 18:08:00,95.2349,95.4984,95.1964,95.4759,4090
2020-01-05 18:09:00,95.4759,95.511,95.327,95.381,9268
2020-01-05 18:10:00,95.381,95.4637,95.2377,95.2741,1300
2020-01-05 18:11:00,95.2741,95.2853,95.1693,95.2022,7489
2020-01-05 18:12:00,95.2022,95.2083,95.0951,95.2053,1748
2020-01-05 18:13:00,95.2053,95.2484,94.9438,95.041,221
2020-01-05 18:14:00,95.041,95.0638,95.0082,95.0431,4470
2020-01-05 18:15:00,95.0431,95.2358,95.0162,95.2041,9251
2020-01-05 18:16:00,95.2041,95.2276,95.1526,95.2185,3915
2020-01-05 18:17:00,95.2185,95.2444,95.1628,95.1906,4507
2020-01-05 18:18:00,95.1906,95.2045,95.1047,95.1318,1452
2020-01-05 18:19:00,95.1318,95.2492,95.0997,95.2172,5322
2020-01-05 18:20:00,95.2172,95.2607,95.0979,95.1386,787
2020-01-05 18:21:00,95.1386,95.3571,95.1104,95.3143,955
2020-01-05 18:22:00,95.3143,95.5042,95.3068,95.4985,4536
2020-01-05 18:23:00,95.4985,95.5727,95.4577,95.5231,121
2020-01-05 18:24:00,95.5231,95.5523,95.5207,95.522,7417
2020-01-05 18:25:00,95.522,95.6489,95.4596,95.6204,2104
2020-01-05 18:26:00,95.6204,95.8423,95.6165,95.7251,6812
2020-01-05 18:27:00,95.7251,95.7414,95.6438,95.6479,6913
2020-01-05 18:28:00,95.6479,95.6697,95.5819,95.5976,1069
2020-01-05 18:29:00,95.5976,95.6242,95.4493,95.4712,3878
2020-01-05 18:30:00,95.4712,95.5567,95.4554,95.5102,7434
2020-01-05 18:31:00,95.5102,95.6062,95.4935,95.5739,8636
2020-01-05 18:32:00,95.5739,95.6734,95.3948,95.4449,5680
2020-01-05 18:33:00,95.4449,95.5095,95.3633,95.4014,8177
2020-01-05 18:34:00,95.4014,95.5078,95.2409,95.2729,3431
2020-01-05 18:35:00,95.2729,95.2855,95.1649,95.1873,4395
2020-01-05 18:36:00,95.1873,95.2958,95.1796,95.2397,6248
2020-01-05 18:37:00,95.2397,95.2818,95.1635,95.1699,6543
2020-01-05 18:38:00,95.1699,95.2354,95.1084,95.1412,3407
2020-01-05 18:39:00,95.1412,95.1508,94.9684,94.9864,5966
2020-01-05 18:40:00,94.9864,95.05,94.9726,95.0042,639
2020-01-05 18:41:00,95.0042,95.0322,94.9508,95.0,5371
2020-01-05 18:42:00,95.0,95.0363,94.8918,94.9307,7272
2020-01-05 18:43:00,94.9307,94.9328,94.8432,94.9128,1588
2020-01-05 18:44:00,94.9128,94.9381,94.9061,94.9299,385
2020-01-05 18:45:00,94.9299,95.0199,94.8116,94.8525,5833
2020-01-05 18:46:00,94.8525,94.9434,94.689,94.7125,6582
2020-01-05 18:47:00,94.7125,94.8852,94.7065,94.8835,1337
2020-01-05 18:48:00,94.8835,94.8985,94.7739,94.8234,212
2020-01-05 18:49:00,94.8234,94.8683,94.7702,94.8142,4533
2020-01-05 18:50:00,94.8142,94.9269,94.8117,94.9101,8381
2020-01-05 18:51:00,94.9101,95.2731,94.85,95.245,7026
2020-01-05 18:52:00,95.245,95.2615,95.0308,95.1265,9791
2020-01-05 18:53:00,95.1265,95.2136,95.0372,95.1693,1153
2020-01-05 18:54:00,95.1693,95.2269,95.069,95.102,1663
2020-01-05 18:55:00,95.102,95.1399,95.0458,95.0507,8648
2020-01-05 18:56:00,95.0507,95.0942,94.9399,94.9823,3826
2020-01-05 18:57:00,94.9823,95.0423,94.8546,94.8753,6789
2020-01-05 18:58:00,94.8753,94.8952,94.8425,94.8714,4654
2020-01-05 18:59:00,94.8714,94.9417,94.7016,94.7315,8762
2020-01-05 19:00:00,94.7315,94.8391,94.6999,94.8212,3014
2020-01-05 19:01:00,94.8212,94.8368,94.7867,94.8264,3086
2020-01-05 19:02:00,94.8264,94.8668,94.7824,94.8665,2720
2020-01-05 19:03:00,94.8665,94.8676,94.813,94.8223,7269
2020-01-05 19:04:00,94.8223,94.8469,94.751,94.7875,9433
2020-01-05 19:05:00,94.7875,94.8921,94.7873,94.8147,4503
2020-01-05 19:06:00,94.8147,94.8288,94.6342,94.7043,4759
2020-01-05 19:07:00,94.7043,94.7088,94.6689,94.6704,1138
2020-01-05 19:08:00,94.6704,94.6888,94.589,94.5891,6667
2020-01-05 19:09:00,94.5891,94.73,94.4731,94.5048,154
2020-01-05 19:10:00,94.5048,94.5583,94.2479,94.3054,8213
2020-01-05 19:11:00,94.3054,94.4716,94.2418,94.4317,9593
2020-01-05 19:12:00,94.4317,94.4969,94.3142,94.3669,7512
2020-01-05 19:13:00,94.3669,94.4877,94.3521,94.4767,7225
2020-01-05 19:14:00,94.4767,94.5893,94.3275,94.5777,3567
2020-01-05 19:15:00,94.5777,94.5997,94.4437,94.456,1594
2020-01-05 19:16:00,94.456,94.4815,94.3475,94.3532,4233
2020-01-05 19:17:00,94.3532,94.6016,94.3241,94.5948,3803
2020-01-05 19:18:00,94.5948,94.7842,94.5486,94.7605,4965
2020-01-05 19:19:00,94.7605,94.7752,94.7494,94.7575,282
2020-01-05 19:20:00,94.7575,94.8347,94.7023,94.7819,1336
2020-01-05 19:21:00,94.7819,94.8139,94.6655,94.7221,8912
2020-01-05 19:22:00,94.7221,94.8048,94.6858,94.763,9836
2020-01-05 19:23:00,94.763,94.8145,94.64,94.6951,4227
2020-01-05 19:24:00,94.6951,94.7084,94.5021,94.5026,334
2020-01-05 19:25:00,94.5026,94.5101,94.3181,94.3777,172
2020-01-05 19:26:00,94.3777,94.4161,94.3153,94.3797,5867
2020-01-05 19:27:00,94.3797,94.3982,94.2347,94.273,1889
2020-01-05 19:28:00,94.273,94.2976,94.2665,94.2666,8919
2020-01-05 19:29:00,94.2666,94.3011,94.1433,94.1653,8959
2020-01-05 19:30:00,94.1653,94.1816,94.0762,94.0916,4123
2020-01-05 19:31:00,94.0916,94.2047,94.0735,94.1719,8885
2020-01-05 19:32:00,94.1719,94.2499,94.1513,94.1952,2360
2020-01-05 19:33:00,94.1952,94.2626,94.1367,94.1943,4362
2020-01-05 19:34:00,94.1943,94.2972,94.0741,94.2771,7488
2020-01-05 19:35:00,94.2771,94.3743,94.2586,94.3224,6645
2020-01-05 19:36:00,94.3224,94.4796,94.2998,94.4589,7034
2020-01-05 19:37:00,94.4589,94.5762,94.3966,94.4154,7556
2020-01-05 19:38:00,94.4154,94.4337,94.3683,94.3748,9260
2020-01-05 19:39:00,94.3748,94.3902,94.2213,94.2521,8470
2020-01-05 19:40:00,94.2521,94.2611,94.1891,94.2116,6414
2020-01-05 19:41:00,94.2116,94.3095,94.1894,94.3025,6217
2020-01-05 19:42:00,94.3025,94.462,94.2404,94.4251,2151
2020-01-05 19:43:00,94.4251,94.5226,94.4156,94.5158,4531
2020-01-05 19:44:00,94.5158,94.5666,94.3281,94.3462,8486
2020-01-05 19:45:00,94.3462,94.4632,94.231,94.4484,3040
2020-01-05 19:46:00,94.4484,94.5009,94.2693,94.2748,3728
2020-01-05 19:47:00,94.2748,94.3757,94.2627,94.3594,7734
2020-01-05 19:48:00,94.3594,94.3854,94.3164,94.3247,5563
2020-01-05 19:49:00,94.3247,94.3935,94.3186,94.391,9523
2020-01-05 19:50:00,94.391,94.4538,94.2441,94.2652,3798
2020-01-05 19:51:00,94.2652,94.3826,94.2254,94.3756,2059
2020-01-05 19:52:00,94.3756,94.3798,94.2092,94.2374,1626
2020-01-05 19:53:00,94.2374,94.3211,94.0916,94.1744,7939
2020-01-05 19:54:00,94.1744,94.2156,94.0193,94.0804,7029
2020-01-05 19:55:00,94.0804,94.1074,93.8296,93.9153,3619
2020-01-05 19:56:00,93.9153,94.0162,93.8563,93.9242,1795
2020-01-05 19:57:00,93.9242,94.1169,93.8322,94.0938,5996
2020-01-05 19:58:00,94.0938,94.4385,94.0359,94.3448,8090
2020-01-05 19:59:00,94.3448,94.3932,94.2627,94.3539,6566
2020-01-05 20:00:00,94.3539,94.5345,94.2694,94.4593,476
2020-01-05 20:01:00,94.4593,94.5026,94.4142,94.4812,878
2020-01-05 20:02:00,94.4812,94.6094,94.4123,94.5284,5375
2020-01-05 20:03:00,94.5284,94.5504,94.4831,94.496,3443
2020-01-05 20:04:00,94.496,94.5316,94.4754,94.5145,6092
2020-01-05 20:05:00,94.5145,94.6017,94.4917,94.5653,3695
2020-01-05 20:06:00,94.5653,94.5817,94.4228,94.5106,2599
2020-01-05 20:07:00,94.5106,94.5593,94.4466,94.5032,686
2020-01-05 20:08:00,94.5032,94.537,94.4929,94.4977,7589
2020-01-05 20:09:00,94.4977,94.6016,94.4817,94.5758,9346
2020-01-05 20:10:00,94.5758,94.6215,94.4287,94.475,3099
2020-01-05 20:11:00,94.475,94.4839,94.4471,94.4701,6844
2020-01-05 20:12:00,94.4701,94.6661,94.4512,94.6507,8901
2020-01-05 20:13:00,94.6507,94.8081,94.633,94.7609,9098
2020-01-05 20:14:00,94.7609,94.951,94.7558,94.8888,2583
2020-01-05 20:15:00,94.8888,94.9144,94.7915,94.8911,5895
2020-01-05 20:16:00,94.8911,94.9748,94.8291,94.9215,8009
2020-01-05 20:17:00,94.9215,95.0204,94.8233,95.0167,2799
2020-01-05 20:18:00,95.0167,95.1867,95.0083,95.1649,7584
2020-01-05 20:19:00,95.1649,95.1723,94.9366,94.9792,9643
2020-01-05 20:20:00,94.9792,94.9818,94.7828,94.8543,208
2020-01-05 20:21:00,94.8543,94.99,94.7646,94.9785,8817
2020-01-05 20:22:00,94.9785,95.0985,94.9442,94.9522,1598
2020-01-05 20:23:00,94.9522,95.0029,94.878,94.8884,6197
2020-01-05 20:24:00,94.8884,94.9285,94.7656,94.7694,9241
2020-01-05 20:25:00,94.7694,94.7765,94.6375,94.7168,1767
2020-01-05 20:26:00,94.7168,94.7256,94.5702,94.584,3284
2020-01-05 20:27:00,94.584,94.8119,94.5029,94.7817,7553
2020-01-05 20:28:00,94.7817,94.794,94.7716,94.7796,5047
2020-01-05 20:29:00,94.7796,94.8413,94.7248,94.7741,8897
2020-01-05 20:30:00,94.7741,94.8985,94.7506,94.8299,9916
2020-01-05 20:31:00,94.8299,94.9815,94.7982,94.9211,5017
2020-01-05 20:32:00,94.9211,95.0707,94.918,95.0109,7528
2020-01-05 20:33:00,95.0109,95.1287,94.9506,95.1129,6961
2020-01-05 20:34:00,95.1129,95.1412,95.0036,95.0529,4502
2020-01-05 20:35:00,95.0529,95.0595,94.9895,95.0246,1157
2020-01-05 20:36:00,95.0246,95.1478,95.0191,95.0977,6412
2020-01-05 20:37:00,95.0977,95.199,95.0106,95.0475,1468
2020-01-05 20:38:00,95.0475,95.0832,95.0414,95.047,8202
2020-01-05 20:39:00,95.047,95.099,95.0182,95.0849,5838
2020-01-05 20:40:00,95.0849,95.1758,95.0477,95.1596,9963
2020-01-05 20:41:00,95.1596,95.1683,94.9351,94.9904,4733
2020-01-05 20:42:00,94.9904,95.123,94.9532,95.0583,3838
2020-01-05 20:43:00,95.0583,95.0604,95.0351,95.0361,9219
2020-01-05 20:44:00,95.0361,95.1455,95.0292,95.1033,3725
2020-01-05 20:45:00,95.1033,95.2543,95.1029,95.1772,5300
2020-01-05 20:46:00,95.1772,95.3547,95.1541,95.3303,2836
2020-01-05 20:47:00,95.3303,95.4711,95.2922,95.4593,8996
2020-01-05 20:48:00,95.4593,95.6187,95.4181,95.5878,8574
2020-01-05 20:49:00,95.5878,95.7749,95.5709,95.7258,3783
2020-01-05 20:50:00,95.7258,95.7739,95.7132,95.7537,1070
2020-01-05 20:51:00,95.7537,95.7633,95.7304,95.7568,588
2020-01-05 20:52:00,95.7568,95.8412,95.7165,95.8404,7561
2020-01-05 20:53:00,95.8404,95.9274,95.8332,95.9105,8461
2020-01-05 20:54:00,95.9105,95.9219,95.8474,95.8809,7250
2020-01-05 20:55:00,95.8809,95.9749,95.8625,95.9197,9884
2020-01-05 20:56:00,95.9197,95.9745,95.8795,95.9164,8857
2020-01-05 20:57:00,95.9164,95.9398,95.7573,95.8344,9709
2020-01-05 20:58:00,95.8344,95.9664,95.8174,95.9581,7455
2020-01-05 20:59:00,95.9581,95.9708,95.9068,95.9634,8676
2020-01-05 21:00:00,95.9634,96.2019,95.9553,96.16,3235
2020-01-05 21:01:00,96.16,96.1624,95.9906,96.0037,4276
2020-01-05 21:02:00,96.0037,96.0268,95.8981,95.9503,7023
2020-01-05 21:03:00,95.9503,95.9877,95.9074,95.9534,3356
2020-01-05 21:04:00,95.9534,96.0867,95.9323,96.0625,7612
2020-01-05 21:05:00,96.0625,96.1153,96.0563,96.1009,8529
2020-01-05 21:06:00,96.1009,96.1428,96.0574,96.1307,7563
2020-01-05 21:07:00,96.1307,96.1371,95.9773,96.0224,6542
2020-01-05 21:08:00,96.0224,96.0378,95.9071,95.9113,4932
2020-01-05 21:09:00,95.9113,95.9648,95.9087,95.9422,2676
2020-01-05 21:10:00,95.9422,95.9461,95.7985,95.8113,2171
2020-01-05 21:11:00,95.8113,95.8302,95.6949,95.7604,8623
2020-01-05 21:12:00,95.7604,95.8092,95.7093,95.8083,3229
2020-01-05 21:13:00,95.8083,95.8852,95.681,95.7142,4384
2020-01-05 21:14:00,95.7142,95.8694,95.6626,95.8679,3635
2020-01-05 21:15:00,95.8679,95.9883,95.8547,95.9852,6465
2020-01-05 21:16:00,95.9852,95.9969,95.8237,95.8344,452
2020-01-05 21:17:00,95.8344,95.8628,95.6771,95.745,3222
2020-01-05 21:18:00,95.745,95.8023,95.5148,95.5262,5307
2020-01-05 21:19:00,95.5262,95.556,95.3916,95.4514,2131
2020-01-05 21:20:00,95.4514,95.5376,95.4242,95.5246,9151
2020-01-05 21:21:00,95.5246,95.5328,95.4616,95.485,3026
2020-01-05 21:22:00,95.485,95.5425,95.462,95.529,5925
2020-01-05 21:23:00,95.529,95.5293,95.3088,95.3836,4144
2020-01-05 21:24:00,95.3836,95.4812,95.3735,95.4597,7981
2020-01-05 21:25:00,95.4597,95.5059,95.2845,95.4067,7691
2020-01-05 21:26:00,95.4067,95.4305,95.3321,95.4079,4720
2020-01-05 21:27:00,95.4079,95.4367,95.3848,95.399,1270
2020-01-05 21:28:00,95.399,95.4069,95.2075,95.2777,5740
2020-01-05 21:29:00,95.2777,95.2973,95.1267,95.1679,5017
2020-01-05 21:30:00,95.1679,95.2879,95.1673,95.26,5345
2020-01-05 21:31:00,95.26,95.3553,95.1433,95.298,9897
2020-01-05 21:32:00,95.298,95.5138,95.2799,95.398,7406
2020-01-05 21:33:00,95.398,95.4542,95.3425,95.429,5901
2020-01-05 21:34:00,95.429,95.4724,95.3575,95.4427,6845
2020-01-05 21:35:00,95.4427,95.5352,95.2397,95.2779,8363
2020-01-05 21:36:00,95.2779,95.3156,95.2012,95.2522,2392
2020-01-05 21:37:00,95.2522,95.2665,95.2272,95.2496,4774
2020-01-05 21:38:00,95.2496,95.4388,95.1926,95.4356,9525
2020-01-05 21:39:00,95.4356,95.5409,95.4182,95.5011,293
2020-01-05 21:40:00,95.5011,95.69,95.4727,95.6478,9021
2020-01-05 21:41:00,95.6478,95.7321,95.628,95.705,8327
2020-01-05 21:42:00,95.705,95.7296,95.5839,95.6369,5297
2020-01-05 21:43:00,95.6369,95.698,95.5753,95.6481,7288
2020-01-05 21:44:00,95.6481,95.7339,95.5694,95.6707,8536
2020-01-05 21:45:00,95.6707,95.7179,95.5173,95.5809,3566
2020-01-05 21:46:00,95.5809,95.5866,95.4662,95.5441,5312
2020-01-05 21:47:00,95.5441,95.5544,95.4915,95.5245,8220
2020-01-05 21:48:00,95.5245,95.7172,95.384,95.6778,6045
2020-01-05 21:49:00,95.6778,95.7479,95.4507,95.4788,5595
2020-01-05 21:50:00,95.4788,95.6399,95.4028,95.5939,6419
2020-01-05 21:51:00,95.5939,95.5959,95.5015,95.5043,1881
2020-01-05 21:52:00,95.5043,95.5477,95.371,95.3733,9507
2020-01-05 21:53:00,95.3733,95.5043,95.3706,95.4858,715
2020-01-05 21:54:00,95.4858,95.567,95.4839,95.5557,4263
2020-01-05 21:55:00,95.5557,95.7097,95.5379,95.6756,5374
2020-01-05 21:56:00,95.6756,95.7873,95.606,95.7522,8745
2020-01-05 21:57:00,95.7522,95.9877,95.7486,95.9494,1631
2020-01-05 21:58:00,95.9494,96.0172,95.9006,96.0031,4661
2020-01-05 21:59:00,96.0031,96.0325,95.901,95.988,6671
2020-01-05 22:00:00,95.988,96.0742,95.9766,96.0209,1875
2020-01-05 22:01:00,96.0209,96.1454,96.0147,96.1403,7236
2020-01-05 22:02:00,96.1403,96.165,96.0414,96.0654,9441
2020-01-05 22:03:00,96.0654,96.1299,95.9311,96.0028,3806
2020-01-05 22:04:00,96.0028,96.0342,95.9498,95.9731,5255
2020-01-05 22:05:00,95.9731,96.0033,95.738,95.7711,7505
2020-01-05 22:06:00,95.7711,95.7872,95.7317,95.7844,5446
2020-01-05 22:07:00,95.7844,95.8726,95.5879,95.6037,182
2020-01-05 22:08:00,95.6037,95.6627,95.5573,95.6088,9815
2020-01-05 22:09:00,95.6088,95.8235,95.5471,95.6915,6894
2020-01-05 22:10:00,95.6915,95.7864,95.6208,95.6459,5036
2020-01-05 22:11:00,95.6459,95.8315,95.6002,95.8063,1207
2020-01-05 22:12:00,95.8063,95.8315,95.6369,95.6664,2174
2020-01-05 22:13:00,95.6664,95.8109,95.6168,95.7803,7837
2020-01-05 22:14:00,95.7803,95.8521,95.7397,95.845,4574
2020-01-05 22:15:00,95.845,95.9663,95.6642,95.6805,8672
2020-01-05 22:16:00,95.6805,95.9738,95.5753,95.9399,736
2020-01-05 22:17:00,95.9399,95.9519,95.9272,95.9338,899
2020-01-05 22:18:00,95.9338,95.936,95.7031,95.8496,4112
2020-01-05 22:19:00,95.8496,95.8506,95.7012,95.7147,382
2020-01-05 22:20:00,95.7147,95.7383,95.6712,95.6937,4409
2020-01-05 22:21:00,95.6937,95.695,95.6434,95.6815,9471
2020-01-05 22:22:00,95.6815,95.781,95.6599,95.6913,2146
2020-01-05 22:23:00,95.6913,95.7964,95.6102,95.6628,6773
2020-01-05 22:24:00,95.6628,95.7808,95.6361,95.7234,954
2020-01-05 22:25:00,95.7234,95.7849,95.6384,95.6863,716
2020-01-05 22:26:00,95.6863,95.7028,95.4944,95.5011,3330
2020-01-05 22:27:00,95.5011,95.5124,95.4498,95.4869,2188
2020-01-05 22:28:00,95.4869,95.5384,95.252,95.2608,3973
2020-01-05 22:29:00,95.2608,95.3974,95.2236,95.2945,7772
2020-01-05 22:30:00,95.2945,95.3183,95.1976,95.2012,4714
2020-01-05 22:31:00,95.2012,95.3005,95.1882,95.2167,9320
2020-01-05 22:32:00,95.2167,95.3554,95.2095,95.3418,1144
2020-01-05 22:33:00,95.3418,95.3644,95.1537,95.2514,745
2020-01-05 22:34:00,95.2514,95.3563,95.2342,95.3525,1040
2020-01-05 22:35:00,95.3525,95.3813,95.219,95.3111,442
2020-01-05 22:36:00,95.3111,95.5141,95.2627,95.4782,1766
2020-01-05 22:37:00,95.4782,95.5078,95.3953,95.4434,2564
2020-01-05 22:38:00,95.4434,95.4651,95.2688,95.3632,137
2020-01-05 22:39:00,95.3632,95.455,95.3297,95.4287,4531
2020-01-05 22:40:00,95.4287,95.4371,95.3663,95.3871,350
2020-01-05 22:41:00,95.3871,95.4144,95.2819,95.3069,5107
2020-01-05 22:42:00,95.3069,95.3125,95.2611,95.2613,7338
2020-01-05 22:43:00,95.2613,95.2852,95.2562,95.2571,363
2020-01-05 22:44:00,95.2571,95.4887,95.2124,95.3849,6627
2020-01-05 22:45:00,95.3849,95.4037,95.0862,95.2004,5986
2020-01-05 22:46:00,95.2004,95.2173,95.1029,95.2026,9706
2020-01-05 22:47:00,95.2026,95.2651,95.1565,95.2621,5205
2020-01-05 22:48:00,95.2621,95.2877,95.2537,95.2805,1721
2020-01-05 22:49:00,95.2805,95.5278,95.273,95.4054,1853
2020-01-05 22:50:00,95.4054,95.4263,95.3555,95.3983,8853
2020-01-05 22:51:00,95.3983,95.4836,95.3752,95.3807,3682
2020-01-05 22:52:00,95.3807,95.4378,95.3733,95.4372,1257
2020-01-05 22:53:00,95.4372,95.4613,95.3114,95.4466,5608
2020-01-05 22:54:00,95.4466,95.4474,95.3696,95.4094,4256
2020-01-05 22:55:00,95.4094,95.4755,95.3738,95.4586,3935
2020-01-05 22:56:00,95.4586,95.4901,95.3651,95.3963,5961
2020-01-05 22:57:00,95.3963,95.4072,95.2927,95.338,3203
2020-01-05 22:58:00,95.338,95.3583,95.2125,95.2877,4852
2020-01-05 22:59:00,95.2877,95.4966,95.2816,95.4166,1145
2020-01-05 23:00:00,95.4166,95.4646,94.971,95.1093,8115
2020-01-05 23:01:00,95.1093,95.2582,95.0546,95.1469,2957
2020-01-05 23:02:00,95.1469,95.1814,95.0632,95.1502,1202
2020-01-05 23:03:00,95.1502,95.2299,94.9216,94.9902,7403
2020-01-05 23:04:00,94.9902,95.0572,94.9671,95.0196,6545
2020-01-05 23:05:00,95.0196,95.0817,95.005,95.0648,6102
2020-01-05 23:06:00,95.0648,95.1557,94.9722,95.1209,8678
2020-01-05 23:07:00,95.1209,95.1452,94.8335,94.8687,1712
2020-01-05 23:08:00,94.8687,95.0025,94.8547,94.9983,1665
2020-01-05 23:09:00,94.9983,95.0415,94.8941,94.9282,3455
2020-01-05 23:10:00,94.9282,95.0271,94.9116,94.9934,2607
2020-01-05 23:11:00,94.9934,95.1431,94.9317,95.0638,2300
2020-01-05 23:12:00,95.0638,95.1296,94.9547,94.9804,4104
2020-01-05 23:13:00,94.9804,95.1353,94.9642,95.0432,5910
2020-01-05 23:14:00,95.0432,95.0907,94.9714,95.0065,9098
2020-01-05 23:15:00,95.0065,95.0108,94.7424,94.8097,3883
2020-01-05 23:16:00,94.8097,94.9396,94.7699,94.9204,740
2020-01-05 23:17:00,94.9204,94.9445,94.8119,94.8469,6025
2020-01-05 23:18:00,94.8469,94.8533,94.7632,94.7658,4186
2020-01-05 23:19:00,94.7658,94.7681,94.7113,94.7276,2199
2020-01-05 23:20:00,94.7276,94.8129,94.7128,94.7534,7967
2020-01-05 23:21:00,94.7534,94.8467,94.7165,94.748,7998
2020-01-05 23:22:00,94.748,94.8094,94.6973,94.7999,8533
2020-01-05 23:23:00,94.7999,94.84,94.6441,94.6729,5889
2020-01-05 23:24:00,94.6729,94.6988,94.5867,94.6027,3849
2020-01-05 23:25:00,94.6027,94.6113,94.5624,94.5917,4846
2020-01-05 23:26:00,94.5917,94.82,94.5391,94.7712,9726
2020-01-05 23:27:00,94.7712,94.8271,94.7289,94.7604,7295
2020-01-05 23:28:00,94.7604,94.9627,94.7499,94.8633,1533
2020-01-05 23:29:00,94.8633,94.8813,94.8572,94.8669,6602
2020-01-05 23:30:00,94.8669,94.9064,94.7853,94.821,9731
2020-01-05 23:31:00,94.821,94.8597,94.7772,94.7976,4377
2020-01-05 23:32:00,94.7976,94.8535,94.7463,94.7817,4987
2020-01-05 23:33:00,94.7817,94.8909,94.7639,94.8389,8203
2020-01-05 23:34:00,94.8389,95.0074,94.8338,94.9693,6033
2020-01-05 23:35:00,94.9693,95.082,94.9241,95.0034,7607
2020-01-05 23:36:00,95.0034,95.1282,94.9675,95.1162,4548
2020-01-05 23:37:00,95.1162,95.2323,94.9804,95.0244,8768
2020-01-05 23:38:00,95.0244,95.0819,94.984,94.985,9610
2020-01-05 23:39:00,94.985,94.9996,94.9137,94.9162,5428
2020-01-05 23:40:00,94.9162,95.0339,94.9064,94.9461,5294
2020-01-05 23:41:00,94.9461,94.9611,94.8935,94.912,5450
2020-01-05 23:42:00,94.912,95.006,94.873,94.9812,5796
2020-01-05 23:43:00,94.9812,95.0004,94.8161,94.8928,3757
2020-01-05 23:44:00,94.8928,94.9822,94.8262,94.8969,9580
2020-01-05 23:45:00,94.8969,95.0026,94.8736,94.9621,368
2020-01-05 23:46:00,94.9621,94.9643,94.7599,94.766,3035
2020-01-05 23:47:00,94.766,95.0002,94.7596,94.967,9313
2020-01-05 23:48:00,94.967,95.0402,94.8881,94.9401,189
2020-01-05 23:49:00,94.9401,94.9822,94.6563,94.7479,2025
2020-01-05 23:50:00,94.7479,94.7848,94.7403,94.7629,3347
2020-01-05 23:51:00,94.7629,94.7795,94.7554,94.766,1248
2020-01-05 23:52:00,94.766,94.7862,94.705,94.7583,9894
2020-01-05 23:53:00,94.7583,94.8847,94.6899,94.8522,5397
2020-01-05 23:54:00,94.8522,94.9708,94.768,94.9231,8296
2020-01-05 23:55:00,94.9231,94.9531,94.8853,94.9514,6032
2020-01-05 23:56:00,94.9514,95.0493,94.8521,94.9941,3161
2020-01-05 23:57:00,94.9941,95.0705,94.9329,94.9842,530
2020-01-05 23:58:00,94.9842,95.1907,94.9641,95.1528,8681
2020-01-05 23:59:00,95.1528,95.1542,95.0001,95.0121,8115
2020-01-06 00:00:00,95.0121,95.0382,94.9594,95.0253,3642
2020-01-06 00:01:00,95.0253,95.0321,94.9745,95.0315,1473
2020-01-06 00:02:00,95.0315,95.1576,94.9926,95.1088,4939
2020-01-06 00:03:00,95.1088,95.11,94.9367,95.0286,4279
2020-01-06 00:04:00,95.0286,95.092,94.8261,94.8629,552
2020-01-06 00:05:00,94.8629,94.8836,94.8244,94.8777,8614
2020-01-06 00:06:00,94.8777,94.9821,94.877,94.9044,4114
2020-01-06 00:07:00,94.9044,95.0849,94.8568,95.0458,6149
2020-01-06 00:08:00,95.0458,95.0897,94.86,94.925,5758
2020-01-06 00:09:00,94.925,95.0381,94.9237,95.0347,9420
2020-01-06 00:10:00,95.0347,95.2994,95.0164,95.2596,9401
2020-01-06 00:11:00,95.2596,95.2626,95.1806,95.2237,2650
2020-01-06 00:12:00,95.2237,95.2732,95.0207,95.1007,8797
2020-01-06 00:13:00,95.1007,95.1318,95.0541,95.062,7128
2020-01-06 00:14:00,95.062,95.1814,95.0582,95.0634,9471
2020-01-06 00:15:00,95.0634,95.1737,95.044,95.1169,595
2020-01-06 00:16:00,95.1169,95.1266,95.0037,95.0607,5136
2020-01-06 00:17:00,95.0607,95.2408,95.0512,95.2085,7237
2020-01-06 00:18:00,95.2085,95.2182,95.0662,95.1024,485
2020-01-06 00:19:00,95.1024,95.156,94.9202,94.937,3714
2020-01-06 00:20:00,94.937,95.1041,94.9266,95.0421,4871
2020-01-06 00:21:00,95.0421,95.09,94.7818,94.8259,7380
2020-01-06 00:22:00,94.8259,94.8373,94.7902,94.8065,1996
2020-01-06 00:23:00,94.8065,95.1151,94.761,95.1021,7108
2020-01-06 00:24:00,95.1021,95.1611,95.0539,95.101,3617
2020-01-06 00:25:00,95.101,95.1412,94.9873,94.9944,910
2020-01-06 00:26:00,94.9944,95.0639,94.9458,94.9889,982
2020-01-06 00:27:00,94.9889,95.0005,94.9063,94.9841,9694
2020-01-06 00:28:00,94.9841,95.0073,94.8997,94.9994,3894
2020-01-06 00:29:00,94.9994,95.1152,94.9982,95.0623,9580
2020-01-06 00:30:00,95.0623,95.1113,94.9403,94.9635,5407
2020-01-06 00:31:00,94.9635,95.1865,94.9495,95.1238,9189
2020-01-06 00:32:00,95.1238,95.2003,95.0758,95.1471,8221
2020-01-06 00:33:00,95.1471,95.2536,95.1159,95.2162,9508
2020-01-06 00:34:00,95.2162,95.2693,95.1095,95.1564,5329
2020-01-06 00:35:00,95.1564,95.307,95.1081,95.2788,3055
2020-01-06 00:36:00,95.2788,95.3513,95.2395,95.2543,3053
2020-01-06 00:37:00,95.2543,95.3061,95.2072,95.2808,3670
2020-01-06 00:38:00,95.2808,95.3068,95.185,95.1919,5842
2020-01-06 00:39:00,95.1919,95.2771,95.0219,95.097,5284
2020-01-06 00:40:00,95.097,95.1765,95.0472,95.1624,1188
2020-01-06 00:41:00,95.1624,95.17,95.0873,95.1202,416
2020-01-06 00:42:00,95.1202,95.1378,95.0224,95.039,6338
2020-01-06 00:43:00,95.039,95.1146,94.9723,94.9779,8070
2020-01-06 00:44:00,94.9779,95.0613,94.9273,95.0442,494
2020-01-06 00:45:00,95.0442,95.0637,94.9274,94.9845,5415
2020-01-06 00:46:00,94.9845,95.0222,94.9536,94.9733,9865
2020-01-06 00:47:00,94.9733,94.9782,94.9484,94.9747,1162
2020-01-06 00:48:00,94.9747,95.0211,94.7758,94.7926,2523
2020-01-06 00:49:00,94.7926,94.8414,94.6166,94.6532,4651
2020-01-06 00:50:00,94.6532,94.7706,94.5831,94.685,4471
2020-01-06 00:51:00,94.685,94.6916,94.6149,94.6152,5774
2020-01-06 00:52:00,94.6152,94.7441,94.5741,94.7152,3681
2020-01-06 00:53:00,94.7152,94.823,94.6273,94.8068,6648
2020-01-06 00:54:00,94.8068,94.909,94.8037,94.8749,4358
2020-01-06 00:55:00,94.8749,95.079,94.8173,95.0476,9934
2020-01-06 00:56:00,95.0476,95.0897,95.0092,95.0397,4995
2020-01-06 00:57:00,95.0397,95.1024,94.9206,95.1014,7047
2020-01-06 00:58:00,95.1014,95.1324,94.9796,95.0458,7884
2020-01-06 00:59:00,95.0458,95.3009,95.0289,95.2789,7336
2020-01-06 01:00:00,95.2789,95.5001,95.2404,95.4679,5328
2020-01-06 01:01:00,95.4679,95.5262,95.4522,95.469,1642
2020-01-06 01:02:00,95.469,95.51,95.4192,95.5059,2999
2020-01-06 01:03:00,95.5059,95.6713,95.4516,95.6357,1578
2020-01-06 01:04:00,95.6357,95.7088,95.5494,95.6217,9303
2020-01-06 01:05:00,95.6217,95.6751,95.4725,95.5589,9723
2020-01-06 01:06:00,95.5589,95.696,95.5306,95.6424,8748
2020-01-06 01:07:00,95.6424,95.6591,95.5913,95.6499,5110
2020-01-06 01:08:00,95.6499,95.7054,95.6329,95.6674,4151
2020-01-06 01:09:00,95.6674,95.6776,95.52,95.5876,3676
2020-01-06 01:10:00,95.5876,95.6454,95.3791,95.4234,7935
2020-01-06 01:11:00,95.4234,95.4604,95.3494,95.4459,8195
2020-01-06 01:12:00,95.4459,95.5445,95.3778,95.5323,6753
2020-01-06 01:13:00,95.5323,95.5602,95.4018,95.5107,2392
2020-01-06 01:14:00,95.5107,95.654,95.4834,95.6479,4979
2020-01-06 01:15:00,95.6479,95.6843,95.505,95.5806,7305
2020-01-06 01:16:00,95.5806,95.612,95.4652,95.4798,1238
2020-01-06 01:17:00,95.4798,95.5425,95.4352,95.4734,2645
2020-01-06 01:18:00,95.4734,95.543,95.3989,95.4655,9652
2020-01-06 01:19:00,95.4655,95.55,95.3991,95.539,3290
2020-01-06 01:20:00,95.539,95.5507,95.4371,95.4649,8347
2020-01-06 01:21:00,95.4649,95.6222,95.424,95.5955,4619
2020-01-06 01:22:00,95.5955,95.8119,95.5917,95.7836,5077
2020-01-06 01:23:00,95.7836,95.8511,95.7175,95.7798,6804
2020-01-06 01:24:00,95.7798,95.939,95.7684,95.8995,6291
2020-01-06 01:25:00,95.8995,95.9141,95.7589,95.7982,5865
2020-01-06 01:26:00,95.7982,95.9317,95.7463,95.9012,8529
2020-01-06 01:27:00,95.9012,96.0376,95.8739,96.0016,3139
2020-01-06 01:28:00,96.0016,96.1006,95.918,96.0845,8680
2020-01-06 01:29:00,96.0845,96.1469,96.0157,96.083,8976
2020-01-06 01:30:00,96.083,96.1658,95.7904,95.7992,4083
2020-01-06 01:31:00,95.7992,95.8704,95.7363,95.7377,286
2020-01-06 01:32:00,95.7377,95.7593,95.6254,95.6778,3528
2020-01-06 01:33:00,95.6778,95.6885,95.5425,95.5842,7858
2020-01-06 01:34:00,95.5842,95.6053,95.5478,95.5959,6854
2020-01-06 01:35:00,95.5959,95.6321,95.5343,95.5558,3488
2020-01-06 01:36:00,95.5558,95.6398,95.4239,95.477,5169
2020-01-06 01:37:00,95.477,95.5043,95.3061,95.3759,3034
2020-01-06 01:38:00,95.3759,95.4292,95.2801,95.3077,4471
2020-01-06 01:39:00,95.3077,95.4884,95.289,95.4146,7034
2020-01-06 01:40:00,95.4146,95.4998,95.3152,95.3515,6087
2020-01-06 01:41:00,95.3515,95.3996,95.2413,95.3024,6959
2020-01-06 01:42:00,95.3024,95.3142,95.222,95.2589,4069
2020-01-06 01:43:00,95.2589,95.3655,95.2178,95.2912,2851
2020-01-06 01:44:00,95.2912,95.3877,95.1922,95.3347,8273
2020-01-06 01:45:00,95.3347,95.3755,95.0298,95.0444,1675
2020-01-06 01:46:00,95.0444,95.1688,94.9986,95.1415,6603
2020-01-06 01:47:00,95.1415,95.3391,95.0859,95.2782,1359
2020-01-06 01:48:00,95.2782,95.3472,95.1737,95.1781,1156
2020-01-06 01:49:00,95.1781,95.1835,95.0609,95.0856,5760
2020-01-06 01:50:00,95.0856,95.107,95.0217,95.0427,8836
2020-01-06 01:51:00,95.0427,95.1501,94.9534,94.9709,6343
2020-01-06 01:52:00,94.9709,95.0264,94.9424,94.9922,6900
2020-01-06 01:53:00,94.9922,95.0043,94.7987,94.8072,429
2020-01-06 01:54:00,94.8072,94.8719,94.632,94.7013,2269
2020-01-06 01:55:00,94.7013,94.8613,94.6773,94.847,9870
2020-01-06 01:56:00,94.847,94.871,94.7455,94.759,3106
2020-01-06 01:57:00,94.759,94.8806,94.6903,94.8768,5940
2020-01-06 01:58:00,94.8768,94.9598,94.8114,94.9105,7245
2020-01-06 01:59:00,94.9105,95.0051,94.7135,94.7388,2623
2020-01-06 02:00:00,94.7388,94.8126,94.6734,94.799,4322
2020-01-06 02:01:00,94.799,94.8646,94.7491,94.7878,3015
2020-01-06 02:02:00,94.7878,94.8121,94.7179,94.7447,5774
2020-01-06 02:03:00,94.7447,94.8411,94.7179,94.7679,2056
2020-01-06 02:04:00,94.7679,94.8799,94.754,94.8129,6289
2020-01-06 02:05:00,94.8129,94.8831,94.7666,94.8799,2172
2020-01-06 02:06:00,94.8799,95.0187,94.8264,94.9917,972
2020-01-06 02:07:00,94.9917,95.0442,94.9421,95.0305,7597
2020-01-06 02:08:00,95.0305,95.1571,94.8704,94.8998,6104
2020-01-06 02:09:00,94.8998,94.9887,94.8527,94.8548,6537
2020-01-06 02:10:00,94.8548,95.14,94.8104,95.134,7433
2020-01-06 02:11:00,95.134,95.2319,95.1209,95.2029,8548
2020-01-06 02:12:00,95.2029,95.4341,95.1684,95.4285,5017
2020-01-06 02:13:00,95.4285,95.5733,95.3717,95.5616,4132
2020-01-06 02:14:00,95.5616,95.6442,95.5465,95.5848,3360
2020-01-06 02:15:00,95.5848,95.6174,95.5521,95.6136,7266
2020-01-06 02:16:00,95.6136,95.6768,95.5901,95.6101,8985
2020-01-06 02:17:00,95.6101,95.6961,95.4088,95.4439,7542
2020-01-06 02:18:00,95.4439,95.4851,95.3474,95.4456,4137
2020-01-06 02:19:00,95.4456,95.6269,95.4454,95.5612,7301
2020-01-06 02:20:00,95.5612,95.588,95.4964,95.5039,655
2020-01-06 02:21:00,95.5039,95.6242,95.4694,95.5432,5709
2020-01-06 02:22:00,95.5432,95.6576,95.4852,95.6246,6742
2020-01-06 02:23:00,95.6246,95.6457,95.4852,95.5376,9569
2020-01-06 02:24:00,95.5376,95.5523,95.4655,95.4945,5328
2020-01-06 02:25:00,95.4945,95.5091,95.31,95.3973,9239
2020-01-06 02:26:00,95.3973,95.4267,95.304,95.3189,4680
2020-01-06 02:27:00,95.3189,95.3521,95.1467,95.1961,4473
2020-01-06 02:28:00,95.1961,95.2365,94.9917,95.1104,497
2020-01-06 02:29:00,95.1104,95.2485,95.0545,95.2454,321
2020-01-06 02:30:00,95.2454,95.3102,95.1442,95.1582,2465
2020-01-06 02:31:00,95.1582,95.1894,95.0616,95.1702,1877
2020-01-06 02:32:00,95.1702,95.1903,95.0938,95.1224,4160
2020-01-06 02:33:00,95.1224,95.2448,95.1075,95.2345,4054
2020-01-06 02:34:00,95.2345,95.4484,95.1873,95.3594,5828
2020-01-06 02:35:00,95.3594,95.5164,95.3586,95.4418,874
2020-01-06 02:36:00,95.4418,95.5768,95.4033,95.471,439
2020-01-06 02:37:00,95.471,95.5059,95.3486,95.4489,106
2020-01-06 02:38:00,95.4489,95.4829,95.2745,95.3352,1396
2020-01-06 02:39:00,95.3352,95.5709,95.3192,95.5205,387
2020-01-06 02:40:00,95.5205,95.5673,95.4468,95.4479,992
2020-01-06 02:41:00,95.4479,95.5567,95.4451,95.5112,7090
2020-01-06 02:42:00,95.5112,95.6346,95.4688,95.6124,9008
2020-01-06 02:43:00,95.6124,95.6305,95.5366,95.5594,4379
2020-01-06 02:44:00,95.5594,95.6959,95.5261,95.6586,1953
2020-01-06 02:45:00,95.6586,95.752,95.5921,95.7317,669
2020-01-06 02:46:00,95.7317,95.9152,95.7247,95.8971,4818
2020-01-06 02:47:00,95.8971,95.9359,95.8373,95.8521,8934
2020-01-06 02:48:00,95.8521,95.9165,95.6588,95.7288,3772
2020-01-06 02:49:00,95.7288,95.8314,95.6721,95.6804,7091
2020-01-06 02:50:00,95.6804,95.7211,95.6484,95.7004,6873
2020-01-06 02:51:00,95.7004,95.7505,95.6596,95.706,2651
2020-01-06 02:52:00,95.706,95.7182,95.6414,95.6683,209
2020-01-06 02:53:00,95.6683,95.7093,95.4464,95.4857,3750
2020-01-06 02:54:00,95.4857,95.6269,95.469,95.5306,3319
2020-01-06 02:55:00,95.5306,95.7341,95.5148,95.719,831
2020-01-06 02:56:00,95.719,95.7948,95.6603,95.7635,5793
2020-01-06 02:57:00,95.7635,95.8865,95.7537,95.8218,8859
2020-01-06 02:58:00,95.8218,95.918,95.787,95.8766,5656
2020-01-06 02:59:00,95.8766,95.9201,95.853,95.9147,7204
2020-01-06 03:00:00,95.9147,96.1515,95.8987,96.0041,9649
2020-01-06 03:01:00,96.0041,96.1466,95.9415,96.042,7363
2020-01-06 03:02:00,96.042,96.1078,95.9947,96.012,1171
2020-01-06 03:03:00,96.012,96.0309,95.93,95.9356,8073
2020-01-06 03:04:00,95.9356,96.0131,95.8463,95.9117,7545
2020-01-06 03:05:00,95.9117,95.9671,95.875,95.9418,5171
2020-01-06 03:06:00,95.9418,95.9551,95.8954,95.9115,7470
2020-01-06 03:07:00,95.9115,95.9914,95.8606,95.9416,2346
2020-01-06 03:08:00,95.9416,96.0664,95.8782,95.9838,2020
2020-01-06 03:09:00,95.9838,96.132,95.9436,96.0637,6112
2020-01-06 03:10:00,96.0637,96.2334,96.026,96.187,8415
2020-01-06 03:11:00,96.187,96.2488,96.178,96.1945,6443
2020-01-06 03:12:00,96.1945,96.2133,96.0672,96.0687,174
2020-01-06 03:13:00,96.0687,96.1001,95.9642,96.0355,2088
2020-01-06 03:14:00,96.0355,96.0499,95.927,96.0398,8448
2020-01-06 03:15:00,96.0398,96.0738,95.854,95.8634,7387
2020-01-06 03:16:00,95.8634,95.9983,95.8117,95.9966,3183
2020-01-06 03:17:00,95.9966,96.0453,95.9024,96.0102,3918
2020-01-06 03:18:00,96.0102,96.0962,95.9529,96.0468,3791
2020-01-06 03:19:00,96.0468,96.201,96.046,96.178,5339
2020-01-06 03:20:00,96.178,96.2082,96.0825,96.1174,8374
2020-01-06 03:21:00,96.1174,96.1816,96.0743,96.1726,3165
2020-01-06 03:22:00,96.1726,96.2383,96.1517,96.162,8054
2020-01-06 03:23:00,96.162,96.1745,96.1287,96.1443,2333
2020-01-06 03:24:00,96.1443,96.1589,96.0547,96.0701,2190
2020-01-06 03:25:00,96.0701,96.2619,96.0653,96.2301,5728
2020-01-06 03:26:00,96.2301,96.2364,96.1738,96.1939,4268
2020-01-06 03:27:00,96.1939,96.2653,96.153,96.2612,4112
2020-01-06 03:28:00,96.2612,96.3825,96.0332,96.0807,1977
2020-01-06 03:29:00,96.0807,96.1949,96.0508,96.1941,7286
2020-01-06 03:30:00,96.1941,96.3833,96.1757,96.2953,6408
2020-01-06 03:31:00,96.2953,96.3635,96.2747,96.3047,2414
2020-01-06 03:32:00,96.3047,96.369,96.2675,96.2829,9755
2020-01-06 03:33:00,96.2829,96.3716,96.2398,96.3214,5347
2020-01-06 03:34:00,96.3214,96.5683,96.285,96.5418,4092
2020-01-06 03:35:00,96.5418,96.5653,96.3457,96.3716,3014
2020-01-06 03:36:00,96.3716,96.479,96.363,96.447,9633
2020-01-06 03:37:00,96.447,96.4577,96.3383,96.359,4034
2020-01-06 03:38:00,96.359,96.4506,96.3375,96.3571,2801
2020-01-06 03:39:00,96.3571,96.3611,96.3235,96.3332,4144
2020-01-06 03:40:00,96.3332,96.3486,96.2327,96.292,133
2020-01-06 03:41:00,96.292,96.3078,96.2891,96.291,2245
2020-01-06 03:42:00,96.291,96.2939,96.1389,96.1818,6559
2020-01-06 03:43:00,96.1818,96.2899,96.1396,96.2807,7587
2020-01-06 03:44:00,96.2807,96.3176,96.0897,96.108,9571
2020-01-06 03:45:00,96.108,96.2356,96.0569,96.1599,5773
2020-01-06 03:46:00,96.1599,96.1716,96.0369,96.1285,504
2020-01-06 03:47:00,96.1285,96.201,96.0007,96.0159,4811
2020-01-06 03:48:00,96.0159,96.1034,95.9827,96.0354,2024
2020-01-06 03:49:00,96.0354,96.0762,95.7773,95.8858,7721
2020-01-06 03:50:00,95.8858,95.9154,95.8255,95.8896,981
2020-01-06 03:51:00,95.8896,95.969,95.7488,95.7532,6123
2020-01-06 03:52:00,95.7532,95.8892,95.705,95.7974,3002
2020-01-06 03:53:00,95.7974,95.8036,95.6112,95.7088,9889
2020-01-06 03:54:00,95.7088,95.7552,95.6371,95.6657,1345
2020-01-06 03:55:00,95.6657,95.7067,95.6195,95.6938,8731
2020-01-06 03:56:00,95.6938,95.8419,95.6185,95.6198,5467
2020-01-06 03:57:00,95.6198,95.6949,95.5663,95.6143,215
2020-01-06 03:58:00,95.6143,95.6368,95.4448,95.4696,4600
2020-01-06 03:59:00,95.4696,95.5973,95.4574,95.5298,9570
2020-01-06 04:00:00,95.5298,95.7044,95.4993,95.6984,396
2020-01-06 04:01:00,95.6984,96.0233,95.6663,95.9656,7792
2020-01-06 04:02:00,95.9656,95.9796,95.9315,95.9744,3048
2020-01-06 04:03:00,95.9744,96.1437,95.9741,96.05,8227
2020-01-06 04:04:00,96.05,96.0797,95.7915,95.879,2705
2020-01-06 04:05:00,95.879,96.0817,95.7968,96.0231,6577
2020-01-06 04:06:00,96.0231,96.116,96.0128,96.0976,8021
2020-01-06 04:07:00,96.0976,96.1041,95.921,96.0511,1194
2020-01-06 04:08:00,96.0511,96.1778,96.0197,96.1699,5201
2020-01-06 04:09:00,96.1699,96.1786,96.1353,96.1454,1174
2020-01-06 04:10:00,96.1454,96.1473,96.0799,96.1014,115
2020-01-06 04:11:00,96.1014,96.184,96.0044,96.1471,1627
2020-01-06 04:12:00,96.1471,96.2064,95.9956,96.0448,8342
2020-01-06 04:13:00,96.0448,96.1821,95.9216,96.143,3299
2020-01-06 04:14:00,96.143,96.1578,95.9411,96.0414,9895
2020-01-06 04:15:00,96.0414,96.0847,95.9268,95.9406,7900
2020-01-06 04:16:00,95.9406,96.0088,95.8483,95.8533,2092
2020-01-06 04:17:00,95.8533,96.0206,95.8114,95.9261,3053
2020-01-06 04:18:00,95.9261,95.937,95.766,95.867,6571
2020-01-06 04:19:00,95.867,95.8907,95.7194,95.7377,5922
2020-01-06 04:20:00,95.7377,95.7723,95.5773,95.6797,1031
2020-01-06 04:21:00,95.6797,95.7074,95.6685,95.6767,2115
2020-01-06 04:22:00,95.6767,95.713,95.5421,95.5637,6544
2020-01-06 04:23:00,95.5637,95.6051,95.438,95.4536,7518
2020-01-06 04:24:00,95.4536,95.6883,95.3954,95.6552,6505
2020-01-06 04:25:00,95.6552,95.7116,95.5527,95.5728,2238
2020-01-06 04:26:00,95.5728,95.5855,95.5029,95.542,4389
2020-01-06 04:27:00,95.542,95.5852,95.4481,95.5069,3500
2020-01-06 04:28:00,95.5069,95.5764,95.4531,95.4666,9379
2020-01-06 04:29:00,95.4666,95.5675,95.4362,95.526,8517
2020-01-06 04:30:00,95.526,95.6414,95.5217,95.6165,8736
2020-01-06 04:31:00,95.6165,95.6255,95.5722,95.5873,2002
2020-01-06 04:32:00,95.5873,95.6593,95.415,95.4691,3703
2020-01-06 04:33:00,95.4691,95.6262,95.4271,95.5907,9774
2020-01-06 04:34:00,95.5907,95.6269,95.4989,95.5816,5552
2020-01-06 04:35:00,95.5816,95.8709,95.5168,95.747,8536
2020-01-06 04:36:00,95.747,95.8416,95.4845,95.532,4148
2020-01-06 04:37:00,95.532,95.5603,95.4857,95.5507,904
2020-01-06 04:38:00,95.5507,95.7537,95.5317,95.734,8143
2020-01-06 04:39:00,95.734,95.7635,95.6861,95.7002,9223
2020-01-06 04:40:00,95.7002,95.7408,95.6392,95.6786,1860
2020-01-06 04:41:00,95.6786,95.7484,95.6676,95.7069,6405
2020-01-06 04:42:00,95.7069,95.7142,95.5212,95.6534,8098
2020-01-06 04:43:00,95.6534,95.6784,95.5328,95.6235,8316
2020-01-06 04:44:00,95.6235,95.6818,95.5762,95.5912,4495
2020-01-06 04:45:00,95.5912,95.6236,95.5097,95.5313,5444
2020-01-06 04:46:00,95.5313,95.6655,95.3817,95.6487,8365
2020-01-06 04:47:00,95.6487,95.738,95.5971,95.6928,7981
2020-01-06 04:48:00,95.6928,95.7659,95.6901,95.7167,8082
2020-01-06 04:49:00,95.7167,95.7974,95.7157,95.7941,7556
2020-01-06 04:50:00,95.7941,95.8814,95.7687,95.7688,4287
2020-01-06 04:51:00,95.7688,95.8209,95.6115,95.6947,1510
2020-01-06 04:52:00,95.6947,95.713,95.6133,95.637,3712
2020-01-06 04:53:00,95.637,95.6845,95.5906,95.6372,7439
2020-01-06 04:54:00,95.6372,95.6632,95.4673,95.5359,4880
2020-01-06 04:55:00,95.5359,95.5594,95.4186,95.4881,4567
2020-01-06 04:56:00,95.4881,95.5157,95.436,95.4388,5455
2020-01-06 04:57:00,95.4388,95.6809,95.333,95.6416,9357
2020-01-06 04:58:00,95.6416,95.6519,95.2735,95.3763,4095
2020-01-06 04:59:00,95.3763,95.397,95.3191,95.3591,6968
2020-01-06 05:00:00,95.3591,95.583,95.3259,95.5237,8902
2020-01-06 05:01:00,95.5237,95.5506,95.4537,95.5353,7745
2020-01-06 05:02:00,95.5353,95.6809,95.5334,95.6073,4315
2020-01-06 05:03:00,95.6073,95.6604,95.5455,95.6169,1938
2020-01-06 05:04:00,95.6169,95.6419,95.5349,95.5531,5748
2020-01-06 05:05:00,95.5531,95.6148,95.3099,95.3388,6784
2020-01-06 05:06:00,95.3388,95.371,95.3042,95.3584,7044
2020-01-06 05:07:00,95.3584,95.3772,95.2467,95.2845,7395
2020-01-06 05:08:00,95.2845,95.2977,95.1215,95.2082,3673
2020-01-06 05:09:00,95.2082,95.2612,95.1447,95.1607,7714
2020-01-06 05:10:00,95.1607,95.3484,95.1482,95.3267,5799
2020-01-06 05:11:00,95.3267,95.643,95.2897,95.556,8285
2020-01-06 05:12:00,95.556,95.6287,95.5457,95.5767,7252
2020-01-06 05:13:00,95.5767,95.6017,95.4355,95.5323,6282
2020-01-06 05:14:00,95.5323,95.5813,95.4115,95.4199,572
2020-01-06 05:15:00,95.4199,95.4731,95.3725,95.4646,9448
2020-01-06 05:16:00,95.4646,95.6382,95.4491,95.6348,4519
2020-01-06 05:17:00,95.6348,95.6681,95.5677,95.6111,8343
2020-01-06 05:18:00,95.6111,95.6416,95.3494,95.3837,7191
2020-01-06 05:19:00,95.3837,95.4557,95.3794,95.4476,9719
2020-01-06 05:20:00,95.4476,95.5474,95.4079,95.5416,5978
2020-01-06 05:21:00,95.5416,95.576,95.3733,95.3901,6760
2020-01-06 05:22:00,95.3901,95.4479,95.3523,95.4069,4555
2020-01-06 05:23:00,95.4069,95.5309,95.3557,95.45,5879
2020-01-06 05:24:00,95.45,95.5477,95.4014,95.443,7504
2020-01-06 05:25:00,95.443,95.5125,95.3377,95.3675,167
2020-01-06 05:26:00,95.3675,95.4666,95.3064,95.4644,9465
2020-01-06 05:27:00,95.4644,95.5123,95.4076,95.4259,4676
2020-01-06 05:28:00,95.4259,95.4433,95.2291,95.2842,6156
2020-01-06 05:29:00,95.2842,95.3007,95.07,95.0889,8552
2020-01-06 05:30:00,95.0889,95.2352,95.0484,95.2088,1749
2020-01-06 05:31:00,95.2088,95.306,95.169,95.2675,776
2020-01-06 05:32:00,95.2675,95.2916,95.2573,95.2759,7323
2020-01-06 05:33:00,95.2759,95.3252,95.1669,95.2339,6651
2020-01-06 05:34:00,95.2339,95.2856,95.1021,95.1836,4039
2020-01-06 05:35:00,95.1836,95.1838,94.9854,95.0812,4438
2020-01-06 05:36:00,95.0812,95.1209,95.0233,95.0402,6757
2020-01-06 05:37:00,95.0402,95.0874,94.7945,94.8387,9970
2020-01-06 05:38:00,94.8387,94.8605,94.7369,94.7688,9484
2020-01-06 05:39:00,94.7688,94.7875,94.6482,94.7394,765
2020-01-06 05:40:00,94.7394,94.8397,94.7084,94.7972,4962
2020-01-06 05:41:00,94.7972,94.8289,94.653,94.7934,9893
2020-01-06 05:42:00,94.7934,94.9518,94.7281,94.8687,2009
2020-01-06 05:43:00,94.8687,95.0007,94.807,94.9967,7552
2020-01-06 05:44:00,94.9967,95.1705,94.9543,95.0972,6697
2020-01-06 05:45:00,95.0972,95.1988,95.0915,95.142,287
2020-01-06 05:46:00,95.142,95.1452,95.0931,95.1431,8996
2020-01-06 05:47:00,95.1431,95.1498,95.0141,95.0498,7790
2020-01-06 05:48:00,95.0498,95.2138,95.0203,95.1201,9658
2020-01-06 05:49:00,95.1201,95.3294,95.0612,95.2799,7490
2020-01-06 05:50:00,95.2799,95.3144,95.2259,95.3125,434
2020-01-06 05:51:00,95.3125,95.5458,95.2935,95.4952,6700
2020-01-06 05:52:00,95.4952,95.5188,95.335,95.3496,7715
2020-01-06 05:53:00,95.3496,95.4298,95.1914,95.2395,455
2020-01-06 05:54:00,95.2395,95.3751,95.1966,95.321,2022
2020-01-06 05:55:00,95.321,95.3741,95.2866,95.3462,4427
2020-01-06 05:56:00,95.3462,95.4902,95.3184,95.4714,3438
2020-01-06 05:57:00,95.4714,95.4726,95.4317,95.4699,895
2020-01-06 05:58:00,95.4699,95.4947,95.3189,95.3871,289
2020-01-06 05:59:00,95.3871,95.4424,95.3443,95.3667,7551
2020-01-06 06:00:00,95.3667,95.4457,95.2143,95.2205,9105
2020-01-06 06:01:00,95.2205,95.3122,95.0857,95.1131,2266
2020-01-06 06:02:00,95.1131,95.2078,95.1004,95.2056,9971
2020-01-06 06:03:00,95.2056,95.4041,95.1925,95.2887,2158
2020-01-06 06:04:00,95.2887,95.3423,95.2041,95.3232,6170
2020-01-06 06:05:00,95.3232,95.3423,95.1167,95.1592,4493
2020-01-06 06:06:00,95.1592,95.2273,95.115,95.1251,9512
2020-01-06 06:07:00,95.1251,95.1469,94.9716,95.0086,9919
2020-01-06 06:08:00,95.0086,95.186,94.8748,95.1203,2480
2020-01-06 06:09:00,95.1203,95.197,95.0626,95.0648,9691
2020-01-06 06:10:00,95.0648,95.1628,94.921,94.9616,8425
2020-01-06 06:11:00,94.9616,94.9895,94.8903,94.9644,5151
2020-01-06 06:12:00,94.9644,94.9732,94.8745,94.9036,2809
2020-01-06 06:13:00,94.9036,95.0973,94.8925,95.0444,1379
2020-01-06 06:14:00,95.0444,95.0895,94.9541,94.9746,652
2020-01-06 06:15:00,94.9746,95.0117,94.8229,94.8417,6431
2020-01-06 06:16:00,94.8417,94.865,94.5936,94.6375,6972
2020-01-06 06:17:00,94.6375,94.6517,94.6299,94.6346,1253
2020-01-06 06:18:00,94.6346,94.685,94.5541,94.5814,7019
2020-01-06 06:19:00,94.5814,94.5899,94.3393,94.4463,4258
2020-01-06 06:20:00,94.4463,94.6249,94.3769,94.5586,1054
2020-01-06 06:21:00,94.5586,94.642,94.5083,94.6217,5665
2020-01-06 06:22:00,94.6217,94.6279,94.5485,94.619,6968
2020-01-06 06:23:00,94.619,94.7583,94.5781,94.7481,335
2020-01-06 06:24:00,94.7481,94.8293,94.7392,94.8109,1208
2020-01-06 06:25:00,94.8109,94.9055,94.6749,94.7329,1896
2020-01-06 06:26:00,94.7329,94.7713,94.6192,94.6344,3573
2020-01-06 06:27:00,94.6344,94.7218,94.6341,94.7118,5385
2020-01-06 06:28:00,94.7118,94.7548,94.7008,94.7494,7495
2020-01-06 06:29:00,94.7494,94.8133,94.6638,94.7655,9682
2020-01-06 06:30:00,94.7655,94.8177,94.6489,94.6852,5629
2020-01-06 06:31:00,94.6852,94.7443,94.6676,94.7428,2311
2020-01-06 06:32:00,94.7428,94.7566,94.6173,94.6712,2741
2020-01-06 06:33:00,94.6712,94.6868,94.6355,94.6616,3328
2020-01-06 06:34:00,94.6616,94.9062,94.6596,94.7985,1026
2020-01-06 06:35:00,94.7985,94.8739,94.6601,94.7359,5922
2020-01-06 06:36:00,94.7359,94.7646,94.5179,94.5869,3021
2020-01-06 06:37:00,94.5869,94.6134,94.4347,94.4873,3927
2020-01-06 06:38:00,94.4873,94.638,94.4565,94.5813,7435
2020-01-06 06:39:00,94.5813,94.6408,94.562,94.6054,8412
2020-01-06 06:40:00,94.6054,94.6055,94.5197,94.5932,1065
2020-01-06 06:41:00,94.5932,94.6033,94.507,94.545,4313
2020-01-06 06:42:00,94.545,94.6503,94.5018,94.5909,3819
2020-01-06 06:43:00,94.5909,94.593,94.4604,94.5106,4013
2020-01-06 06:44:00,94.5106,94.6636,94.4636,94.5395,3279
2020-01-06 06:45:00,94.5395,94.5472,94.414,94.4703,3470
2020-01-06 06:46:00,94.4703,94.4733,94.3605,94.3855,6918
2020-01-06 06:47:00,94.3855,94.397,94.2457,94.3254,6006
2020-01-06 06:48:00,94.3254,94.3991,94.2706,94.29,5238
2020-01-06 06:49:00,94.29,94.3006,94.2482,94.2854,3191
2020-01-06 06:50:00,94.2854,94.3567,94.2307,94.3076,9063
2020-01-06 06:51:00,94.3076,94.3459,93.9289,93.9597,4756
2020-01-06 06:52:00,93.9597,93.9934,93.8172,93.8838,3677
2020-01-06 06:53:00,93.8838,93.9784,93.7542,93.8471,6397
2020-01-06 06:54:00,93.8471,93.9907,93.813,93.9883,1638
2020-01-06 06:55:00,93.9883,94.0267,93.8195,93.8868,2967
2020-01-06 06:56:00,93.8868,93.9109,93.8749,93.9021,3649
2020-01-06 06:57:00,93.9021,94.0866,93.8764,94.0425,6627
2020-01-06 06:58:00,94.0425,94.0717,93.8387,93.919,9095
2020-01-06 06:59:00,93.919,94.0849,93.9099,93.956,4876
2020-01-06 07:00:00,93.956,93.9896,93.8775,93.8806,278
2020-01-06 07:01:00,93.8806,93.8925,93.7538,93.8332,8906
2020-01-06 07:02:00,93.8332,93.9059,93.7413,93.7579,1854
2020-01-06 07:03:00,93.7579,93.8276,93.6586,93.6893,7795
2020-01-06 07:04:00,93.6893,94.0359,93.6511,93.9443,8338
2020-01-06 07:05:00,93.9443,94.0238,93.9108,94.0236,8115
2020-01-06 07:06:00,94.0236,94.1971,94.0168,94.1272,6801
2020-01-06 07:07:00,94.1272,94.3096,94.0651,94.1735,6426
2020-01-06 07:08:00,94.1735,94.2067,94.0135,94.0223,6597
2020-01-06 07:09:00,94.0223,94.0767,94.0191,94.0594,2634
2020-01-06 07:10:00,94.0594,94.2078,94.0139,94.1603,8507
2020-01-06 07:11:00,94.1603,94.2648,94.0396,94.0799,3039
2020-01-06 07:12:00,94.0799,94.2051,94.054,94.1708,5865
2020-01-06 07:13:00,94.1708,94.2771,94.1522,94.2371,2999
2020-01-06 07:14:00,94.2371,94.4212,94.2336,94.4116,2976
2020-01-06 07:15:00,94.4116,94.4263,94.3434,94.3722,9528
2020-01-06 07:16:00,94.3722,94.3978,94.2162,94.2686,1107
2020-01-06 07:17:00,94.2686,94.311,94.1238,94.2345,4929
2020-01-06 07:18:00,94.2345,94.3988,94.1798,94.3698,6564
2020-01-06 07:19:00,94.3698,94.4478,94.1655,94.1972,8157
2020-01-06 07:20:00,94.1972,94.2462,93.9964,94.0024,2259
2020-01-06 07:21:00,94.0024,94.0269,93.9519,94.0108,3284
2020-01-06 07:22:00,94.0108,94.0327,93.9348,93.9692,8665
2020-01-06 07:23:00,93.9692,94.0368,93.9361,93.9699,1386
2020-01-06 07:24:00,93.9699,94.0691,93.9303,94.0588,8659
2020-01-06 07:25:00,94.0588,94.0641,93.9801,94.0068,4573
2020-01-06 07:26:00,94.0068,94.0159,93.7564,93.8307,5020
2020-01-06 07:27:00,93.8307,94.0255,93.7947,94.0225,4025
2020-01-06 07:28:00,94.0225,94.0811,93.9152,93.9288,4869
2020-01-06 07:29:00,93.9288,93.9434,93.7728,93.8293,3216
2020-01-06 07:30:00,93.8293,93.9584,93.7983,93.9329,1394
2020-01-06 07:31:00,93.9329,93.9821,93.7929,93.8968,4076
2020-01-06 07:32:00,93.8968,93.9545,93.8624,93.8908,6965
2020-01-06 07:33:00,93.8908,93.999,93.8585,93.9361,6490
2020-01-06 07:34:00,93.9361,94.11,93.8845,94.0379,273
2020-01-06 07:35:00,94.0379,94.0551,93.9457,94.0066,7425
2020-01-06 07:36:00,94.0066,94.1628,93.9869,94.1494,7918
2020-01-06 07:37:00,94.1494,94.1968,93.8741,93.9484,5081
2020-01-06 07:38:00,93.9484,94.0464,93.8571,94.0197,3934
2020-01-06 07:39:00,94.0197,94.0646,93.8288,93.9408,2529
2020-01-06 07:40:00,93.9408,94.0874,93.9196,94.0697,6667
2020-01-06 07:41:00,94.0697,94.1525,94.0647,94.0831,8105
2020-01-06 07:42:00,94.0831,94.13,93.9833,94.0198,7889
2020-01-06 07:43:00,94.0198,94.1088,94.0098,94.0821,7562
2020-01-06 07:44:00,94.0821,94.2106,94.0445,94.1661,8984
2020-01-06 07:45:00,94.1661,94.3024,94.0941,94.2266,973
2020-01-06 07:46:00,94.2266,94.2826,94.0769,94.1295,3196
2020-01-06 07:47:00,94.1295,94.1923,93.9734,94.084,9049
2020-01-06 07:48:00,94.084,94.0899,94.0225,94.0836,3724
2020-01-06 07:49:00,94.0836,94.0957,94.0615,94.0797,5653
2020-01-06 07:50:00,94.0797,94.2065,94.0742,94.1503,1665
2020-01-06 07:51:00,94.1503,94.1971,93.9252,93.9606,3216
2020-01-06 07:52:00,93.9606,94.0098,93.937,93.992,8600
2020-01-06 07:53:00,93.992,94.0186,93.9348,93.9647,8445
2020-01-06 07:54:00,93.9647,94.044,93.863,93.8859,9258
2020-01-06 07:55:00,93.8859,93.9144,93.7981,93.8162,1263
2020-01-06 07:56:00,93.8162,93.8221,93.7077,93.7961,2916
2020-01-06 07:57:00,93.7961,93.8114,93.426,93.4583,8676
2020-01-06 07:58:00,93.4583,93.502,93.3044,93.3928,2895
2020-01-06 07:59:00,93.3928,93.4015,93.2718,93.311,1156
2020-01-06 08:00:00,93.311,93.3837,93.308,93.3607,7445
2020-01-06 08:01:00,93.3607,93.3759,93.2379,93.2855,9961
2020-01-06 08:02:00,93.2855,93.3465,93.256,93.2654,4176
2020-01-06 08:03:00,93.2654,93.4798,93.2626,93.4093,3874
2020-01-06 08:04:00,93.4093,93.5546,93.4049,93.5022,1559
2020-01-06 08:05:00,93.5022,93.6175,93.4924,93.5865,8233
2020-01-06 08:06:00,93.5865,93.6131,93.4437,93.5397,105
2020-01-06 08:07:00,93.5397,93.6338,93.4808,93.5905,4886
2020-01-06 08:08:00,93.5905,93.6879,93.5663,93.5686,7038
2020-01-06 08:09:00,93.5686,93.6058,93.4841,93.5503,9933
2020-01-06 08:10:00,93.5503,93.6376,93.5278,93.5886,8268
2020-01-06 08:11:00,93.5886,93.5912,93.4927,93.5327,8209
2020-01-06 08:12:00,93.5327,93.7269,93.5065,93.6724,3929
2020-01-06 08:13:00,93.6724,93.7014,93.6161,93.6574,7134
2020-01-06 08:14:00,93.6574,93.7484,93.6096,93.7153,5450
2020-01-06 08:15:00,93.7153,93.8854,93.7078,93.8517,5620
2020-01-06 08:16:00,93.8517,93.9939,93.8323,93.9485,6970
2020-01-06 08:17:00,93.9485,93.9536,93.7868,93.8162,4980
2020-01-06 08:18:00,93.8162,93.8891,93.7823,93.8579,8908
2020-01-06 08:19:00,93.8579,94.0102,93.8571,93.9378,9177
2020-01-06 08:20:00,93.9378,94.0301,93.9279,94.0215,2170
2020-01-06 08:21:00,94.0215,94.0265,93.8781,93.9169,7050
2020-01-06 08:22:00,93.9169,93.9764,93.8015,93.8552,260
2020-01-06 08:23:00,93.8552,93.9925,93.8501,93.9485,9509
2020-01-06 08:24:00,93.9485,94.0058,93.8566,93.8769,4278
2020-01-06 08:25:00,93.8769,93.9107,93.7952,93.8488,267
2020-01-06 08:26:00,93.8488,94.0123,93.8098,93.9967,4012
2020-01-06 08:27:00,93.9967,94.0545,93.9089,93.9922,2802
2020-01-06 08:28:00,93.9922,93.9992,93.8787,93.9239,2702
2020-01-06 08:29:00,93.9239,93.9519,93.8077,93.8415,4539
2020-01-06 08:30:00,93.8415,93.9411,93.8391,93.8727,4207
2020-01-06 08:31:00,93.8727,93.9049,93.6753,93.7475,3705
2020-01-06 08:32:00,93.7475,93.8057,93.6693,93.7243,9845
2020-01-06 08:33:00,93.7243,93.804,93.6877,93.7556,549
2020-01-06 08:34:00,93.7556,93.8927,93.6877,93.8774,4769
2020-01-06 08:35:00,93.8774,93.9602,93.7983,93.9401,4127
2020-01-06 08:36:00,93.9401,93.9946,93.8528,93.873,6834
2020-01-06 08:37:00,93.873,93.9904,93.7683,93.9836,2637
2020-01-06 08:38:00,93.9836,93.9875,93.8743,93.9554,2809
2020-01-06 08:39:00,93.9554,93.9877,93.8344,93.8393,3057
2020-01-06 08:40:00,93.8393,93.8922,93.7895,93.8232,2764
2020-01-06 08:41:00,93.8232,94.0336,93.8141,93.9581,1889
2020-01-06 08:42:00,93.9581,94.015,93.9497,93.9737,4202
2020-01-06 08:43:00,93.9737,94.065,93.9548,93.9748,3334
2020-01-06 08:44:00,93.9748,94.1292,93.8969,94.1287,418
2020-01-06 08:45:00,94.1287,94.2086,93.9698,93.994,2277
2020-01-06 08:46:00,93.994,94.0215,93.821,93.8731,528
2020-01-06 08:47:00,93.8731,93.9084,93.6956,93.7214,1000
2020-01-06 08:48:00,93.7214,93.7583,93.675,93.7564,9912
2020-01-06 08:49:00,93.7564,93.7791,93.7216,93.772,7522
2020-01-06 08:50:00,93.772,93.9892,93.7559,93.9166,848
2020-01-06 08:51:00,93.9166,94.0456,93.8766,93.9395,6244
2020-01-06 08:52:00,93.9395,93.9487,93.8919,93.9015,4972
2020-01-06 08:53:00,93.9015,93.9633,93.8643,93.9017,4389
2020-01-06 08:54:00,93.9017,93.9289,93.8742,93.9128,7631
2020-01-06 08:55:00,93.9128,93.942,93.7502,93.7558,1127
2020-01-06 08:56:00,93.7558,94.0843,93.7489,94.0099,1240
2020-01-06 08:57:00,94.0099,94.0742,93.9317,94.0587,8200
2020-01-06 08:58:00,94.0587,94.0843,94.0187,94.0785,8529
2020-01-06 08:59:00,94.0785,94.1749,94.0498,94.1364,4925
2020-01-06 09:00:00,94.1364,94.2984,94.0556,94.2032,4653
2020-01-06 09:01:00,94.2032,94.228,94.1818,94.1899,1854
2020-01-06 09:02:00,94.1899,94.2343,94.1232,94.1305,7092
2020-01-06 09:03:00,94.1305,94.242,94.1228,94.1869,1710
2020-01-06 09:04:00,94.1869,94.2822,94.1133,94.2232,4539
2020-01-06 09:05:00,94.2232,94.2721,94.0957,94.1469,9779
2020-01-06 09:06:00,94.1469,94.3679,94.1437,94.2805,4858
2020-01-06 09:07:00,94.2805,94.4381,94.228,94.3082,6619
2020-01-06 09:08:00,94.3082,94.4441,94.2803,94.377,345
2020-01-06 09:09:00,94.377,94.5314,94.3581,94.5083,9569
2020-01-06 09:10:00,94.5083,94.516,94.4242,94.5104,6942
2020-01-06 09:11:00,94.5104,94.5487,94.4964,94.5404,7158
2020-01-06 09:12:00,94.5404,94.7064,94.5343,94.617,1656
2020-01-06 09:13:00,94.617,94.6504,94.5429,94.5484,1657
2020-01-06 09:14:00,94.5484,94.5962,94.4848,94.5535,2322
2020-01-06 09:15:00,94.5535,94.6466,94.5264,94.5653,2432
2020-01-06 09:16:00,94.5653,94.5737,94.4441,94.4749,8596
2020-01-06 09:17:00,94.4749,94.6939,94.4735,94.6939,9084
2020-01-06 09:18:00,94.6939,94.7659,94.5396,94.5606,8698
2020-01-06 09:19:00,94.5606,94.5633,94.3462,94.4379,3066
2020-01-06 09:20:00,94.4379,94.5891,94.3757,94.562,4102
2020-01-06 09:21:00,94.562,94.6299,94.5211,94.6294,1460
2020-01-06 09:22:00,94.6294,94.6638,94.4913,94.5324,9345
2020-01-06 09:23:00,94.5324,94.6604,94.5022,94.5898,539
2020-01-06 09:24:00,94.5898,94.7717,94.5614,94.7286,4453
2020-01-06 09:25:00,94.7286,94.7628,94.6479,94.7257,882
2020-01-06 09:26:00,94.7257,94.9894,94.6895,94.9719,2710
2020-01-06 09:27:00,94.9719,94.9749,94.7967,94.8082,333
2020-01-06 09:28:00,94.8082,94.9372,94.789,94.874,6766
2020-01-06 09:29:00,94.874,95.0035,94.8486,94.9846,4588
2020-01-06 09:30:00,94.9846,95.1576,94.9481,95.0693,8753
2020-01-06 09:31:00,95.0693,95.0708,95.042,95.0499,1851
2020-01-06 09:32:00,95.0499,95.1256,94.9979,95.0223,938
2020-01-06 09:33:00,95.0223,95.0659,94.979,95.0645,3309
2020-01-06 09:34:00,95.0645,95.1998,95.0567,95.142,2884
2020-01-06 09:35:00,95.142,95.2404,95.1194,95.1993,5694
2020-01-06 09:36:00,95.1993,95.3234,95.1408,95.2984,1451
2020-01-06 09:37:00,95.2984,95.3065,95.177,95.2013,305
2020-01-06 09:38:00,95.2013,95.217,95.1667,95.1796,1194
2020-01-06 09:39:00,95.1796,95.1897,95.0694,95.0901,284
2020-01-06 09:40:00,95.0901,95.0905,94.9931,95.0534,6845
2020-01-06 09:41:00,95.0534,95.1866,95.0088,95.1499,7002
2020-01-06 09:42:00,95.1499,95.2262,95.1154,95.1602,5602
2020-01-06 09:43:00,95.1602,95.4625,95.136,95.4082,6788
2020-01-06 09:44:00,95.4082,95.4451,95.3659,95.4267,5878
2020-01-06 09:45:00,95.4267,95.4403,95.3614,95.4324,2829
2020-01-06 09:46:00,95.4324,95.4561,95.4067,95.4425,7993
2020-01-06 09:47:00,95.4425,95.4579,95.3619,95.3816,413
2020-01-06 09:48:00,95.3816,95.4376,95.3706,95.3761,8519
2020-01-06 09:49:00,95.3761,95.5637,95.297,95.4837,6901
2020-01-06 09:50:00,95.4837,95.5227,95.3517,95.4946,3193
2020-01-06 09:51:00,95.4946,95.5135,95.3967,95.4188,4195
2020-01-06 09:52:00,95.4188,95.4535,95.305,95.3305,2839
2020-01-06 09:53:00,95.3305,95.3474,95.253,95.2876,1026
2020-01-06 09:54:00,95.2876,95.396,95.2865,95.2946,3436
2020-01-06 09:55:00,95.2946,95.4964,95.2392,95.4084,3221
2020-01-06 09:56:00,95.4084,95.4444,95.2325,95.2805,6985
2020-01-06 09:57:00,95.2805,95.3708,95.2331,95.25,7642
2020-01-06 09:58:00,95.25,95.2659,95.2349,95.2638,2455
2020-01-06 09:59:00,95.2638,95.2974,95.0168,95.0891,8828
2020-01-06 10:00:00,95.0891,95.1446,94.975,95.0098,7474
2020-01-06 10:01:00,95.0098,95.0124,94.9351,94.9452,4270
2020-01-06 10:02:00,94.9452,94.9618,94.8346,94.8696,5872
2020-01-06 10:03:00,94.8696,94.897,94.816,94.8878,9733
2020-01-06 10:04:00,94.8878,94.9191,94.8412,94.8726,3499
2020-01-06 10:05:00,94.8726,94.9209,94.744,94.8199,5795
2020-01-06 10:06:00,94.8199,94.8659,94.8057,94.8605,6837
2020-01-06 10:07:00,94.8605,95.072,94.8205,95.024,8029
2020-01-06 10:08:00,95.024,95.1802,94.9978,95.1797,708
2020-01-06 10:09:00,95.1797,95.1966,94.9782,94.9967,711
2020-01-06 10:10:00,94.9967,95.0921,94.9374,95.0515,1120
2020-01-06 10:11:00,95.0515,95.1051,95.0067,95.0346,340
2020-01-06 10:12:00,95.0346,95.0686,94.9776,95.0494,2152
2020-01-06 10:13:00,95.0494,95.0731,94.9843,95.0115,5434
2020-01-06 10:14:00,95.0115,95.0461,94.9874,95.0227,1702
2020-01-06 10:15:00,95.0227,95.0526,94.9475,95.0371,4589
2020-01-06 10:16:00,95.0371,95.0599,94.966,94.982,9706
2020-01-06 10:17:00,94.982,95.0309,94.8781,94.8969,468
2020-01-06 10:18:00,94.8969,94.9207,94.805,94.8543,2176
2020-01-06 10:19:00,94.8543,94.9575,94.8193,94.8766,9738
2020-01-06 10:20:00,94.8766,94.9461,94.815,94.9334,7209
2020-01-06 10:21:00,94.9334,95.1357,94.8948,95.0144,8300
2020-01-06 10:22:00,95.0144,95.0779,94.9482,94.9674,3616
2020-01-06 10:23:00,94.9674,95.0361,94.9524,94.9944,4529
2020-01-06 10:24:00,94.9944,95.138,94.9646,95.0858,5145
2020-01-06 10:25:00,95.0858,95.2294,95.0633,95.1967,8684
2020-01-06 10:26:00,95.1967,95.223,95.1243,95.1911,1951
2020-01-06 10:27:00,95.1911,95.2258,95.0909,95.17,5527
2020-01-06 10:28:00,95.17,95.2305,95.0846,95.1882,9070
2020-01-06 10:29:00,95.1882,95.1959,95.027,95.0788,3531
2020-01-06 10:30:00,95.0788,95.1446,95.0382,95.0604,9990
2020-01-06 10:31:00,95.0604,95.141,94.9923,95.1311,4582
2020-01-06 10:32:00,95.1311,95.1969,95.1222,95.1922,6352
2020-01-06 10:33:00,95.1922,95.2509,95.0639,95.1665,6582
2020-01-06 10:34:00,95.1665,95.2047,95.1458,95.1872,3371
2020-01-06 10:35:00,95.1872,95.2005,95.0367,95.1087,3608
2020-01-06 10:36:00,95.1087,95.1968,95.1061,95.1756,7076
2020-01-06 10:37:00,95.1756,95.1889,95.0408,95.1682,3992
2020-01-06 10:38:00,95.1682,95.2029,95.1115,95.142,3211
2020-01-06 10:39:00,95.142,95.1505,95.0473,95.1075,4417
2020-01-06 10:40:00,95.1075,95.1171,95.0992,95.1016,1966
2020-01-06 10:41:00,95.1016,95.1205,95.0004,95.059,9344
2020-01-06 10:42:00,95.059,95.1493,94.9797,95.1215,1026
2020-01-06 10:43:00,95.1215,95.1852,95.0181,95.0839,3872
2020-01-06 10:44:00,95.0839,95.3327,95.0742,95.2354,6027
2020-01-06 10:45:00,95.2354,95.4167,95.2127,95.3749,2195
2020-01-06 10:46:00,95.3749,95.4045,95.2253,95.2899,9118
2020-01-06 10:47:00,95.2899,95.3323,95.2595,95.2965,4795
2020-01-06 10:48:00,95.2965,95.309,95.1777,95.2345,869
2020-01-06 10:49:00,95.2345,95.3055,95.1933,95.2034,6814
2020-01-06 10:50:00,95.2034,95.433,95.1748,95.3941,8748
2020-01-06 10:51:00,95.3941,95.4346,95.2754,95.3647,9364
2020-01-06 10:52:00,95.3647,95.4096,95.3626,95.3991,2875
2020-01-06 10:53:00,95.3991,95.4891,95.3831,95.4507,5467
2020-01-06 10:54:00,95.4507,95.5271,95.324,95.3552,6533
2020-01-06 10:55:00,95.3552,95.4409,95.2499,95.2737,4730
2020-01-06 10:56:00,95.2737,95.37,95.1041,95.1588,7798
2020-01-06 10:57:00,95.1588,95.1847,95.0546,95.0745,5602
2020-01-06 10:58:00,95.0745,95.1153,94.777,94.8035,3071
2020-01-06 10:59:00,94.8035,94.8809,94.7521,94.8551,4500
2020-01-06 11:00:00,94.8551,95.0813,94.8018,95.05,1742
2020-01-06 11:01:00,95.05,95.0756,94.9784,95.064,1117
2020-01-06 11:02:00,95.064,95.0996,94.9162,94.9294,4142
2020-01-06 11:03:00,94.9294,94.9493,94.8548,94.8684,9755
2020-01-06 11:04:00,94.8684,94.9258,94.6872,94.8248,1611
2020-01-06 11:05:00,94.8248,94.8303,94.7066,94.7283,5717
2020-01-06 11:06:00,94.7283,94.8811,94.7256,94.8098,6375
2020-01-06 11:07:00,94.8098,94.8961,94.8016,94.8867,4571
2020-01-06 11:08:00,94.8867,94.9459,94.7193,94.777,1821
2020-01-06 11:09:00,94.777,94.8555,94.7503,94.8457,786
2020-01-06 11:10:00,94.8457,95.0228,94.842,94.9905,4566
2020-01-06 11:11:00,94.9905,95.1851,94.9868,95.1713,4350
2020-01-06 11:12:00,95.1713,95.4956,95.1668,95.444,6488
2020-01-06 11:13:00,95.444,95.5198,95.3473,95.3579,3377
2020-01-06 11:14:00,95.3579,95.7481,95.2749,95.6272,6055
2020-01-06 11:15:00,95.6272,95.6671,95.5533,95.5933,3599
2020-01-06 11:16:00,95.5933,95.6078,95.4962,95.5367,1544
2020-01-06 11:17:00,95.5367,95.5899,95.5301,95.5679,8379
2020-01-06 11:18:00,95.5679,95.6468,95.4509,95.5123,1629
2020-01-06 11:19:00,95.5123,95.5973,95.4273,95.5504,3285
2020-01-06 11:20:00,95.5504,95.5566,95.3431,95.4243,112
2020-01-06 11:21:00,95.4243,95.4283,95.4,95.4015,5376
2020-01-06 11:22:00,95.4015,95.5422,95.3885,95.5241,8611
2020-01-06 11:23:00,95.5241,95.5453,95.4467,95.5187,4487
2020-01-06 11:24:00,95.5187,95.5484,95.4804,95.5322,4968
2020-01-06 11:25:00,95.5322,95.5869,95.5267,95.5776,9975
2020-01-06 11:26:00,95.5776,95.6922,95.5683,95.6895,5696
2020-01-06 11:27:00,95.6895,95.7213,95.4873,95.5311,5870
2020-01-06 11:28:00,95.5311,95.694,95.5114,95.587,4353
2020-01-06 11:29:00,95.587,95.6608,95.5213,95.5613,8675
2020-01-06 11:30:00,95.5613,95.6826,95.5552,95.5772,6299
2020-01-06 11:31:00,95.5772,95.7302,95.5527,95.6786,1196
2020-01-06 11:32:00,95.6786,95.6894,95.5435,95.5643,1069
2020-01-06 11:33:00,95.5643,95.5964,95.457,95.4675,7003
2020-01-06 11:34:00,95.4675,95.6105,95.2804,95.2828,2620
2020-01-06 11:35:00,95.2828,95.2841,95.1873,95.2304,3351
2020-01-06 11:36:00,95.2304,95.3949,95.2076,95.3571,293
2020-01-06 11:37:00,95.3571,95.4045,95.2875,95.3456,7651
2020-01-06 11:38:00,95.3456,95.3789,95.2007,95.2179,1352
2020-01-06 11:39:00,95.2179,95.2322,95.1489,95.1716,894
2020-01-06 11:40:00,95.1716,95.2009,94.9928,95.03,1726
2020-01-06 11:41:00,95.03,95.0487,94.9227,94.9231,5290
2020-01-06 11:42:00,94.9231,95.009,94.892,94.96,8382
2020-01-06 11:43:00,94.96,95.0022,94.8004,94.8485,7343
2020-01-06 11:44:00,94.8485,94.9747,94.8417,94.954,7464
2020-01-06 11:45:00,94.954,94.9603,94.9141,94.9473,4272
2020-01-06 11:46:00,94.9473,94.9788,94.8894,94.9554,1420
2020-01-06 11:47:00,94.9554,94.9656,94.8881,94.929,3559
2020-01-06 11:48:00,94.929,95.0358,94.9031,95.0024,2469
2020-01-06 11:49:00,95.0024,95.1185,94.9432,95.0768,2568
2020-01-06 11:50:00,95.0768,95.1914,95.0496,95.1086,9949
2020-01-06 11:51:00,95.1086,95.203,95.0481,95.1623,4137
2020-01-06 11:52:00,95.1623,95.1733,95.1359,95.1421,445
2020-01-06 11:53:00,95.1421,95.1948,95.1408,95.1937,1764
2020-01-06 11:54:00,95.1937,95.2256,95.1382,95.1616,3973
2020-01-06 11:55:00,95.1616,95.2052,95.1539,95.1618,749
2020-01-06 11:56:00,95.1618,95.256,95.0892,95.1356,5480
2020-01-06 11:57:00,95.1356,95.1445,95.0603,95.0921,7951
2020-01-06 11:58:00,95.0921,95.0962,94.9989,95.0266,6392
2020-01-06 11:59:00,95.0266,95.1114,94.9704,95.0711,2012
2020-01-06 12:00:00,95.0711,95.2845,94.9338,95.1957,7296
2020-01-06 12:01:00,95.1957,95.3085,95.1456,95.3071,6195
2020-01-06 12:02:00,95.3071,95.3538,95.1628,95.1874,8150
2020-01-06 12:03:00,95.1874,95.3408,95.132,95.3101,8158
2020-01-06 12:04:00,95.3101,95.3686,95.2346,95.2798,5780
2020-01-06 12:05:00,95.2798,95.3459,95.2559,95.337,3360
2020-01-06 12:06:00,95.337,95.3399,95.2414,95.2506,2212
2020-01-06 12:07:00,95.2506,95.3074,95.1706,95.2641,9774
2020-01-06 12:08:00,95.2641,95.3939,95.205,95.294,8967
2020-01-06 12:09:00,95.294,95.3168,95.1317,95.1526,575
2020-01-06 12:10:00,95.1526,95.2654,95.1047,95.2104,425
2020-01-06 12:11:00,95.2104,95.343,95.1778,95.3386,7786
2020-01-06 12:12:00,95.3386,95.3819,95.2909,95.3219,3363
2020-01-06 12:13:00,95.3219,95.4524,95.3188,95.4516,8139
2020-01-06 12:14:00,95.4516,95.4748,95.4141,95.4335,2235
2020-01-06 12:15:00,95.4335,95.5562,95.4197,95.5146,4353
2020-01-06 12:16:00,95.5146,95.5856,95.2635,95.3026,9588
2020-01-06 12:17:00,95.3026,95.56,95.3024,95.5332,5135
2020-01-06 12:18:00,95.5332,95.7262,95.4754,95.676,8235
2020-01-06 12:19:00,95.676,95.6935,95.6385,95.6488,381
2020-01-06 12:20:00,95.6488,95.6882,95.4134,95.4602,756
2020-01-06 12:21:00,95.4602,95.5294,95.4597,95.4877,2310
2020-01-06 12:22:00,95.4877,95.5111,95.3447,95.3498,9192
2020-01-06 12:23:00,95.3498,95.4564,95.3459,95.3922,7568
2020-01-06 12:24:00,95.3922,95.5059,95.3311,95.4315,243
2020-01-06 12:25:00,95.4315,95.4862,95.3032,95.3416,3469
2020-01-06 12:26:00,95.3416,95.4604,95.2734,95.4485,4033
2020-01-06 12:27:00,95.4485,95.546,95.3753,95.5254,7455
2020-01-06 12:28:00,95.5254,95.6519,95.3945,95.6186,2635
2020-01-06 12:29:00,95.6186,95.6331,95.5158,95.6195,9705
2020-01-06 12:30:00,95.6195,95.674,95.4704,95.4841,9335
2020-01-06 12:31:00,95.4841,95.5991,95.4751,95.5775,749
2020-01-06 12:32:00,95.5775,95.5927,95.5488,95.5516,4860
2020-01-06 12:33:00,95.5516,95.5762,95.4005,95.4188,3391
2020-01-06 12:34:00,95.4188,95.565,95.4188,95.5478,7221
2020-01-06 12:35:00,95.5478,95.7682,95.5415,95.7484,8464
2020-01-06 12:36:00,95.7484,95.8153,95.6818,95.7445,3121
2020-01-06 12:37:00,95.7445,96.0509,95.7174,95.9512,2148
2020-01-06 12:38:00,95.9512,95.9982,95.9052,95.96,5423
2020-01-06 12:39:00,95.96,96.0338,95.8879,95.9235,1994
2020-01-06 12:40:00,95.9235,95.9824,95.8379,95.863,5420
2020-01-06 12:41:00,95.863,96.0505,95.8369,96.0199,4076
2020-01-06 12:42:00,96.0199,96.0784,95.907,95.945,508
2020-01-06 12:43:00,95.945,96.0489,95.9375,96.0156,3475
2020-01-06 12:44:00,96.0156,96.033,95.9512,95.9619,6987
2020-01-06 12:45:00,95.9619,96.0098,95.9058,95.9177,7999
2020-01-06 12:46:00,95.9177,96.0767,95.8013,96.0165,677
2020-01-06 12:47:00,96.0165,96.0255,95.9548,95.98,8245
2020-01-06 12:48:00,95.98,96.0378,95.907,95.9412,4277
2020-01-06 12:49:00,95.9412,96.1008,95.9401,96.0499,702
2020-01-06 12:50:00,96.0499,96.2089,95.9881,96.2033,3855
2020-01-06 12:51:00,96.2033,96.3118,96.1569,96.2653,6790
2020-01-06 12:52:00,96.2653,96.2858,96.1879,96.2023,4169
2020-01-06 12:53:00,96.2023,96.274,96.0944,96.1532,6420
2020-01-06 12:54:00,96.1532,96.168,96.0471,96.1608,5434
2020-01-06 12:55:00,96.1608,96.198,96.1102,96.1917,9279
2020-01-06 12:56:00,96.1917,96.2888,96.0544,96.0967,4336
2020-01-06 12:57:00,96.0967,96.2233,96.0597,96.1662,4334
2020-01-06 12:58:00,96.1662,96.2317,96.1596,96.1744,3218
2020-01-06 12:59:00,96.1744,96.2259,95.9661,96.0094,1183
2020-01-06 13:00:00,96.0094,96.0504,95.8608,95.9202,9879
2020-01-06 13:01:00,95.9202,95.9821,95.8468,95.8718,1184
2020-01-06 13:02:00,95.8718,95.8853,95.8454,95.8649,1849
2020-01-06 13:03:00,95.8649,96.074,95.81,96.046,3266
2020-01-06 13:04:00,96.046,96.1214,96.0443,96.0688,9947
2020-01-06 13:05:00,96.0688,96.1233,95.8815,95.9881,3646
2020-01-06 13:06:00,95.9881,96.0623,95.9752,96.0093,8331
2020-01-06 13:07:00,96.0093,96.0114,95.9482,95.9754,1450
2020-01-06 13:08:00,95.9754,96.041,95.9103,96.0066,2094
2020-01-06 13:09:00,96.0066,96.0715,95.9771,96.0624,6680
2020-01-06 13:10:00,96.0624,96.2238,96.0374,96.1785,843
2020-01-06 13:11:00,96.1785,96.2278,96.1721,96.1762,3382
2020-01-06 13:12:00,96.1762,96.3545,96.1672,96.3338,4233
2020-01-06 13:13:00,96.3338,96.4365,96.2945,96.4213,6711
2020-01-06 13:14:00,96.4213,96.4844,96.3472,96.3531,9398
2020-01-06 13:15:00,96.3531,96.6136,96.3474,96.566,3527
2020-01-06 13:16:00,96.566,96.6354,96.509,96.5976,8921
2020-01-06 13:17:00,96.5976,96.6355,96.4859,96.5169,5010
2020-01-06 13:18:00,96.5169,96.732,96.4349,96.6764,4085
2020-01-06 13:19:00,96.6764,96.9273,96.6675,96.8773,5856
2020-01-06 13:20:00,96.8773,96.8929,96.7886,96.8741,7543
2020-01-06 13:21:00,96.8741,96.912,96.7924,96.8253,591
2020-01-06 13:22:00,96.8253,96.8588,96.776,96.8086,6541
2020-01-06 13:23:00,96.8086,96.9064,96.7652,96.8778,8076
2020-01-06 13:24:00,96.8778,97.038,96.7921,97.0016,4253
2020-01-06 13:25:00,97.0016,97.0703,96.9348,97.057,9774
2020-01-06 13:26:00,97.057,97.1504,97.016,97.0668,2049
2020-01-06 13:27:00,97.0668,97.26,97.0438,97.2122,5593
2020-01-06 13:28:00,97.2122,97.2332,97.1209,97.1818,3233
2020-01-06 13:29:00,97.1818,97.3486,97.0945,97.282,2234
2020-01-06 13:30:00,97.282,97.3258,97.1925,97.254,710
2020-01-06 13:31:00,97.254,97.3749,97.2052,97.2959,7666
2020-01-06 13:32:00,97.2959,97.3764,97.2779,97.2849,9439
2020-01-06 13:33:00,97.2849,97.3109,97.1738,97.2794,6217
2020-01-06 13:34:00,97.2794,97.2886,97.2418,97.2427,4841
2020-01-06 13:35:00,97.2427,97.3935,97.1851,97.3735,2661
2020-01-06 13:36:00,97.3735,97.4062,97.2321,97.3021,7145
2020-01-06 13:37:00,97.3021,97.3917,97.2239,97.2301,928
2020-01-06 13:38:00,97.2301,97.437,97.2018,97.4363,1795
2020-01-06 13:39:00,97.4363,97.5943,97.3564,97.5316,5874
2020-01-06 13:40:00,97.5316,97.5333,97.2713,97.299,3565
2020-01-06 13:41:00,97.299,97.4019,97.1701,97.244,365
2020-01-06 13:42:00,97.244,97.2687,97.0388,97.0678,1389
2020-01-06 13:43:00,97.0678,97.0772,96.9381,96.9755,5511
2020-01-06 13:44:00,96.9755,97.0194,96.659,96.6711,572
2020-01-06 13:45:00,96.6711,96.6847,96.6512,96.6579,6642
2020-01-06 13:46:00,96.6579,96.672,96.5093,96.5475,5292
2020-01-06 13:47:00,96.5475,96.5708,96.5319,96.5533,1996
2020-01-06 13:48:00,96.5533,96.5645,96.3751,96.3964,3254
2020-01-06 13:49:00,96.3964,96.4506,96.3631,96.4044,6417
2020-01-06 13:50:00,96.4044,96.4452,96.2934,96.3644,9181
2020-01-06 13:51:00,96.3644,96.5931,96.338,96.5091,1711
2020-01-06 13:52:00,96.5091,96.6922,96.478,96.6453,6534
2020-01-06 13:53:00,96.6453,96.7891,96.6264,96.7212,4576
2020-01-06 13:54:00,96.7212,96.7678,96.6806,96.6896,8477
2020-01-06 13:55:00,96.6896,96.8987,96.6776,96.8816,3433
2020-01-06 13:56:00,96.8816,96.9413,96.7148,96.7311,2326
2020-01-06 13:57:00,96.7311,96.7591,96.5644,96.5954,3313
2020-01-06 13:58:00,96.5954,96.6402,96.5858,96.5873,4115
2020-01-06 13:59:00,96.5873,96.8262,96.549,96.805,1391
2020-01-06 14:00:00,96.805,96.8399,96.7486,96.7854,2617
2020-01-06 14:01:00,96.7854,96.896,96.766,96.7677,8149
2020-01-06 14:02:00,96.7677,96.8316,96.5585,96.6281,2254
2020-01-06 14:03:00,96.6281,96.782,96.525,96.7195,7704
2020-01-06 14:04:00,96.7195,96.8225,96.7051,96.8117,3202
2020-01-06 14:05:00,96.8117,96.9783,96.7716,96.8881,3718
2020-01-06 14:06:00,96.8881,96.922,96.8063,96.8272,3943
2020-01-06 14:07:00,96.8272,96.8719,96.7212,96.7587,620
2020-01-06 14:08:00,96.7587,96.7668,96.6272,96.6336,1744
2020-01-06 14:09:00,96.6336,96.6596,96.6153,96.6417,754
2020-01-06 14:10:00,96.6417,96.6504,96.4527,96.5373,141
2020-01-06 14:11:00,96.5373,96.5406,96.3778,96.4236,3884
2020-01-06 14:12:00,96.4236,96.4892,96.3178,96.3828,4051
2020-01-06 14:13:00,96.3828,96.4032,96.3345,96.3356,5520
2020-01-06 14:14:00,96.3356,96.3577,96.2442,96.2838,1613
2020-01-06 14:15:00,96.2838,96.3848,96.2794,96.3287,4866
2020-01-06 14:16:00,96.3287,96.3551,96.2579,96.3363,3836
2020-01-06 14:17:00,96.3363,96.3971,96.3051,96.3086,9572
2020-01-06 14:18:00,96.3086,96.3843,96.2413,96.3262,5024
2020-01-06 14:19:00,96.3262,96.3327,96.1345,96.2307,7992
2020-01-06 14:20:00,96.2307,96.2475,96.1504,96.2408,8511
2020-01-06 14:21:00,96.2408,96.2858,96.2178,96.2553,4109
2020-01-06 14:22:00,96.2553,96.285,96.0845,96.1106,5059
2020-01-06 14:23:00,96.1106,96.2471,96.039,96.2063,1729
2020-01-06 14:24:00,96.2063,96.2537,96.0421,96.1215,7326
2020-01-06 14:25:00,96.1215,96.1679,96.1043,96.1302,3349
2020-01-06 14:26:00,96.1302,96.2803,96.1189,96.2421,560
2020-01-06 14:27:00,96.2421,96.3586,96.2064,96.3312,389
2020-01-06 14:28:00,96.3312,96.3409,96.2979,96.3345,9427
2020-01-06 14:29:00,96.3345,96.343,96.2418,96.2996,323
2020-01-06 14:30:00,96.2996,96.4492,96.2413,96.3909,2545
2020-01-06 14:31:00,96.3909,96.4739,96.3355,96.4559,7427
2020-01-06 14:32:00,96.4559,96.4737,96.3605,96.3963,553
2020-01-06 14:33:00,96.3963,96.435,96.293,96.3196,2146
2020-01-06 14:34:00,96.3196,96.3514,96.0895,96.12,6011
2020-01-06 14:35:00,96.12,96.1462,96.0864,96.1348,8982
2020-01-06 14:36:00,96.1348,96.1735,96.0449,96.1269,5579
2020-01-06 14:37:00,96.1269,96.2745,96.0509,96.2361,9140
2020-01-06 14:38:00,96.2361,96.3355,96.2334,96.2707,3486
2020-01-06 14:39:00,96.2707,96.4039,96.2467,96.3991,4801
2020-01-06 14:40:00,96.3991,96.4055,96.3221,96.3319,4924
2020-01-06 14:41:00,96.3319,96.5288,96.3111,96.4415,6265
2020-01-06 14:42:00,96.4415,96.4628,96.3128,96.3905,2568
2020-01-06 14:43:00,96.3905,96.4778,96.316,96.4655,6190
2020-01-06 14:44:00,96.4655,96.4861,96.2162,96.3247,9720
2020-01-06 14:45:00,96.3247,96.3572,96.2654,96.3474,5874
2020-01-06 14:46:00,96.3474,96.38,96.1192,96.1562,2415
2020-01-06 14:47:00,96.1562,96.1614,96.0988,96.1305,4025
2020-01-06 14:48:00,96.1305,96.1735,96.119,96.1728,838
2020-01-06 14:49:00,96.1728,96.1849,96.1226,96.1227,5325
2020-01-06 14:50:00,96.1227,96.1673,95.9586,96.0217,4851
2020-01-06 14:51:00,96.0217,96.1355,96.0024,96.103,7896
2020-01-06 14:52:00,96.103,96.1264,96.0678,96.093,2318
2020-01-06 14:53:00,96.093,96.1252,96.0379,96.046,8015
2020-01-06 14:54:00,96.046,96.066,96.0079,96.05,6643
2020-01-06 14:55:00,96.05,96.3719,96.0355,96.3033,7206
2020-01-06 14:56:00,96.3033,96.442,96.3012,96.4144,974
2020-01-06 14:57:00,96.4144,96.581,96.3785,96.5264,8626
2020-01-06 14:58:00,96.5264,96.5975,96.521,96.5685,6087
2020-01-06 14:59:00,96.5685,96.6026,96.5164,96.5846,1278
2020-01-06 15:00:00,96.5846,96.6283,96.3512,96.3531,729
2020-01-06 15:01:00,96.3531,96.3881,96.2834,96.2877,6619
2020-01-06 15:02:00,96.2877,96.3525,96.1257,96.2414,6114
2020-01-06 15:03:00,96.2414,96.271,96.0499,96.061,180
2020-01-06 15:04:00,96.061,96.1069,95.8934,95.9498,1009
2020-01-06 15:05:00,95.9498,96.01,95.7359,95.7598,8741
2020-01-06 15:06:00,95.7598,95.7949,95.7256,95.7561,3170
2020-01-06 15:07:00,95.7561,95.8771,95.7357,95.8345,5529
2020-01-06 15:08:00,95.8345,95.9538,95.8082,95.9406,4178
2020-01-06 15:09:00,95.9406,96.0326,95.9122,95.9804,2079
2020-01-06 15:10:00,95.9804,95.9862,95.8769,95.8879,4875
2020-01-06 15:11:00,95.8879,95.8977,95.6292,95.7026,6928
2020-01-06 15:12:00,95.7026,95.7199,95.4999,95.5345,829
2020-01-06 15:13:00,95.5345,95.6012,95.3431,95.4133,8005
2020-01-06 15:14:00,95.4133,95.4523,95.3177,95.3284,3120
2020-01-06 15:15:00,95.3284,95.3518,95.273,95.3132,9305
2020-01-06 15:16:00,95.3132,95.4069,95.1998,95.2166,4875
2020-01-06 15:17:00,95.2166,95.2699,95.1642,95.2488,1420
2020-01-06 15:18:00,95.2488,95.3309,95.1894,95.2267,6432
2020-01-06 15:19:00,95.2267,95.3711,95.1504,95.2277,3364
2020-01-06 15:20:00,95.2277,95.3692,95.1615,95.3363,4708
2020-01-06 15:21:00,95.3363,95.3439,95.1792,95.2238,3008
2020-01-06 15:22:00,95.2238,95.3041,95.1839,95.2636,3143
2020-01-06 15:23:00,95.2636,95.3018,95.2612,95.2623,2290
2020-01-06 15:24:00,95.2623,95.3438,95.2177,95.2305,6046
2020-01-06 15:25:00,95.2305,95.3518,95.2025,95.3149,3604
2020-01-06 15:26:00,95.3149,95.4163,95.298,95.3986,7406
2020-01-06 15:27:00,95.3986,95.4436,95.3019,95.3083,9594
2020-01-06 15:28:00,95.3083,95.3152,95.2215,95.291,9081
2020-01-06 15:29:00,95.291,95.3594,95.2451,95.3178,8214
2020-01-06 15:30:00,95.3178,95.3362,95.266,95.2918,8064
2020-01-06 15:31:00,95.2918,95.3613,95.2558,95.3475,2064
2020-01-06 15:32:00,95.3475,95.5089,95.2878,95.3743,8708
2020-01-06 15:33:00,95.3743,95.6006,95.374,95.5491,1444
2020-01-06 15:34:00,95.5491,95.604,95.3657,95.4029,2837
2020-01-06 15:35:00,95.4029,95.4725,95.3678,95.3912,2745
2020-01-06 15:36:00,95.3912,95.4249,95.2805,95.3045,904
2020-01-06 15:37:00,95.3045,95.3657,95.2908,95.3621,8121
2020-01-06 15:38:00,95.3621,95.4098,95.1567,95.2079,6121
2020-01-06 15:39:00,95.2079,95.3171,95.1691,95.2409,5018
2020-01-06 15:40:00,95.2409,95.308,95.1444,95.1809,4505
2020-01-06 15:41:00,95.1809,95.2062,95.1022,95.111,4898
2020-01-06 15:42:00,95.111,95.1958,94.9662,94.9734,2675
2020-01-06 15:43:00,94.9734,94.9736,94.9291,94.9292,6883
2020-01-06 15:44:00,94.9292,95.1552,94.9271,95.0322,4892
2020-01-06 15:45:00,95.0322,95.0391,95.0198,95.0298,3813
2020-01-06 15:46:00,95.0298,95.1168,95.0052,95.0894,8896
2020-01-06 15:47:00,95.0894,95.3144,95.0684,95.2477,9942
2020-01-06 15:48:00,95.2477,95.3337,95.1729,95.2728,4516
2020-01-06 15:49:00,95.2728,95.2972,95.2133,95.2196,403
2020-01-06 15:50:00,95.2196,95.2708,95.1479,95.2641,618
2020-01-06 15:51:00,95.2641,95.2886,95.182,95.2122,4130
2020-01-06 15:52:00,95.2122,95.2511,95.1277,95.1642,9232
2020-01-06 15:53:00,95.1642,95.1715,94.9906,95.0196,6435
2020-01-06 15:54:00,95.0196,95.1603,95.014,95.1076,6265
2020-01-06 15:55:00,95.1076,95.1923,94.9705,95.0709,179
2020-01-06 15:56:00,95.0709,95.0906,95.0246,95.0882,8394
2020-01-06 15:57:00,95.0882,95.1482,94.956,94.9897,9020
2020-01-06 15:58:00,94.9897,95.0751,94.9351,95.0311,2550
2020-01-06 15:59:00,95.0311,95.035,94.8881,94.9587,9247
2020-01-06 16:00:00,94.9587,95.0416,94.8871,94.9452,5014
2020-01-06 16:01:00,94.9452,95.0556,94.9031,95.0286,9031
2020-01-06 16:02:00,95.0286,95.1949,94.9583,95.1037,5809
2020-01-06 16:03:00,95.1037,95.2075,95.0306,95.1016,8885
2020-01-06 16:04:00,95.1016,95.1578,94.9253,94.9335,3649
2020-01-06 16:05:00,94.9335,95.2565,94.9162,95.2176,662
2020-01-06 16:06:00,95.2176,95.4141,95.1769,95.3838,5110
2020-01-06 16:07:00,95.3838,95.4748,95.2697,95.4528,1799
2020-01-06 16:08:00,95.4528,95.5313,95.2943,95.3809,6494
2020-01-06 16:09:00,95.3809,95.4333,95.3647,95.37,9016
2020-01-06 16:10:00,95.37,95.3928,95.2745,95.3182,9725
2020-01-06 16:11:00,95.3182,95.4644,95.3153,95.4387,1442
2020-01-06 16:12:00,95.4387,95.5048,95.4152,95.4637,1995
2020-01-06 16:13:00,95.4637,95.5284,95.2781,95.3889,6328
2020-01-06 16:14:00,95.3889,95.4026,95.3256,95.344,4200
2020-01-06 16:15:00,95.344,95.4692,95.3035,95.4509,2382
2020-01-06 16:16:00,95.4509,95.7045,95.4371,95.6036,474
2020-01-06 16:17:00,95.6036,95.7747,95.5253,95.7497,2422
2020-01-06 16:18:00,95.7497,95.8665,95.7468,95.8222,9686
2020-01-06 16:19:00,95.8222,95.8871,95.7588,95.798,9847
2020-01-06 16:20:00,95.798,95.8291,95.4442,95.4875,9215
2020-01-06 16:21:00,95.4875,95.5755,95.4148,95.5158,9132
2020-01-06 16:22:00,95.5158,95.5398,95.4861,95.5157,4823
2020-01-06 16:23:00,95.5157,95.555,95.4625,95.529,2151
2020-01-06 16:24:00,95.529,95.5472,95.4278,95.5342,1647
2020-01-06 16:25:00,95.5342,95.5639,95.3371,95.4075,2553
2020-01-06 16:26:00,95.4075,95.4999,95.3709,95.4606,9728
2020-01-06 16:27:00,95.4606,95.5338,95.4209,95.521,2464
2020-01-06 16:28:00,95.521,95.6097,95.4933,95.5862,7698
2020-01-06 16:29:00,95.5862,95.7089,95.5423,95.6767,6583
2020-01-06 16:30:00,95.6767,95.7476,95.6247,95.7345,7921
2020-01-06 16:31:00,95.7345,95.7502,95.67,95.6952,4714
2020-01-06 16:32:00,95.6952,95.6975,95.6787,95.6884,6130
2020-01-06 16:33:00,95.6884,95.7193,95.6233,95.6971,1023
2020-01-06 16:34:00,95.6971,95.7261,95.6442,95.7074,9742
2020-01-06 16:35:00,95.7074,95.8204,95.6301,95.803,9837
2020-01-06 16:36:00,95.803,95.9053,95.7652,95.8646,4886
2020-01-06 16:37:00,95.8646,96.0745,95.8024,96.0638,6858
2020-01-06 16:38:00,96.0638,96.3073,96.0287,96.2758,7567
2020-01-06 16:39:00,96.2758,96.3541,96.273,96.2834,7321
2020-01-06 16:40:00,96.2834,96.3308,95.8322,95.914,2358
2020-01-06 16:41:00,95.914,96.0332,95.8587,96.0326,4642
2020-01-06 16:42:00,96.0326,96.0428,95.889,95.9808,169
2020-01-06 16:43:00,95.9808,96.0309,95.825,95.9038,9616
2020-01-06 16:44:00,95.9038,95.9267,95.8152,95.8656,6013
2020-01-06 16:45:00,95.8656,95.9315,95.7308,95.8228,8225
2020-01-06 16:46:00,95.8228,95.8848,95.8089,95.8815,7491
2020-01-06 16:47:00,95.8815,95.8962,95.7297,95.7319,467
2020-01-06 16:48:00,95.7319,95.7445,95.5853,95.6288,1983
2020-01-06 16:49:00,95.6288,95.7321,95.6149,95.6616,5408
2020-01-06 16:50:00,95.6616,95.8402,95.6437,95.7212,6629
2020-01-06 16:51:00,95.7212,95.8362,95.6979,95.7826,8976
2020-01-06 16:52:00,95.7826,95.8205,95.6322,95.7072,5176
2020-01-06 16:53:00,95.7072,95.7291,95.6024,95.6136,7025
2020-01-06 16:54:00,95.6136,95.7731,95.5607,95.5651,6920
2020-01-06 16:55:00,95.5651,95.6494,95.5442,95.5881,3813
2020-01-06 16:56:00,95.5881,95.7792,95.5402,95.7301,3301
2020-01-06 16:57:00,95.7301,95.7544,95.491,95.534,2020
2020-01-06 16:58:00,95.534,95.5422,95.4834,95.513,8979
2020-01-06 16:59:00,95.513,95.5324,95.3436,95.3857,252
2020-01-06 17:00:00,95.3857,95.4162,95.2125,95.2281,4753
2020-01-06 17:01:00,95.2281,95.3627,95.2075,95.3202,7617
2020-01-06 17:02:00,95.3202,95.411,95.2795,95.3721,7276
2020-01-06 17:03:00,95.3721,95.427,95.3274,95.4149,9362
2020-01-06 17:04:00,95.4149,95.5227,95.4135,95.5028,6573
2020-01-06 17:05:00,95.5028,95.5549,95.4394,95.457,3890
2020-01-06 17:06:00,95.457,95.4928,95.3986,95.4157,6996
2020-01-06 17:07:00,95.4157,95.6671,95.401,95.6243,4198
2020-01-06 17:08:00,95.6243,95.6643,95.545,95.6007,7676
2020-01-06 17:09:00,95.6007,95.7056,95.5531,95.671,1159
2020-01-06 17:10:00,95.671,95.6962,95.617,95.6716,2958
2020-01-06 17:11:00,95.6716,95.7151,95.4601,95.4947,7701
2020-01-06 17:12:00,95.4947,95.5502,95.2799,95.2995,6050
2020-01-06 17:13:00,95.2995,95.3508,95.1903,95.2443,8248
2020-01-06 17:14:00,95.2443,95.3573,95.1864,95.3449,9733
2020-01-06 17:15:00,95.3449,95.5004,95.3082,95.4201,2366
2020-01-06 17:16:00,95.4201,95.5799,95.3395,95.5073,2348
2020-01-06 17:17:00,95.5073,95.5915,95.3816,95.413,4589
2020-01-06 17:18:00,95.413,95.5845,95.3879,95.5672,7806
2020-01-06 17:19:00,95.5672,95.5853,95.4233,95.475,8892
2020-01-06 17:20:00,95.475,95.5046,95.4677,95.4953,8086
2020-01-06 17:21:00,95.4953,95.5286,95.4296,95.4943,935
2020-01-06 17:22:00,95.4943,95.4978,95.3721,95.4777,8691
2020-01-06 17:23:00,95.4777,95.6408,95.4286,95.6055,1107
2020-01-06 17:24:00,95.6055,95.639,95.5336,95.5381,9058
2020-01-06 17:25:00,95.5381,95.5613,95.3758,95.4092,532
2020-01-06 17:26:00,95.4092,95.4541,95.4084,95.4111,8691
2020-01-06 17:27:00,95.4111,95.4477,95.2854,95.3729,5221
2020-01-06 17:28:00,95.3729,95.7607,95.3417,95.695,428
2020-01-06 17:29:00,95.695,95.7839,95.6495,95.7598,4830
2020-01-06 17:30:00,95.7598,95.8226,95.6882,95.7206,1712
2020-01-06 17:31:00,95.7206,95.7611,95.5337,95.6195,4345
2020-01-06 17:32:00,95.6195,95.6545,95.3861,95.4397,2104
2020-01-06 17:33:00,95.4397,95.4489,95.3208,95.3418,6803
2020-01-06 17:34:00,95.3418,95.3705,95.3031,95.3528,6869
2020-01-06 17:35:00,95.3528,95.5953,95.2626,95.4889,5724
2020-01-06 17:36:00,95.4889,95.6038,95.4541,95.596,6819
2020-01-06 17:37:00,95.596,95.6339,95.5511,95.6179,3110
2020-01-06 17:38:00,95.6179,95.663,95.48,95.587,4345
2020-01-06 17:39:00,95.587,95.6569,95.5504,95.6127,9900
2020-01-06 17:40:00,95.6127,95.6238,95.4951,95.5631,3218
2020-01-06 17:41:00,95.5631,95.735,95.469,95.7273,461
2020-01-06 17:42:00,95.7273,95.8242,95.6457,95.7092,1816
2020-01-06 17:43:00,95.7092,95.714,95.6528,95.7009,2521
2020-01-06 17:44:00,95.7009,95.7221,95.4547,95.4889,4290
2020-01-06 17:45:00,95.4889,95.5197,95.423,95.4702,7368
2020-01-06 17:46:00,95.4702,95.6326,95.4557,95.5501,3561
2020-01-06 17:47:00,95.5501,95.5893,95.4395,95.4481,4081
2020-01-06 17:48:00,95.4481,95.5601,95.3668,95.3764,4828
2020-01-06 17:49:00,95.3764,95.4523,95.3598,95.452,2150
2020-01-06 17:50:00,95.452,95.4618,95.3003,95.3111,4359
2020-01-06 17:51:00,95.3111,95.5187,95.3056,95.4119,4812
2020-01-06 17:52:00,95.4119,95.4993,95.3371,95.3611,9660
2020-01-06 17:53:00,95.3611,95.4041,95.3073,95.3241,8127
2020-01-06 17:54:00,95.3241,95.3305,95.202,95.2169,4361
2020-01-06 17:55:00,95.2169,95.2623,95.1266,95.2529,6303
2020-01-06 17:56:00,95.2529,95.5135,95.2348,95.4872,5964
2020-01-06 17:57:00,95.4872,95.5657,95.4784,95.5619,6625
2020-01-06 17:58:00,95.5619,95.622,95.4679,95.4793,8952
2020-01-06 17:59:00,95.4793,95.6048,95.4332,95.5877,5342
2020-01-06 18:00:00,95.5877,95.6986,95.5053,95.5574,4662
2020-01-06 18:01:00,95.5574,95.69,95.5525,95.6888,7556
2020-01-06 18:02:00,95.6888,95.7947,95.5688,95.766,8807
2020-01-06 18:03:00,95.766,95.8146,95.4711,95.4841,6480
2020-01-06 18:04:00,95.4841,95.5679,95.3371,95.3882,9011
2020-01-06 18:05:00,95.3882,95.4941,95.3536,95.4783,8463
2020-01-06 18:06:00,95.4783,95.5592,95.4699,95.4928,1569
2020-01-06 18:07:00,95.4928,95.5079,95.3698,95.395,1273
2020-01-06 18:08:00,95.395,95.4411,95.2936,95.3346,4766
2020-01-06 18:09:00,95.3346,95.4178,95.1066,95.1529,5000
2020-01-06 18:10:00,95.1529,95.1776,95.0947,95.1444,1274
2020-01-06 18:11:00,95.1444,95.355,95.1305,95.3548,3844
2020-01-06 18:12:00,95.3548,95.4643,95.3401,95.4315,4308
2020-01-06 18:13:00,95.4315,95.6537,95.3909,95.6406,4131
2020-01-06 18:14:00,95.6406,95.7283,95.6331,95.725,6731
2020-01-06 18:15:00,95.725,95.8869,95.6802,95.8233,7201
2020-01-06 18:16:00,95.8233,96.0255,95.7983,96.0125,9689
2020-01-06 18:17:00,96.0125,96.0786,95.9494,96.0487,4121
2020-01-06 18:18:00,96.0487,96.0546,96.0144,96.0307,8989
2020-01-06 18:19:00,96.0307,96.1733,96.0186,96.1299,1874
2020-01-06 18:20:00,96.1299,96.2881,96.0764,96.2696,5466
2020-01-06 18:21:00,96.2696,96.3119,96.2167,96.2234,3573
2020-01-06 18:22:00,96.2234,96.2869,96.1081,96.154,4163
2020-01-06 18:23:00,96.154,96.1749,96.1273,96.1674,8223
2020-01-06 18:24:00,96.1674,96.2726,96.141,96.2473,6368
2020-01-06 18:25:00,96.2473,96.3403,96.2313,96.3241,4708
2020-01-06 18:26:00,96.3241,96.3587,96.1379,96.187,2780
2020-01-06 18:27:00,96.187,96.4005,96.1698,96.3708,6844
2020-01-06 18:28:00,96.3708,96.4216,96.2257,96.309,3703
2020-01-06 18:29:00,96.309,96.3162,96.2732,96.2835,3444
2020-01-06 18:30:00,96.2835,96.3173,96.1748,96.1966,9721
2020-01-06 18:31:00,96.1966,96.457,96.1193,96.4562,6013
2020-01-06 18:32:00,96.4562,96.546,96.4135,96.4795,8318
2020-01-06 18:33:00,96.4795,96.4937,96.3381,96.3974,3871
2020-01-06 18:34:00,96.3974,96.5093,96.3595,96.4807,9733
2020-01-06 18:35:00,96.4807,96.5912,96.4,96.5549,6842
2020-01-06 18:36:00,96.5549,96.6045,96.5267,96.5368,8858
2020-01-06 18:37:00,96.5368,96.7299,96.5111,96.6179,8538
2020-01-06 18:38:00,96.6179,96.6562,96.5138,96.5382,1623
2020-01-06 18:39:00,96.5382,96.5952,96.4156,96.4906,2464
2020-01-06 18:40:00,96.4906,96.4991,96.2652,96.2966,7701
2020-01-06 18:41:00,96.2966,96.3388,96.1586,96.1691,5452
2020-01-06 18:42:00,96.1691,96.3474,96.1528,96.343,5154
2020-01-06 18:43:00,96.343,96.5519,96.3394,96.5011,7025
2020-01-06 18:44:00,96.5011,96.5127,96.3803,96.5075,4065
2020-01-06 18:45:00,96.5075,96.6969,96.506,96.668,3792
2020-01-06 18:46:00,96.668,96.6876,96.6112,96.6525,5181
2020-01-06 18:47:00,96.6525,96.6818,96.5732,96.629,1873
2020-01-06 18:48:00,96.629,96.6907,96.5684,96.6344,3037
2020-01-06 18:49:00,96.6344,96.646,96.5808,96.6223,3990
2020-01-06 18:50:00,96.6223,96.6237,96.5695,96.6016,7636
2020-01-06 18:51:00,96.6016,96.7521,96.5687,96.712,7435
2020-01-06 18:52:00,96.712,96.7679,96.6508,96.7265,1191
2020-01-06 18:53:00,96.7265,96.8416,96.6973,96.7954,8219
2020-01-06 18:54:00,96.7954,96.9082,96.7649,96.8953,6206
2020-01-06 18:55:00,96.8953,96.9567,96.8747,96.9329,9038
2020-01-06 18:56:00,96.9329,96.9718,96.8147,96.8388,9866
2020-01-06 18:57:00,96.8388,96.9275,96.6814,96.7078,4540
2020-01-06 18:58:00,96.7078,96.8273,96.6949,96.7222,3701
2020-01-06 18:59:00,96.7222,96.7393,96.6725,96.7057,3616
2020-01-06 19:00:00,96.7057,96.7185,96.661,96.7141,2952
2020-01-06 19:01:00,96.7141,96.7232,96.5939,96.7126,691
2020-01-06 19:02:00,96.7126,97.0161,96.6784,96.9624,792
2020-01-06 19:03:00,96.9624,97.0257,96.8254,96.8334,1263
2020-01-06 19:04:00,96.8334,96.9195,96.6113,96.6407,8700
2020-01-06 19:05:00,96.6407,96.6959,96.5697,96.6729,2482
2020-01-06 19:06:00,96.6729,96.736,96.5381,96.6365,5500
2020-01-06 19:07:00,96.6365,96.752,96.634,96.667,8696
2020-01-06 19:08:00,96.667,96.7447,96.5873,96.7235,5942
2020-01-06 19:09:00,96.7235,96.8875,96.7168,96.8477,6075
2020-01-06 19:10:00,96.8477,96.8593,96.6842,96.7017,4842
2020-01-06 19:11:00,96.7017,96.7157,96.6467,96.6479,1583
2020-01-06 19:12:00,96.6479,96.7147,96.5425,96.6893,5258
2020-01-06 19:13:00,96.6893,96.8142,96.6529,96.7638,9156
2020-01-06 19:14:00,96.7638,97.0317,96.7186,96.976,1684
2020-01-06 19:15:00,96.976,97.158,96.9747,97.0687,8508
2020-01-06 19:16:00,97.0687,97.1466,97.0471,97.0632,7513
2020-01-06 19:17:00,97.0632,97.1057,96.9256,96.9768,842
2020-01-06 19:18:00,96.9768,96.9803,96.8853,96.922,4613
2020-01-06 19:19:00,96.922,97.005,96.825,96.8646,9155
2020-01-06 19:20:00,96.8646,96.9878,96.7914,96.9281,4082
2020-01-06 19:21:00,96.9281,96.9693,96.9244,96.953,2955
2020-01-06 19:22:00,96.953,96.9925,96.8207,96.8247,4146
2020-01-06 19:23:00,96.8247,96.9698,96.7824,96.7824,3784
2020-01-06 19:24:00,96.7824,96.8725,96.7454,96.8674,8741
2020-01-06 19:25:00,96.8674,96.9321,96.8371,96.9014,1215
2020-01-06 19:26:00,96.9014,96.9649,96.8468,96.9565,2937
2020-01-06 19:27:00,96.9565,97.0056,96.9352,96.9937,3528
2020-01-06 19:28:00,96.9937,97.1769,96.9473,97.1514,7144
2020-01-06 19:29:00,97.1514,97.1958,97.0567,97.1744,2293
2020-01-06 19:30:00,97.1744,97.2353,97.0924,97.1368,3438
2020-01-06 19:31:00,97.1368,97.1692,97.0403,97.0479,2266
2020-01-06 19:32:00,97.0479,97.1089,97.0172,97.0721,1626
2020-01-06 19:33:00,97.0721,97.1573,96.8008,96.8352,8555
2020-01-06 19:34:00,96.8352,96.8789,96.7888,96.8173,9591
2020-01-06 19:35:00,96.8173,96.9147,96.7939,96.7974,3518
2020-01-06 19:36:00,96.7974,96.8812,96.6274,96.6653,2812
2020-01-06 19:37:00,96.6653,96.6895,96.5756,96.5756,886
2020-01-06 19:38:00,96.5756,96.6677,96.5726,96.6538,5088
2020-01-06 19:39:00,96.6538,96.7402,96.6429,96.6761,335
2020-01-06 19:40:00,96.6761,96.6887,96.652,96.6859,3434
2020-01-06 19:41:00,96.6859,96.7275,96.6427,96.7156,1174
2020-01-06 19:42:00,96.7156,96.7525,96.6797,96.7245,843
2020-01-06 19:43:00,96.7245,96.8869,96.6256,96.8447,1105
2020-01-06 19:44:00,96.8447,96.8634,96.8152,96.8567,8304
2020-01-06 19:45:00,96.8567,96.9148,96.6913,96.7154,7124
2020-01-06 19:46:00,96.7154,96.8771,96.6717,96.8731,1950
2020-01-06 19:47:00,96.8731,96.9153,96.827,96.909,5001
2020-01-06 19:48:00,96.909,96.948,96.8124,96.8519,3703
2020-01-06 19:49:00,96.8519,96.8599,96.6913,96.7305,2360
2020-01-06 19:50:00,96.7305,96.7765,96.6937,96.7688,9275
2020-01-06 19:51:00,96.7688,96.8257,96.7406,96.7574,7914
2020-01-06 19:52:00,96.7574,96.9876,96.7062,96.9098,1388
2020-01-06 19:53:00,96.9098,96.9134,96.8385,96.8762,9308
2020-01-06 19:54:00,96.8762,96.9131,96.7354,96.7951,2253
2020-01-06 19:55:00,96.7951,96.924,96.7819,96.8818,4682
2020-01-06 19:56:00,96.8818,97.008,96.8722,96.9715,4599
2020-01-06 19:57:00,96.9715,97.0124,96.9665,96.9878,4585
2020-01-06 19:58:00,96.9878,97.0876,96.9686,97.0534,707
2020-01-06 19:59:00,97.0534,97.0964,97.0294,97.0498,4144
2020-01-06 20:00:00,97.0498,97.1467,97.0422,97.0725,7243
2020-01-06 20:01:00,97.0725,97.2699,97.0238,97.1855,2936
2020-01-06 20:02:00,97.1855,97.3084,97.1366,97.2463,9001
2020-01-06 20:03:00,97.2463,97.2479,97.2124,97.2299,866
2020-01-06 20:04:00,97.2299,97.3942,97.2105,97.3613,3698
2020-01-06 20:05:00,97.3613,97.5062,97.0823,97.1311,191
2020-01-06 20:06:00,97.1311,97.3948,97.0862,97.3304,199
2020-01-06 20:07:00,97.3304,97.3368,97.1481,97.1644,8977
2020-01-06 20:08:00,97.1644,97.2405,97.0924,97.1034,7722
2020-01-06 20:09:00,97.1034,97.1083,97.035,97.0995,1850
2020-01-06 20:10:00,97.0995,97.1525,96.9847,97.0852,3769
2020-01-06 20:11:00,97.0852,97.2121,96.9674,97.183,493
2020-01-06 20:12:00,97.183,97.2364,97.0423,97.0802,8885
2020-01-06 20:13:00,97.0802,97.1718,97.0206,97.1055,9177
2020-01-06 20:14:00,97.1055,97.1256,97.0449,97.0493,8239
2020-01-06 20:15:00,97.0493,97.1228,96.9715,97.078,3152
2020-01-06 20:16:00,97.078,97.1613,97.0554,97.0717,8796
2020-01-06 20:17:00,97.0717,97.1117,97.0668,97.0807,5336
2020-01-06 20:18:00,97.0807,97.2189,96.9061,97.0273,3850
2020-01-06 20:19:00,97.0273,97.05,96.9352,96.9778,1877
2020-01-06 20:20:00,96.9778,97.0408,96.9768,97.0057,7033
2020-01-06 20:21:00,97.0057,97.1042,96.996,97.0972,8425
2020-01-06 20:22:00,97.0972,97.1641,96.9802,97.0391,3025
2020-01-06 20:23:00,97.0391,97.0569,96.9195,96.9548,7447
2020-01-06 20:24:00,96.9548,97.0203,96.928,97.0143,6920
2020-01-06 20:25:00,97.0143,97.019,96.9441,97.0112,684
2020-01-06 20:26:00,97.0112,97.0936,97.0047,97.0917,9728
2020-01-06 20:27:00,97.0917,97.1234,96.9437,97.0038,8648
2020-01-06 20:28:00,97.0038,97.0104,96.8125,96.8312,7702
2020-01-06 20:29:00,96.8312,96.8399,96.7633,96.7796,5296
2020-01-06 20:30:00,96.7796,96.7799,96.6077,96.7054,1800
2020-01-06 20:31:00,96.7054,96.751,96.658,96.6978,3781
2020-01-06 20:32:00,96.6978,96.7829,96.5369,96.6362,8828
2020-01-06 20:33:00,96.6362,96.7484,96.6072,96.7078,2568
2020-01-06 20:34:00,96.7078,96.7267,96.6188,96.6799,8442
2020-01-06 20:35:00,96.6799,96.7344,96.6504,96.6945,2650
2020-01-06 20:36:00,96.6945,96.7188,96.681,96.7097,987
2020-01-06 20:37:00,96.7097,96.7546,96.6848,96.7286,4938
2020-01-06 20:38:00,96.7286,96.7402,96.7214,96.7262,2662
2020-01-06 20:39:00,96.7262,96.829,96.7078,96.7756,9900
2020-01-06 20:40:00,96.7756,96.8978,96.6591,96.6986,7890
2020-01-06 20:41:00,96.6986,96.8578,96.6437,96.8339,6827
2020-01-06 20:42:00,96.8339,96.8562,96.7682,96.811,5631
2020-01-06 20:43:00,96.811,96.8333,96.6583,96.6841,9533
2020-01-06 20:44:00,96.6841,96.7456,96.673,96.7023,307
2020-01-06 20:45:00,96.7023,96.7601,96.5698,96.6199,3932
2020-01-06 20:46:00,96.6199,96.7284,96.6157,96.6842,3461
2020-01-06 20:47:00,96.6842,96.9254,96.6608,96.8979,2999
2020-01-06 20:48:00,96.8979,96.9363,96.8148,96.8216,8251
2020-01-06 20:49:00,96.8216,96.8899,96.7676,96.8538,5850
2020-01-06 20:50:00,96.8538,96.8838,96.683,96.6838,4134
2020-01-06 20:51:00,96.6838,96.7641,96.6775,96.7277,2379
2020-01-06 20:52:00,96.7277,96.7648,96.6053,96.642,5861
2020-01-06 20:53:00,96.642,96.7119,96.53,96.5816,9280
2020-01-06 20:54:00,96.5816,96.5973,96.3768,96.4753,6847
2020-01-06 20:55:00,96.4753,96.5701,96.4668,96.5459,6575
2020-01-06 20:56:00,96.5459,96.7446,96.5288,96.6431,7904
2020-01-06 20:57:00,96.6431,96.6795,96.6345,96.6454,1749
2020-01-06 20:58:00,96.6454,96.6487,96.5605,96.5619,2508
2020-01-06 20:59:00,96.5619,96.7663,96.5194,96.7154,9416
2020-01-06 21:00:00,96.7154,96.7614,96.6206,96.6428,8820
2020-01-06 21:01:00,96.6428,96.6586,96.4204,96.4338,5696
2020-01-06 21:02:00,96.4338,96.503,96.43,96.478,9563
2020-01-06 21:03:00,96.478,96.4893,96.3127,96.3714,7642
2020-01-06 21:04:00,96.3714,96.5366,96.3641,96.4667,1519
2020-01-06 21:05:00,96.4667,96.4802,96.4269,96.43,5795
2020-01-06 21:06:00,96.43,96.4919,96.351,96.4882,8226
2020-01-06 21:07:00,96.4882,96.644,96.4738,96.6234,4273
2020-01-06 21:08:00,96.6234,96.6575,96.4969,96.5066,1835
2020-01-06 21:09:00,96.5066,96.5141,96.4077,96.452,4485
2020-01-06 21:10:00,96.452,96.5004,96.4043,96.4447,1248
2020-01-06 21:11:00,96.4447,96.6398,96.3783,96.593,8123
2020-01-06 21:12:00,96.593,96.6895,96.4442,96.5294,5687
2020-01-06 21:13:00,96.5294,96.5695,96.4706,96.472,9815
2020-01-06 21:14:00,96.472,96.5564,96.446,96.5181,6795
2020-01-06 21:15:00,96.5181,96.582,96.3839,96.4624,9002
2020-01-06 21:16:00,96.4624,96.5102,96.424,96.4771,9252
2020-01-06 21:17:00,96.4771,96.5039,96.3235,96.3274,7958
2020-01-06 21:18:00,96.3274,96.5468,96.2587,96.5407,104
2020-01-06 21:19:00,96.5407,96.5781,96.3469,96.4106,5019
2020-01-06 21:20:00,96.4106,96.4244,96.3634,96.3796,8409
2020-01-06 21:21:00,96.3796,96.4666,96.3645,96.3765,2891
2020-01-06 21:22:00,96.3765,96.5656,96.3487,96.5608,9858
2020-01-06 21:23:00,96.5608,96.6256,96.4315,96.4329,6992
2020-01-06 21:24:00,96.4329,96.6664,96.3658,96.6242,6673
2020-01-06 21:25:00,96.6242,96.7329,96.5788,96.6973,5929
2020-01-06 21:26:00,96.6973,96.835,96.6317,96.7377,6924
2020-01-06 21:27:00,96.7377,96.7826,96.6186,96.6424,3472
2020-01-06 21:28:00,96.6424,96.7038,96.5852,96.6976,5639
2020-01-06 21:29:00,96.6976,96.7191,96.6184,96.6276,5281
2020-01-06 21:30:00,96.6276,96.8218,96.5391,96.75,9477
2020-01-06 21:31:00,96.75,96.7503,96.5871,96.6561,7353
2020-01-06 21:32:00,96.6561,96.6577,96.5564,96.6452,5232
2020-01-06 21:33:00,96.6452,96.7081,96.5297,96.5915,4612
2020-01-06 21:34:00,96.5915,96.6626,96.4586,96.4961,1247
2020-01-06 21:35:00,96.4961,96.5911,96.4397,96.5676,3166
2020-01-06 21:36:00,96.5676,96.6615,96.4878,96.6193,8907
2020-01-06 21:37:00,96.6193,96.7454,96.6188,96.7362,3220
2020-01-06 21:38:00,96.7362,96.7918,96.5299,96.564,1126
2020-01-06 21:39:00,96.564,96.6709,96.5179,96.6667,3170
2020-01-06 21:40:00,96.6667,96.9116,96.6438,96.9089,9053
2020-01-06 21:41:00,96.9089,96.9534,96.852,96.8652,5942
2020-01-06 21:42:00,96.8652,97.1245,96.8479,97.0487,5769
2020-01-06 21:43:00,97.0487,97.1387,97.0179,97.0232,7420
2020-01-06 21:44:00,97.0232,97.0781,96.8508,96.89,7584
2020-01-06 21:45:00,96.89,96.9575,96.8396,96.8604,4922
2020-01-06 21:46:00,96.8604,96.9695,96.8422,96.962,8725
2020-01-06 21:47:00,96.962,96.9668,96.7908,96.8807,1322
2020-01-06 21:48:00,96.8807,96.894,96.75,96.8225,9825
2020-01-06 21:49:00,96.8225,96.8998,96.7893,96.88,6283
2020-01-06 21:50:00,96.88,96.8988,96.8627,96.8803,4893
2020-01-06 21:51:00,96.8803,96.9766,96.7875,96.9369,5708
2020-01-06 21:52:00,96.9369,96.9795,96.9364,96.96,9083
2020-01-06 21:53:00,96.96,97.0123,96.9551,97.0065,7848
2020-01-06 21:54:00,97.0065,97.0141,96.9574,96.9646,6647
2020-01-06 21:55:00,96.9646,97.0325,96.8184,96.987,9344
2020-01-06 21:56:00,96.987,97.0095,96.8665,96.8971,2184
2020-01-06 21:57:00,96.8971,97.0255,96.8573,97.0219,2654
2020-01-06 21:58:00,97.0219,97.0237,96.935,96.9604,1781
2020-01-06 21:59:00,96.9604,97.0866,96.9275,97.0698,3822
2020-01-06 22:00:00,97.0698,97.0926,97.0081,97.0472,2136
2020-01-06 22:01:00,97.0472,97.1066,97.0392,97.0668,7203
2020-01-06 22:02:00,97.0668,97.119,96.9763,97.0187,3257
2020-01-06 22:03:00,97.0187,97.0387,96.8251,96.9202,7655
2020-01-06 22:04:00,96.9202,96.9498,96.7438,96.7511,7667
2020-01-06 22:05:00,96.7511,96.8059,96.6354,96.649,8713
2020-01-06 22:06:00,96.649,96.725,96.5668,96.6176,1058
2020-01-06 22:07:00,96.6176,96.6412,96.5502,96.6381,5552
2020-01-06 22:08:00,96.6381,96.8178,96.5954,96.7358,8886
2020-01-06 22:09:00,96.7358,96.7986,96.6707,96.6926,2317
2020-01-06 22:10:00,96.6926,96.7292,96.5747,96.6074,9640
2020-01-06 22:11:00,96.6074,96.6172,96.4616,96.468,2929
2020-01-06 22:12:00,96.468,96.5763,96.4219,96.5143,327
2020-01-06 22:13:00,96.5143,96.706,96.4882,96.6478,7593
2020-01-06 22:14:00,96.6478,96.7747,96.6153,96.7702,104
2020-01-06 22:15:00,96.7702,96.8582,96.754,96.8389,251
2020-01-06 22:16:00,96.8389,96.9574,96.8359,96.9007,3177
2020-01-06 22:17:00,96.9007,97.1153,96.8728,97.0652,6533
2020-01-06 22:18:00,97.0652,97.1222,97.0121,97.0974,4071
2020-01-06 22:19:00,97.0974,97.2384,97.0733,97.1602,1104
2020-01-06 22:20:00,97.1602,97.162,97.1254,97.129,7401
2020-01-06 22:21:00,97.129,97.1478,96.9252,96.9967,8102
2020-01-06 22:22:00,96.9967,97.0253,96.9098,96.9304,3760
2020-01-06 22:23:00,96.9304,97.0021,96.9252,96.9295,3618
2020-01-06 22:24:00,96.9295,96.9489,96.8716,96.9354,9286
2020-01-06 22:25:00,96.9354,97.2295,96.9202,97.1221,6589
2020-01-06 22:26:00,97.1221,97.1488,97.0616,97.13,9914
2020-01-06 22:27:00,97.13,97.3208,97.1198,97.2445,2727
2020-01-06 22:28:00,97.2445,97.2811,97.1747,97.2022,4808
2020-01-06 22:29:00,97.2022,97.2127,97.1451,97.1719,6187
2020-01-06 22:30:00,97.1719,97.2094,97.0264,97.0428,6917
2020-01-06 22:31:00,97.0428,97.0432,96.8393,96.9707,6556
2020-01-06 22:32:00,96.9707,97.0363,96.7917,97.0218,2025
2020-01-06 22:33:00,97.0218,97.0578,97.0149,97.0226,5802
2020-01-06 22:34:00,97.0226,97.2059,97.0182,97.1141,8464
2020-01-06 22:35:00,97.1141,97.1463,97.0392,97.1317,9484
2020-01-06 22:36:00,97.1317,97.1567,97.0263,97.0974,9418
2020-01-06 22:37:00,97.0974,97.3152,97.093,97.306,327
2020-01-06 22:38:00,97.306,97.4286,97.2805,97.2969,7400
2020-01-06 22:39:00,97.2969,97.4166,97.2627,97.41,3743
2020-01-06 22:40:00,97.41,97.439,97.3594,97.371,3828
2020-01-06 22:41:00,97.371,97.4958,97.3132,97.44,9526
2020-01-06 22:42:00,97.44,97.6195,97.318,97.5305,5328
2020-01-06 22:43:00,97.5305,97.5685,97.5256,97.5508,4716
2020-01-06 22:44:00,97.5508,97.5827,97.2951,97.3211,3815
2020-01-06 22:45:00,97.3211,97.3422,97.2597,97.3229,4621
2020-01-06 22:46:00,97.3229,97.4434,97.2826,97.4427,2221
2020-01-06 22:47:00,97.4427,97.5511,97.3659,97.4941,7363
2020-01-06 22:48:00,97.4941,97.544,97.464,97.5375,7396
2020-01-06 22:49:00,97.5375,97.561,97.3009,97.3695,442
2020-01-06 22:50:00,97.3695,97.3956,97.2929,97.2994,6644
2020-01-06 22:51:00,97.2994,97.4217,97.2539,97.3394,4417
2020-01-06 22:52:00,97.3394,97.4201,97.323,97.3794,9650
2020-01-06 22:53:00,97.3794,97.5115,97.2971,97.4976,4932
2020-01-06 22:54:00,97.4976,97.539,97.39,97.4835,3274
2020-01-06 22:55:00,97.4835,97.5268,97.472,97.5231,9029
2020-01-06 22:56:00,97.5231,97.5339,97.4967,97.5247,8154
2020-01-06 22:57:00,97.5247,97.5943,97.3768,97.4284,1126
2020-01-06 22:58:00,97.4284,97.4945,97.1822,97.2086,6049
2020-01-06 22:59:00,97.2086,97.2588,97.1874,97.2505,4739
2020-01-06 23:00:00,97.2505,97.2936,97.2251,97.2675,1203
2020-01-06 23:01:00,97.2675,97.3002,97.1253,97.2073,2783
2020-01-06 23:02:00,97.2073,97.2379,96.9825,97.0499,5044
2020-01-06 23:03:00,97.0499,97.1206,96.9343,97.1111,7064
2020-01-06 23:04:00,97.1111,97.1758,97.0696,97.0852,8687
2020-01-06 23:05:00,97.0852,97.1936,97.0733,97.1393,7603
2020-01-06 23:06:00,97.1393,97.4239,97.0779,97.3204,7477
2020-01-06 23:07:00,97.3204,97.3566,97.0756,97.112,9826
2020-01-06 23:08:00,97.112,97.1692,97.0157,97.044,8336
2020-01-06 23:09:00,97.044,97.0504,97.02,97.0237,2079
2020-01-06 23:10:00,97.0237,97.2721,97.0014,97.1649,1964
2020-01-06 23:11:00,97.1649,97.2577,96.9895,97.0059,4544
2020-01-06 23:12:00,97.0059,97.2005,96.9591,97.1936,3201
2020-01-06 23:13:00,97.1936,97.23,97.1537,97.2068,3533
2020-01-06 23:14:00,97.2068,97.2085,97.1594,97.1975,9095
2020-01-06 23:15:00,97.1975,97.2161,97.1781,97.1783,2169
2020-01-06 23:16:00,97.1783,97.2132,97.0603,97.1359,5240
2020-01-06 23:17:00,97.1359,97.2668,97.0753,97.2377,8782
2020-01-06 23:18:00,97.2377,97.2449,97.1272,97.1338,1579
2020-01-06 23:19:00,97.1338,97.2222,97.1276,97.1673,1803
2020-01-06 23:20:00,97.1673,97.1695,97.1208,97.13,4416
2020-01-06 23:21:00,97.13,97.1489,97.0538,97.056,4786
2020-01-06 23:22:00,97.056,97.3298,96.9337,97.307,5717
2020-01-06 23:23:00,97.307,97.3633,97.3008,97.3477,5008
2020-01-06 23:24:00,97.3477,97.4961,97.3293,97.4074,3330
2020-01-06 23:25:00,97.4074,97.5294,97.4025,97.5183,8434
2020-01-06 23:26:00,97.5183,97.6313,97.33,97.3797,1949
2020-01-06 23:27:00,97.3797,97.6033,97.3772,97.5503,4120
2020-01-06 23:28:00,97.5503,97.613,97.2722,97.3055,8336
2020-01-06 23:29:00,97.3055,97.3082,97.2115,97.2307,550
2020-01-06 23:30:00,97.2307,97.2601,97.172,97.1861,1359
2020-01-06 23:31:00,97.1861,97.3069,97.1807,97.2426,9295
2020-01-06 23:32:00,97.2426,97.2707,97.1649,97.2639,4877
2020-01-06 23:33:00,97.2639,97.3346,97.2359,97.2477,7492
2020-01-06 23:34:00,97.2477,97.2666,97.1986,97.2465,7675
2020-01-06 23:35:00,97.2465,97.2505,97.1359,97.1514,8086
2020-01-06 23:36:00,97.1514,97.2005,96.9034,97.006,2096
2020-01-06 23:37:00,97.006,97.093,96.9993,97.0764,4988
2020-01-06 23:38:00,97.0764,97.2201,97.0127,97.1438,7236
2020-01-06 23:39:00,97.1438,97.3025,97.0786,97.2977,1594
2020-01-06 23:40:00,97.2977,97.3713,97.2135,97.2208,9364
2020-01-06 23:41:00,97.2208,97.29,97.1729,97.2882,1678
2020-01-06 23:42:00,97.2882,97.4215,97.2075,97.2606,1335
2020-01-06 23:43:00,97.2606,97.3953,97.1983,97.3764,9307
2020-01-06 23:44:00,97.3764,97.4856,97.2854,97.4759,7093
2020-01-06 23:45:00,97.4759,97.5856,97.4513,97.4965,1659
2020-01-06 23:46:00,97.4965,97.5783,97.39,97.4634,9860
2020-01-06 23:47:00,97.4634,97.6046,97.4147,97.557,7988
2020-01-06 23:48:00,97.557,97.6559,97.517,97.6201,9802
2020-01-06 23:49:00,97.6201,97.6644,97.5456,97.5533,4675
2020-01-06 23:50:00,97.5533,97.5551,97.3884,97.4238,3956
2020-01-06 23:51:00,97.4238,97.4552,97.3504,97.3957,4239
2020-01-06 23:52:00,97.3957,97.5482,97.3239,97.5433,7932
2020-01-06 23:53:00,97.5433,97.665,97.5097,97.6551,3627
2020-01-06 23:54:00,97.6551,97.7137,97.5031,97.5465,6598
2020-01-06 23:55:00,97.5465,97.5714,97.3799,97.4326,5919
2020-01-06 23:56:00,97.4326,97.5784,97.3755,97.5568,3968
2020-01-06 23:57:00,97.5568,97.5588,97.4306,97.446,4551
2020-01-06 23:58:00,97.446,97.4996,97.4162,97.4956,7404
2020-01-06 23:59:00,97.4956,97.59,97.4051,97.4355,8194
2020-01-07 00:00:00,97.4355,97.6288,97.4071,97.5931,5839
2020-01-07 00:01:00,97.5931,97.6347,97.4766,97.5179,9793
2020-01-07 00:02:00,97.5179,97.6375,97.4176,97.6294,914
2020-01-07 00:03:00,97.6294,97.6582,97.5408,97.6475,7684
2020-01-07 00:04:00,97.6475,97.6931,97.6179,97.6721,4165
2020-01-07 00:05:00,97.6721,97.7101,97.4587,97.4796,1423
2020-01-07 00:06:00,97.4796,97.485,97.2489,97.2649,8296
2020-01-07 00:07:00,97.2649,97.2757,97.1681,97.2434,9550
2020-01-07 00:08:00,97.2434,97.2753,97.238,97.2675,2134
2020-01-07 00:09:00,97.2675,97.2683,97.1532,97.158,6690
2020-01-07 00:10:00,97.158,97.3007,97.0243,97.0522,6066
2020-01-07 00:11:00,97.0522,97.1391,97.0372,97.1067,299
2020-01-07 00:12:00,97.1067,97.1942,96.9911,97.1614,1805
2020-01-07 00:13:00,97.1614,97.1951,97.0947,97.148,4031
2020-01-07 00:14:00,97.148,97.2527,97.1032,97.2238,2168
2020-01-07 00:15:00,97.2238,97.238,97.0256,97.1096,3858
2020-01-07 00:16:00,97.1096,97.1624,97.0293,97.0751,2943
2020-01-07 00:17:00,97.0751,97.2589,97.0662,97.235,2296
2020-01-07 00:18:00,97.235,97.2662,97.1816,97.2417,8916
2020-01-07 00:19:00,97.2417,97.2693,97.2164,97.254,2233
2020-01-07 00:20:00,97.254,97.5131,97.2211,97.4782,2678
2020-01-07 00:21:00,97.4782,97.5688,97.3402,97.3418,6306
2020-01-07 00:22:00,97.3418,97.4538,97.2839,97.4193,8983
2020-01-07 00:23:00,97.4193,97.5897,97.3569,97.5815,2697
2020-01-07 00:24:00,97.5815,97.6386,97.4959,97.5498,913
2020-01-07 00:25:00,97.5498,97.719,97.5361,97.6336,6651
2020-01-07 00:26:00,97.6336,97.6486,97.533,97.5377,1727
2020-01-07 00:27:00,97.5377,97.5716,97.468,97.4707,4716
2020-01-07 00:28:00,97.4707,97.5708,97.4427,97.5083,3692
2020-01-07 00:29:00,97.5083,97.6128,97.4629,97.5861,2680
2020-01-07 00:30:00,97.5861,97.7313,97.5193,97.6955,6338
2020-01-07 00:31:00,97.6955,97.88,97.6711,97.8489,4032
2020-01-07 00:32:00,97.8489,97.9085,97.8233,97.8423,8587
2020-01-07 00:33:00,97.8423,97.9762,97.8284,97.9591,7213
2020-01-07 00:34:00,97.9591,98.0471,97.8634,97.9255,3351
2020-01-07 00:35:00,97.9255,98.0173,97.8878,98.0139,1254
2020-01-07 00:36:00,98.0139,98.0839,97.9877,98.0342,632
2020-01-07 00:37:00,98.0342,98.1134,98.0233,98.0779,5227
2020-01-07 00:38:00,98.0779,98.1342,98.0566,98.1194,987
2020-01-07 00:39:00,98.1194,98.1361,97.9201,97.962,3372
2020-01-07 00:40:00,97.962,97.9689,97.7933,97.8519,3025
2020-01-07 00:41:00,97.8519,97.8963,97.8179,97.8619,2532
2020-01-07 00:42:00,97.8619,97.8799,97.6947,97.6968,3697
2020-01-07 00:43:00,97.6968,97.7973,97.6403,97.778,8111
2020-01-07 00:44:00,97.778,97.8639,97.7697,97.8632,5625
2020-01-07 00:45:00,97.8632,97.941,97.8537,97.8952,4718
2020-01-07 00:46:00,97.8952,97.9044,97.766,97.7855,9126
2020-01-07 00:47:00,97.7855,97.9243,97.7287,97.9204,9669
2020-01-07 00:48:00,97.9204,98.1383,97.7999,98.1199,3580
2020-01-07 00:49:00,98.1199,98.1423,98.1011,98.1343,4706
2020-01-07 00:50:00,98.1343,98.2229,98.0189,98.1844,8503
2020-01-07 00:51:00,98.1844,98.2476,98.1727,98.2042,9218
2020-01-07 00:52:00,98.2042,98.2944,98.1668,98.2563,2772
2020-01-07 00:53:00,98.2563,98.3095,98.1782,98.2446,4132
2020-01-07 00:54:00,98.2446,98.2603,98.1811,98.2412,8636
2020-01-07 00:55:00,98.2412,98.3801,98.1578,98.3302,6093
2020-01-07 00:56:00,98.3302,98.5782,98.327,98.5608,6103
2020-01-07 00:57:00,98.5608,98.6016,98.406,98.4228,9993
2020-01-07 00:58:00,98.4228,98.4519,98.3989,98.4126,7525
2020-01-07 00:59:00,98.4126,98.4643,98.2783,98.2964,3946
2020-01-07 01:00:00,98.2964,98.5314,98.2486,98.4529,4116
2020-01-07 01:01:00,98.4529,98.5175,98.3394,98.395,395
2020-01-07 01:02:00,98.395,98.451,98.2397,98.253,7824
2020-01-07 01:03:00,98.253,98.3525,98.1948,98.3157,7484
2020-01-07 01:04:00,98.3157,98.5365,98.2813,98.4872,4583
2020-01-07 01:05:00,98.4872,98.6175,98.4443,98.5526,1596
2020-01-07 01:06:00,98.5526,98.6815,98.4833,98.5728,1667
2020-01-07 01:07:00,98.5728,98.6963,98.5377,98.6131,6133
2020-01-07 01:08:00,98.6131,98.8062,98.6069,98.7526,5550
2020-01-07 01:09:00,98.7526,98.7908,98.5821,98.6663,2075
2020-01-07 01:10:00,98.6663,98.6916,98.5836,98.6553,4232
2020-01-07 01:11:00,98.6553,98.6936,98.5992,98.6106,7498
2020-01-07 01:12:00,98.6106,98.6389,98.4752,98.4954,4378
2020-01-07 01:13:00,98.4954,98.5933,98.4453,98.4631,8025
2020-01-07 01:14:00,98.4631,98.578,98.4162,98.5722,4265
2020-01-07 01:15:00,98.5722,98.688,98.4867,98.628,8528
2020-01-07 01:16:00,98.628,98.7041,98.5784,98.6916,563
2020-01-07 01:17:00,98.6916,98.7654,98.6487,98.706,5337
2020-01-07 01:18:00,98.706,98.8362,98.6719,98.7577,1029
2020-01-07 01:19:00,98.7577,98.7903,98.6636,98.6786,1986
2020-01-07 01:20:00,98.6786,98.7029,98.5588,98.6481,7773
2020-01-07 01:21:00,98.6481,98.6902,98.5712,98.667,7771
2020-01-07 01:22:00,98.667,98.7248,98.6631,98.6944,8018
2020-01-07 01:23:00,98.6944,98.8203,98.6703,98.726,4011
2020-01-07 01:24:00,98.726,98.7555,98.6649,98.7123,6644
2020-01-07 01:25:00,98.7123,98.7765,98.6576,98.6751,4512
2020-01-07 01:26:00,98.6751,99.032,98.5899,98.9867,817
2020-01-07 01:27:00,98.9867,99.153,98.9253,99.0764,6465
2020-01-07 01:28:00,99.0764,99.1572,99.0524,99.1174,757
2020-01-07 01:29:00,99.1174,99.199,99.0429,99.0943,1312
2020-01-07 01:30:00,99.0943,99.1547,99.0322,99.0495,6535
2020-01-07 01:31:00,99.0495,99.0943,98.9722,99.0366,857
2020-01-07 01:32:00,99.0366,99.1202,99.0281,99.0656,7002
2020-01-07 01:33:00,99.0656,99.0779,98.8719,98.8793,5636
2020-01-07 01:34:00,98.8793,98.9306,98.7076,98.7241,3578
2020-01-07 01:35:00,98.7241,98.759,98.639,98.6612,5672
2020-01-07 01:36:00,98.6612,98.6991,98.5817,98.6817,9522
2020-01-07 01:37:00,98.6817,98.8015,98.6414,98.6581,6169
2020-01-07 01:38:00,98.6581,98.885,98.5631,98.8039,5579
2020-01-07 01:39:00,98.8039,98.8061,98.6559,98.6574,5225
2020-01-07 01:40:00,98.6574,98.7212,98.4946,98.5833,5193
2020-01-07 01:41:00,98.5833,98.7834,98.5808,98.7332,5692
2020-01-07 01:42:00,98.7332,98.7951,98.7329,98.7461,182
2020-01-07 01:43:00,98.7461,98.8632,98.7262,98.8335,8066
2020-01-07 01:44:00,98.8335,99.1049,98.7909,99.0362,3862
2020-01-07 01:45:00,99.0362,99.07,98.9157,98.9675,1500
2020-01-07 01:46:00,98.9675,98.9822,98.878,98.9577,758
2020-01-07 01:47:00,98.9577,98.9788,98.9278,98.9307,6345
2020-01-07 01:48:00,98.9307,98.9651,98.6381,98.7373,5250
2020-01-07 01:49:00,98.7373,98.793,98.7008,98.7067,1437
2020-01-07 01:50:00,98.7067,98.8291,98.6657,98.7937,7240
2020-01-07 01:51:00,98.7937,98.8527,98.7897,98.8471,8985
2020-01-07 01:52:00,98.8471,98.9384,98.8281,98.9083,4427
2020-01-07 01:53:00,98.9083,98.9109,98.813,98.8711,9436
2020-01-07 01:54:00,98.8711,98.9057,98.7633,98.8063,3356
2020-01-07 01:55:00,98.8063,99.0135,98.7774,98.9317,963
2020-01-07 01:56:00,98.9317,98.9865,98.8165,98.8825,1349
2020-01-07 01:57:00,98.8825,98.9679,98.8779,98.9115,9510
2020-01-07 01:58:00,98.9115,98.9429,98.8835,98.9277,5004
2020-01-07 01:59:00,98.9277,99.1339,98.8485,99.0723,9341
2020-01-07 02:00:00,99.0723,99.1848,99.0022,99.1685,7461
2020-01-07 02:01:00,99.1685,99.1854,98.9774,99.0401,3002
2020-01-07 02:02:00,99.0401,99.0986,98.9196,98.9225,4906
2020-01-07 02:03:00,98.9225,99.0314,98.8998,98.9797,5483
2020-01-07 02:04:00,98.9797,99.0263,98.9259,98.9734,9786
2020-01-07 02:05:00,98.9734,99.0025,98.9089,98.9283,2436
2020-01-07 02:06:00,98.9283,99.0533,98.8914,99.0288,467
2020-01-07 02:07:00,99.0288,99.0951,99.0111,99.0474,511
2020-01-07 02:08:00,99.0474,99.1046,98.9978,99.0526,3193
2020-01-07 02:09:00,99.0526,99.1432,99.0413,99.1298,8134
2020-01-07 02:10:00,99.1298,99.1319,99.0132,99.0926,453
2020-01-07 02:11:00,99.0926,99.2482,99.0754,99.2481,9857
2020-01-07 02:12:00,99.2481,99.2738,99.1456,99.1698,5778
2020-01-07 02:13:00,99.1698,99.2638,99.1652,99.235,1438
2020-01-07 02:14:00,99.235,99.4309,99.1731,99.3773,4977
2020-01-07 02:15:00,99.3773,99.4013,99.2252,99.2404,428
2020-01-07 02:16:00,99.2404,99.2736,99.185,99.2063,9785
2020-01-07 02:17:00,99.2063,99.3678,99.176,99.3196,8255
2020-01-07 02:18:00,99.3196,99.4457,99.2993,99.4346,7116
2020-01-07 02:19:00,99.4346,99.4872,99.2816,99.4175,1586
2020-01-07 02:20:00,99.4175,99.4293,99.3359,99.3445,7707
2020-01-07 02:21:00,99.3445,99.4599,99.2611,99.4395,3835
2020-01-07 02:22:00,99.4395,99.6074,99.3791,99.5571,837
2020-01-07 02:23:00,99.5571,99.5755,99.411,99.4412,5467
2020-01-07 02:24:00,99.4412,99.4549,99.31,99.3215,3988
2020-01-07 02:25:00,99.3215,99.414,99.2984,99.3439,6992
2020-01-07 02:26:00,99.3439,99.4316,99.3243,99.4064,4943
2020-01-07 02:27:00,99.4064,99.489,99.2962,99.3766,9594
2020-01-07 02:28:00,99.3766,99.5068,99.3666,99.4442,6391
2020-01-07 02:29:00,99.4442,99.4883,99.3005,99.3735,2768
2020-01-07 02:30:00,99.3735,99.4227,98.9922,99.1634,4338
2020-01-07 02:31:00,99.1634,99.239,99.1023,99.1214,5171
2020-01-07 02:32:00,99.1214,99.2036,99.0725,99.1276,4266
2020-01-07 02:33:00,99.1276,99.1766,99.0953,99.1003,737
2020-01-07 02:34:00,99.1003,99.1482,98.9454,98.9855,4662
2020-01-07 02:35:00,98.9855,99.0004,98.7622,98.8057,2741
2020-01-07 02:36:00,98.8057,98.8471,98.7172,98.7549,8332
2020-01-07 02:37:00,98.7549,98.861,98.7216,98.8436,9062
2020-01-07 02:38:00,98.8436,99.0501,98.8052,98.9678,5902
2020-01-07 02:39:00,98.9678,99.1518,98.9394,99.0853,4474
2020-01-07 02:40:00,99.0853,99.0993,98.9447,99.0045,7738
2020-01-07 02:41:00,99.0045,99.0684,98.8372,98.8902,3116
2020-01-07 02:42:00,98.8902,99.0003,98.8715,98.9393,3810
2020-01-07 02:43:00,98.9393,99.0558,98.8873,99.0022,157
2020-01-07 02:44:00,99.0022,99.0663,98.9508,99.0418,9945
2020-01-07 02:45:00,99.0418,99.1054,98.7928,98.8423,3337
2020-01-07 02:46:00,98.8423,98.9227,98.7078,98.7566,6616
2020-01-07 02:47:00,98.7566,98.8113,98.666,98.7537,181
2020-01-07 02:48:00,98.7537,98.8123,98.7437,98.8018,6089
2020-01-07 02:49:00,98.8018,98.8793,98.7778,98.8776,6607
2020-01-07 02:50:00,98.8776,98.9136,98.7749,98.8919,1608
2020-01-07 02:51:00,98.8919,98.9342,98.7884,98.9246,5265
2020-01-07 02:52:00,98.9246,98.9722,98.859,98.933,8553
2020-01-07 02:53:00,98.933,99.0212,98.901,99.0008,3806
2020-01-07 02:54:00,99.0008,99.1289,98.9531,99.0318,6335
2020-01-07 02:55:00,99.0318,99.1706,99.0284,99.0383,4214
2020-01-07 02:56:00,99.0383,99.1157,98.9726,99.0117,2417
2020-01-07 02:57:00,99.0117,99.0435,98.9562,99.0198,4772
2020-01-07 02:58:00,99.0198,99.0845,99.0109,99.0678,8960
2020-01-07 02:59:00,99.0678,99.1338,99.0227,99.0943,1370
2020-01-07 03:00:00,99.0943,99.1683,99.0202,99.132,3914
2020-01-07 03:01:00,99.132,99.2926,99.1155,99.2651,4119
2020-01-07 03:02:00,99.2651,99.3982,99.178,99.2914,4815
2020-01-07 03:03:00,99.2914,99.3811,99.1802,99.227,6746
2020-01-07 03:04:00,99.227,99.3517,99.202,99.3147,6939
2020-01-07 03:05:00,99.3147,99.3624,99.1535,99.179,2331
2020-01-07 03:06:00,99.179,99.2233,99.037,99.0717,8732
2020-01-07 03:07:00,99.0717,99.1168,99.0655,99.105,680
2020-01-07 03:08:00,99.105,99.2629,99.071,99.1562,3421
2020-01-07 03:09:00,99.1562,99.1704,99.0065,99.0327,475
2020-01-07 03:10:00,99.0327,99.0744,98.9329,98.9948,6181
2020-01-07 03:11:00,98.9948,99.0348,98.8779,98.9348,5677
2020-01-07 03:12:00,98.9348,98.9472,98.8491,98.8867,3901
2020-01-07 03:13:00,98.8867,99.0046,98.8866,98.98,6589
2020-01-07 03:14:00,98.98,99.0516,98.9515,99.0499,828
2020-01-07 03:15:00,99.0499,99.054,98.9877,99.048,4375
2020-01-07 03:16:00,99.048,99.1409,98.9372,98.9939,6880
2020-01-07 03:17:00,98.9939,99.0692,98.8238,98.8603,2523
2020-01-07 03:18:00,98.8603,99.0494,98.8529,99.0007,6426
2020-01-07 03:19:00,99.0007,99.1065,98.9709,99.0594,2476
2020-01-07 03:20:00,99.0594,99.0756,98.9745,98.9894,6733
2020-01-07 03:21:00,98.9894,99.066,98.9778,99.0606,2347
2020-01-07 03:22:00,99.0606,99.1328,99.0495,99.0536,6722
2020-01-07 03:23:00,99.0536,99.067,99.0016,99.0252,5674
2020-01-07 03:24:00,99.0252,99.0963,98.9933,99.0683,7260
2020-01-07 03:25:00,99.0683,99.0819,98.9262,98.9948,6093
2020-01-07 03:26:00,98.9948,99.0063,98.9468,98.9608,5659
2020-01-07 03:27:00,98.9608,98.9881,98.9001,98.9728,2012
2020-01-07 03:28:00,98.9728,99.0685,98.8583,98.9234,3908
2020-01-07 03:29:00,98.9234,99.0019,98.9197,98.9896,2777
2020-01-07 03:30:00,98.9896,99.2322,98.9811,99.1746,5678
2020-01-07 03:31:00,99.1746,99.3701,99.0717,99.0998,9986
2020-01-07 03:32:00,99.0998,99.1595,98.8561,98.9348,4631
2020-01-07 03:33:00,98.9348,98.9557,98.7349,98.7367,1837
2020-01-07 03:34:00,98.7367,98.7649,98.6473,98.7219,5797
2020-01-07 03:35:00,98.7219,98.8229,98.6561,98.6564,145
2020-01-07 03:36:00,98.6564,98.7437,98.6337,98.6769,7119
2020-01-07 03:37:00,98.6769,98.7208,98.6484,98.69,5991
2020-01-07 03:38:00,98.69,98.7594,98.5039,98.5318,2041
2020-01-07 03:39:00,98.5318,98.5475,98.3328,98.3529,6160
2020-01-07 03:40:00,98.3529,98.3837,98.3319,98.3821,8447
2020-01-07 03:41:00,98.3821,98.448,98.3526,98.3954,1061
2020-01-07 03:42:00,98.3954,98.4484,98.335,98.3535,1044
2020-01-07 03:43:00,98.3535,98.3861,98.1249,98.1905,7874
2020-01-07 03:44:00,98.1905,98.2377,98.1509,98.2368,9570
2020-01-07 03:45:00,98.2368,98.3751,98.195,98.3617,9677
2020-01-07 03:46:00,98.3617,98.4362,98.2654,98.3891,4019
2020-01-07 03:47:00,98.3891,98.4522,98.2913,98.3057,6158
2020-01-07 03:48:00,98.3057,98.3499,98.3002,98.3101,3938
2020-01-07 03:49:00,98.3101,98.338,98.1341,98.1758,5659
2020-01-07 03:50:00,98.1758,98.3335,98.1553,98.2796,2750
2020-01-07 03:51:00,98.2796,98.3041,98.247,98.2877,8531
2020-01-07 03:52:00,98.2877,98.298,98.0791,98.1139,3354
2020-01-07 03:53:00,98.1139,98.1428,98.0587,98.0844,6502
2020-01-07 03:54:00,98.0844,98.1702,98.0559,98.1298,7727
2020-01-07 03:55:00,98.1298,98.1917,97.9842,98.0971,8791
2020-01-07 03:56:00,98.0971,98.1233,98.0624,98.0701,6319
2020-01-07 03:57:00,98.0701,98.1256,97.9068,97.95,4492
2020-01-07 03:58:00,97.95,98.0395,97.9407,98.0055,7819
2020-01-07 03:59:00,98.0055,98.0765,97.9251,97.9419,9721
2020-01-07 04:00:00,97.9419,98.0059,97.6495,97.7307,8818
2020-01-07 04:01:00,97.7307,97.7827,97.6834,97.6945,5951
2020-01-07 04:02:00,97.6945,97.8106,97.6869,97.7903,1908
2020-01-07 04:03:00,97.7903,97.8556,97.7482,97.7525,9502
2020-01-07 04:04:00,97.7525,98.0173,97.7465,97.9224,8275
2020-01-07 04:05:00,97.9224,98.02,97.8626,97.9644,9340
2020-01-07 04:06:00,97.9644,98.029,97.912,97.9976,4494
2020-01-07 04:07:00,97.9976,98.0599,97.9175,97.985,4768
2020-01-07 04:08:00,97.985,98.0016,97.9511,97.9783,9446
2020-01-07 04:09:00,97.9783,98.0736,97.9468,97.9525,5980
2020-01-07 04:10:00,97.9525,97.9549,97.9203,97.9229,775
2020-01-07 04:11:00,97.9229,97.9916,97.8394,97.9748,3378
2020-01-07 04:12:00,97.9748,98.0212,97.8815,97.8832,2339
2020-01-07 04:13:00,97.8832,97.989,97.7469,97.7778,9343
2020-01-07 04:14:00,97.7778,97.8043,97.5781,97.668,528
2020-01-07 04:15:00,97.668,97.879,97.6419,97.8678,2231
2020-01-07 04:16:00,97.8678,97.9842,97.791,97.9197,8789
2020-01-07 04:17:00,97.9197,97.9584,97.8991,97.9495,3966
2020-01-07 04:18:00,97.9495,97.9519,97.8019,97.846,950
2020-01-07 04:19:00,97.846,97.9207,97.8273,97.9069,2991
2020-01-07 04:20:00,97.9069,97.9204,97.8872,97.8955,9350
2020-01-07 04:21:00,97.8955,97.9346,97.8323,97.9165,2244
2020-01-07 04:22:00,97.9165,97.9436,97.8182,97.8209,8135
2020-01-07 04:23:00,97.8209,97.868,97.8043,97.8365,6650
2020-01-07 04:24:00,97.8365,97.874,97.7678,97.7951,7203
2020-01-07 04:25:00,97.7951,97.8249,97.6663,97.7202,8780
2020-01-07 04:26:00,97.7202,97.8605,97.6794,97.7919,8695
2020-01-07 04:27:00,97.7919,97.8697,97.5809,97.6416,5442
2020-01-07 04:28:00,97.6416,97.7112,97.6071,97.6967,8694
2020-01-07 04:29:00,97.6967,97.8095,97.6903,97.7636,3757
2020-01-07 04:30:00,97.7636,97.8062,97.63,97.6776,283
2020-01-07 04:31:00,97.6776,97.7939,97.5418,97.5975,6520
2020-01-07 04:32:00,97.5975,97.6094,97.5474,97.5757,1616
2020-01-07 04:33:00,97.5757,97.657,97.4769,97.6032,7562
2020-01-07 04:34:00,97.6032,97.6102,97.532,97.5883,4256
2020-01-07 04:35:00,97.5883,97.651,97.5462,97.6306,5185
2020-01-07 04:36:00,97.6306,97.8317,97.6038,97.8027,3793
2020-01-07 04:37:00,97.8027,97.8037,97.7364,97.7531,9841
2020-01-07 04:38:00,97.7531,97.8457,97.5189,97.5854,4510
2020-01-07 04:39:00,97.5854,97.7132,97.5658,97.666,2891
2020-01-07 04:40:00,97.666,97.8307,97.6203,97.8304,1095
2020-01-07 04:41:00,97.8304,97.8732,97.8246,97.8688,2956
2020-01-07 04:42:00,97.8688,97.9376,97.716,97.7624,8943
2020-01-07 04:43:00,97.7624,97.8375,97.7274,97.7503,7173
2020-01-07 04:44:00,97.7503,97.753,97.6066,97.6409,9184
2020-01-07 04:45:00,97.6409,97.7723,97.5926,97.7037,6279
2020-01-07 04:46:00,97.7037,97.7852,97.5609,97.5717,2102
2020-01-07 04:47:00,97.5717,97.5934,97.5058,97.5424,9356
2020-01-07 04:48:00,97.5424,97.5662,97.4258,97.4444,8460
2020-01-07 04:49:00,97.4444,97.4996,97.4092,97.4568,270
2020-01-07 04:50:00,97.4568,97.4911,97.325,97.4211,3789
2020-01-07 04:51:00,97.4211,97.439,97.4154,97.4383,838
2020-01-07 04:52:00,97.4383,97.4756,97.429,97.4405,3662
2020-01-07 04:53:00,97.4405,97.4439,97.2979,97.3443,1417
2020-01-07 04:54:00,97.3443,97.4239,97.3256,97.4054,7925
2020-01-07 04:55:00,97.4054,97.4135,97.377,97.4006,1387
2020-01-07 04:56:00,97.4006,97.4434,97.2809,97.3043,6181
2020-01-07 04:57:00,97.3043,97.5633,97.3042,97.5224,4136
2020-01-07 04:58:00,97.5224,97.6317,97.4764,97.5688,4636
2020-01-07 04:59:00,97.5688,97.6097,97.5507,97.5539,8949
2020-01-07 05:00:00,97.5539,97.7036,97.5454,97.6919,4303
2020-01-07 05:01:00,97.6919,97.8931,97.6169,97.8719,8223
2020-01-07 05:02:00,97.8719,97.8909,97.8543,97.8577,5434
2020-01-07 05:03:00,97.8577,97.9346,97.7592,97.8916,8024
2020-01-07 05:04:00,97.8916,97.8919,97.7697,97.7949,3301
2020-01-07 05:05:00,97.7949,97.829,97.7774,97.7805,8867
2020-01-07 05:06:00,97.7805,97.816,97.7236,97.7611,8591
2020-01-07 05:07:00,97.7611,97.781,97.7122,97.7791,1992
2020-01-07 05:08:00,97.7791,97.8448,97.7609,97.8117,5581
2020-01-07 05:09:00,97.8117,97.8767,97.7399,97.8664,323
2020-01-07 05:10:00,97.8664,97.9166,97.8351,97.8897,6820
2020-01-07 05:11:00,97.8897,97.9259,97.6955,97.7712,7754
2020-01-07 05:12:00,97.7712,97.8044,97.6653,97.6794,3748
2020-01-07 05:13:00,97.6794,97.704,97.5679,97.626,2841
2020-01-07 05:14:00,97.626,97.6308,97.5585,97.5985,7252
2020-01-07 05:15:00,97.5985,97.722,97.5534,97.701,5327
2020-01-07 05:16:00,97.701,97.7138,97.4958,97.5874,5611
2020-01-07 05:17:00,97.5874,97.6076,97.5037,97.5525,6319
2020-01-07 05:18:00,97.5525,97.7005,97.5166,97.6455,2397
2020-01-07 05:19:00,97.6455,97.6931,97.5948,97.6162,4436
2020-01-07 05:20:00,97.6162,97.6703,97.5895,97.6612,7493
2020-01-07 05:21:00,97.6612,97.7298,97.5532,97.6475,9991
2020-01-07 05:22:00,97.6475,97.6896,97.6216,97.6726,3434
2020-01-07 05:23:00,97.6726,97.7546,97.6314,97.6503,2162
2020-01-07 05:24:00,97.6503,97.7519,97.5714,97.7154,8956
2020-01-07 05:25:00,97.7154,97.7529,97.5363,97.5645,8787
2020-01-07 05:26:00,97.5645,97.6027,97.4809,97.529,1564
2020-01-07 05:27:00,97.529,97.5594,97.4848,97.5579,3805
2020-01-07 05:28:00,97.5579,97.653,97.5321,97.61,7012
2020-01-07 05:29:00,97.61,97.7949,97.5593,97.7557,535
2020-01-07 05:30:00,97.7557,97.8305,97.6784,97.7175,4496
2020-01-07 05:31:00,97.7175,97.9323,97.6577,97.8621,7196
2020-01-07 05:32:00,97.8621,97.8681,97.7683,97.7976,1797
2020-01-07 05:33:00,97.7976,97.9528,97.7798,97.9275,8229
2020-01-07 05:34:00,97.9275,98.0747,97.9118,98.0076,8194
2020-01-07 05:35:00,98.0076,98.0416,97.8423,97.9181,7222
2020-01-07 05:36:00,97.9181,97.9593,97.8851,97.9481,9338
2020-01-07 05:37:00,97.9481,98.0143,97.9052,97.9431,9381
2020-01-07 05:38:00,97.9431,98.0454,97.9002,98.0044,1518
2020-01-07 05:39:00,98.0044,98.045,97.9779,97.9825,3148
2020-01-07 05:40:00,97.9825,98.008,97.8883,97.9524,8861
2020-01-07 05:41:00,97.9524,98.0884,97.9453,98.0865,7260
2020-01-07 05:42:00,98.0865,98.1352,98.0492,98.0768,8320
2020-01-07 05:43:00,98.0768,98.1934,98.0169,98.1579,7743
2020-01-07 05:44:00,98.1579,98.1721,98.097,98.1357,740
2020-01-07 05:45:00,98.1357,98.3693,98.0942,98.2993,7301
2020-01-07 05:46:00,98.2993,98.3057,98.185,98.2326,6518
2020-01-07 05:47:00,98.2326,98.2592,98.1617,98.1723,6587
2020-01-07 05:48:00,98.1723,98.3704,98.1701,98.322,4875
2020-01-07 05:49:00,98.322,98.3907,98.189,98.2782,2085
2020-01-07 05:50:00,98.2782,98.5003,98.2096,98.4356,4916
2020-01-07 05:51:00,98.4356,98.6069,98.3723,98.5234,4267
2020-01-07 05:52:00,98.5234,98.5436,98.4557,98.5081,2129
2020-01-07 05:53:00,98.5081,98.5592,98.2676,98.3295,7412
2020-01-07 05:54:00,98.3295,98.3456,98.2614,98.3276,7305
2020-01-07 05:55:00,98.3276,98.3399,98.2952,98.3376,8765
2020-01-07 05:56:00,98.3376,98.4657,98.3223,98.4524,5216
2020-01-07 05:57:00,98.4524,98.6098,98.444,98.6088,270
2020-01-07 05:58:00,98.6088,98.6226,98.4498,98.5412,3344
2020-01-07 05:59:00,98.5412,98.6246,98.4794,98.6202,2571
2020-01-07 06:00:00,98.6202,98.7087,98.5908,98.6956,7131
2020-01-07 06:01:00,98.6956,98.8243,98.6683,98.8016,6075
2020-01-07 06:02:00,98.8016,98.8676,98.6359,98.8509,1345
2020-01-07 06:03:00,98.8509,98.8793,98.6057,98.6588,7869
2020-01-07 06:04:00,98.6588,98.7534,98.6126,98.6435,9089
2020-01-07 06:05:00,98.6435,98.7157,98.4893,98.5295,6119
2020-01-07 06:06:00,98.5295,98.5569,98.4997,98.5095,5667
2020-01-07 06:07:00,98.5095,98.6714,98.4867,98.6061,421
2020-01-07 06:08:00,98.6061,98.6755,98.5589,98.6362,4034
2020-01-07 06:09:00,98.6362,98.7584,98.623,98.7494,7419
2020-01-07 06:10:00,98.7494,98.8575,98.7054,98.7832,3995
2020-01-07 06:11:00,98.7832,98.7961,98.6191,98.6549,9360
2020-01-07 06:12:00,98.6549,98.6714,98.3877,98.4062,7263
2020-01-07 06:13:00,98.4062,98.4766,98.3908,98.4209,8615
2020-01-07 06:14:00,98.4209,98.494,98.3821,98.3998,6655
2020-01-07 06:15:00,98.3998,98.424,98.2587,98.3037,3432
2020-01-07 06:16:00,98.3037,98.3196,98.1009,98.1365,5438
2020-01-07 06:17:00,98.1365,98.1938,98.0467,98.0644,2767
2020-01-07 06:18:00,98.0644,98.101,98.0076,98.0453,8936
2020-01-07 06:19:00,98.0453,98.1676,97.9823,98.1106,3944
2020-01-07 06:20:00,98.1106,98.1722,98.0914,98.1291,9132
2020-01-07 06:21:00,98.1291,98.2953,98.1042,98.2869,8594
2020-01-07 06:22:00,98.2869,98.2962,98.0863,98.1851,3361
2020-01-07 06:23:00,98.1851,98.2965,98.126,98.2716,3860
2020-01-07 06:24:00,98.2716,98.3183,98.2601,98.2763,5179
2020-01-07 06:25:00,98.2763,98.349,98.2662,98.3445,7102
2020-01-07 06:26:00,98.3445,98.3528,98.2896,98.3016,435
2020-01-07 06:27:00,98.3016,98.4183,98.2828,98.407,1978
2020-01-07 06:28:00,98.407,98.4399,98.3343,98.436,1952
2020-01-07 06:29:00,98.436,98.453,98.3261,98.3691,4855
2020-01-07 06:30:00,98.3691,98.4769,98.3097,98.3679,2100
2020-01-07 06:31:00,98.3679,98.4939,98.2934,98.3444,5338
2020-01-07 06:32:00,98.3444,98.4239,98.316,98.3925,7888
2020-01-07 06:33:00,98.3925,98.5065,98.2524,98.2764,2229
2020-01-07 06:34:00,98.2764,98.3057,98.2291,98.2735,5232
2020-01-07 06:35:00,98.2735,98.3215,98.2185,98.3124,1068
2020-01-07 06:36:00,98.3124,98.3678,98.3108,98.3156,2625
2020-01-07 06:37:00,98.3156,98.4621,98.2606,98.448,2446
2020-01-07 06:38:00,98.448,98.5271,98.3938,98.5242,849
2020-01-07 06:39:00,98.5242,98.5799,98.5054,98.5235,9591
2020-01-07 06:40:00,98.5235,98.6074,98.4769,98.5449,8595
2020-01-07 06:41:00,98.5449,98.6423,98.5353,98.574,3015
2020-01-07 06:42:00,98.574,98.654,98.4927,98.6138,6056
2020-01-07 06:43:00,98.6138,98.619,98.4233,98.4337,3444
2020-01-07 06:44:00,98.4337,98.4386,98.3658,98.404,7679
2020-01-07 06:45:00,98.404,98.4152,98.2046,98.258,8327
2020-01-07 06:46:00,98.258,98.4049,98.2079,98.3836,3649
2020-01-07 06:47:00,98.3836,98.4326,98.3713,98.3776,5721
2020-01-07 06:48:00,98.3776,98.4623,98.3253,98.3586,6825
2020-01-07 06:49:00,98.3586,98.4753,98.2278,98.4468,1533
2020-01-07 06:50:00,98.4468,98.5303,98.4347,98.4883,180
2020-01-07 06:51:00,98.4883,98.4956,98.352,98.3772,9794
2020-01-07 06:52:00,98.3772,98.3809,98.3017,98.3702,5605
2020-01-07 06:53:00,98.3702,98.3955,98.3342,98.3372,3611
2020-01-07 06:54:00,98.3372,98.3563,98.1121,98.1657,6278
2020-01-07 06:55:00,98.1657,98.2663,97.9868,98.0979,3042
2020-01-07 06:56:00,98.0979,98.1206,98.068,98.0799,9086
2020-01-07 06:57:00,98.0799,98.0988,98.0339,98.0686,8475
2020-01-07 06:58:00,98.0686,98.1841,97.8856,97.9233,4753
2020-01-07 06:59:00,97.9233,98.0647,97.8761,98.0361,9463
2020-01-07 07:00:00,98.0361,98.0432,97.9772,98.026,2142
2020-01-07 07:01:00,98.026,98.076,97.9955,98.0297,1387
2020-01-07 07:02:00,98.0297,98.073,98.0153,98.069,3660
2020-01-07 07:03:00,98.069,98.1073,97.9827,97.9917,7893
2020-01-07 07:04:00,97.9917,98.0877,97.9149,98.0364,381
2020-01-07 07:05:00,98.0364,98.0437,97.983,98.0005,4810
2020-01-07 07:06:00,98.0005,98.0463,97.8412,97.9126,7873
2020-01-07 07:07:00,97.9126,98.0099,97.8838,97.9687,8708
2020-01-07 07:08:00,97.9687,98.1237,97.9238,98.1149,416
2020-01-07 07:09:00,98.1149,98.2328,98.0545,98.186,3063
2020-01-07 07:10:00,98.186,98.333,98.1755,98.2766,1191
2020-01-07 07:11:00,98.2766,98.2947,98.1974,98.2254,5178
2020-01-07 07:12:00,98.2254,98.2634,97.9906,98.0685,3985
2020-01-07 07:13:00,98.0685,98.2354,98.0399,98.2147,5699
2020-01-07 07:14:00,98.2147,98.4784,98.1589,98.4164,776
2020-01-07 07:15:00,98.4164,98.5703,98.3822,98.5683,1224
2020-01-07 07:16:00,98.5683,98.6288,98.5126,98.5352,1213
2020-01-07 07:17:00,98.5352,98.5906,98.3947,98.4214,2072
2020-01-07 07:18:00,98.4214,98.4425,98.3116,98.3165,7867
2020-01-07 07:19:00,98.3165,98.3796,98.1293,98.151,4322
2020-01-07 07:20:00,98.151,98.1721,98.1304,98.1404,4814
2020-01-07 07:21:00,98.1404,98.321,98.1179,98.298,5029
2020-01-07 07:22:00,98.298,98.32,98.2592,98.2841,9714
2020-01-07 07:23:00,98.2841,98.319,98.2582,98.3138,7761
2020-01-07 07:24:00,98.3138,98.4861,98.3129,98.4491,7243
2020-01-07 07:25:00,98.4491,98.5034,98.3861,98.4093,9047
2020-01-07 07:26:00,98.4093,98.6165,98.3972,98.6096,4971
2020-01-07 07:27:00,98.6096,98.8275,98.6048,98.806,3936
2020-01-07 07:28:00,98.806,98.8912,98.7217,98.7931,7409
2020-01-07 07:29:00,98.7931,98.9128,98.7046,98.736,7481
2020-01-07 07:30:00,98.736,98.8759,98.7328,98.8049,4574
2020-01-07 07:31:00,98.8049,98.8286,98.7038,98.7705,8783
2020-01-07 07:32:00,98.7705,98.799,98.6257,98.6563,783
2020-01-07 07:33:00,98.6563,98.8984,98.5387,98.7827,2075
2020-01-07 07:34:00,98.7827,98.9816,98.7269,98.9028,403
2020-01-07 07:35:00,98.9028,98.9267,98.8839,98.9182,2052
2020-01-07 07:36:00,98.9182,98.9855,98.7521,98.7933,3669
2020-01-07 07:37:00,98.7933,98.8371,98.6661,98.6718,8009
2020-01-07 07:38:00,98.6718,98.7073,98.6316,98.6824,4104
2020-01-07 07:39:00,98.6824,98.6866,98.6211,98.6331,6165
2020-01-07 07:40:00,98.6331,98.6734,98.564,98.5994,9552
2020-01-07 07:41:00,98.5994,98.7118,98.5474,98.7002,7497
2020-01-07 07:42:00,98.7002,98.7959,98.6962,98.7726,1130
2020-01-07 07:43:00,98.7726,98.9632,98.723,98.9087,5926
2020-01-07 07:44:00,98.9087,98.9409,98.7692,98.8107,4451
2020-01-07 07:45:00,98.8107,98.8227,98.7295,98.7768,9486
2020-01-07 07:46:00,98.7768,98.9451,98.6996,98.8518,7819
2020-01-07 07:47:00,98.8518,98.9308,98.8516,98.8961,8525
2020-01-07 07:48:00,98.8961,99.1444,98.8018,99.0476,1818
2020-01-07 07:49:00,99.0476,99.1509,98.9571,99.0893,592
2020-01-07 07:50:00,99.0893,99.2769,99.0233,99.2724,2114
2020-01-07 07:51:00,99.2724,99.3697,99.235,99.326,8129
2020-01-07 07:52:00,99.326,99.4331,99.2941,99.4315,7634
2020-01-07 07:53:00,99.4315,99.4397,99.3689,99.3993,8636
2020-01-07 07:54:00,99.3993,99.4202,99.3577,99.4008,5986
2020-01-07 07:55:00,99.4008,99.5126,99.3937,99.4913,7727
2020-01-07 07:56:00,99.4913,99.6561,99.4045,99.6518,8556
2020-01-07 07:57:00,99.6518,99.7265,99.5923,99.7245,1772
2020-01-07 07:58:00,99.7245,99.7834,99.6651,99.7162,3747
2020-01-07 07:59:00,99.7162,99.8568,99.6823,99.8535,6488
2020-01-07 08:00:00,99.8535,99.9318,99.5604,99.6346,8720
2020-01-07 08:01:00,99.6346,99.6555,99.4651,99.4929,3262
2020-01-07 08:02:00,99.4929,99.6223,99.4893,99.5607,3010
2020-01-07 08:03:00,99.5607,99.5697,99.5562,99.5621,8745
2020-01-07 08:04:00,99.5621,99.658,99.5454,99.6224,8640
2020-01-07 08:05:00,99.6224,99.6955,99.605,99.6289,8713
2020-01-07 08:06:00,99.6289,99.6927,99.6254,99.6857,6733
2020-01-07 08:07:00,99.6857,99.7211,99.5925,99.6045,681
2020-01-07 08:08:00,99.6045,99.6925,99.5674,99.6614,2762
2020-01-07 08:09:00,99.6614,99.7681,99.5853,99.7605,5452
2020-01-07 08:10:00,99.7605,99.9588,99.6961,99.8822,4358
2020-01-07 08:11:00,99.8822,100.1705,99.8245,100.0834,7023
2020-01-07 08:12:00,100.0834,100.1414,100.0452,100.1078,6928
2020-01-07 08:13:00,100.1078,100.2319,100.1038,100.1352,9321
2020-01-07 08:14:00,100.1352,100.1841,99.9186,99.9827,1424
2020-01-07 08:15:00,99.9827,100.0727,99.9032,99.9296,200
2020-01-07 08:16:00,99.9296,99.9538,99.863,99.9103,515
2020-01-07 08:17:00,99.9103,100.0366,99.8569,100.0152,5159
2020-01-07 08:18:00,100.0152,100.0208,99.9186,99.9541,9675
2020-01-07 08:19:00,99.9541,100.1533,99.8794,100.0337,1143
2020-01-07 08:20:00,100.0337,100.088,99.9568,100.0335,1846
2020-01-07 08:21:00,100.0335,100.0801,100.0067,100.0158,4591
2020-01-07 08:22:00,100.0158,100.1006,99.9724,100.0407,7757
2020-01-07 08:23:00,100.0407,100.1761,99.959,100.0016,4543
2020-01-07 08:24:00,100.0016,100.0547,99.8641,99.9587,9580
2020-01-07 08:25:00,99.9587,99.9881,99.7047,99.7882,4960
2020-01-07 08:26:00,99.7882,99.792,99.7632,99.7635,4270
2020-01-07 08:27:00,99.7635,99.7772,99.6911,99.7156,4248
2020-01-07 08:28:00,99.7156,99.7895,99.6315,99.6642,7553
2020-01-07 08:29:00,99.6642,99.7135,99.6475,99.7057,6309
2020-01-07 08:30:00,99.7057,99.7749,99.6944,99.7714,137
2020-01-07 08:31:00,99.7714,99.8397,99.6919,99.7946,9057
2020-01-07 08:32:00,99.7946,99.9208,99.7929,99.8939,4906
2020-01-07 08:33:00,99.8939,100.0271,99.8468,99.9514,4943
2020-01-07 08:34:00,99.9514,99.9576,99.8224,99.9219,215
2020-01-07 08:35:00,99.9219,100.0254,99.8195,99.8756,7864
2020-01-07 08:36:00,99.8756,99.9938,99.7996,99.9069,378
2020-01-07 08:37:00,99.9069,99.9903,99.8565,99.9642,553
2020-01-07 08:38:00,99.9642,100.1814,99.9447,100.1039,3313
2020-01-07 08:39:00,100.1039,100.2838,100.0991,100.2232,4803
2020-01-07 08:40:00,100.2232,100.2647,100.1639,100.1689,4564
2020-01-07 08:41:00,100.1689,100.1847,100.146,100.1587,400
2020-01-07 08:42:00,100.1587,100.2393,100.1176,100.2259,9008
2020-01-07 08:43:00,100.2259,100.367,100.2156,100.333,6142
2020-01-07 08:44:00,100.333,100.539,100.2222,100.4272,5166
2020-01-07 08:45:00,100.4272,100.5014,100.3554,100.4207,9667
2020-01-07 08:46:00,100.4207,100.4351,100.2511,100.2948,294
2020-01-07 08:47:00,100.2948,100.3508,100.1812,100.1946,1428
2020-01-07 08:48:00,100.1946,100.2357,100.1898,100.2219,6493
2020-01-07 08:49:00,100.2219,100.2665,100.2148,100.2562,4453
2020-01-07 08:50:00,100.2562,100.2724,100.0959,100.1461,7233
2020-01-07 08:51:00,100.1461,100.158,100.1238,100.1506,7488
2020-01-07 08:52:00,100.1506,100.2716,100.1082,100.2138,1657
2020-01-07 08:53:00,100.2138,100.2519,100.0567,100.0984,6076
2020-01-07 08:54:00,100.0984,100.259,100.0005,100.209,7629
2020-01-07 08:55:00,100.209,100.2394,100.095,100.1712,3224
2020-01-07 08:56:00,100.1712,100.3297,100.1437,100.2972,4982
2020-01-07 08:57:00,100.2972,100.3575,100.1819,100.2437,7219
2020-01-07 08:58:00,100.2437,100.3231,100.1206,100.1407,8820
2020-01-07 08:59:00,100.1407,100.1936,100.0808,100.0949,8789
2020-01-07 09:00:00,100.0949,100.1111,100.0597,100.0853,6882
2020-01-07 09:01:00,100.0853,100.1625,99.9669,100.0465,6398
2020-01-07 09:02:00,100.0465,100.1167,100.016,100.0248,7246
2020-01-07 09:03:00,100.0248,100.1268,99.9224,100.0583,1910
2020-01-07 09:04:00,100.0583,100.0919,100.0208,100.0411,8014
2020-01-07 09:05:00,100.0411,100.0872,100.02,100.0345,2945
2020-01-07 09:06:00,100.0345,100.0511,99.7437,99.8635,2225
2020-01-07 09:07:00,99.8635,99.9776,99.8221,99.9026,7441
2020-01-07 09:08:00,99.9026,99.9284,99.871,99.8937,419
2020-01-07 09:09:00,99.8937,100.1536,99.8895,100.0546,8186
2020-01-07 09:10:00,100.0546,100.0939,99.9288,99.9606,3463
2020-01-07 09:11:00,99.9606,100.0504,99.7723,99.7798,3486
2020-01-07 09:12:00,99.7798,99.8647,99.7731,99.8415,3438
2020-01-07 09:13:00,99.8415,99.8963,99.8007,99.8761,8277
2020-01-07 09:14:00,99.8761,99.9245,99.6913,99.7754,8536
2020-01-07 09:15:00,99.7754,99.8175,99.6174,99.6227,6834
2020-01-07 09:16:00,99.6227,99.8208,99.6158,99.7759,7358
2020-01-07 09:17:00,99.7759,100.0368,99.7496,99.917,969
2020-01-07 09:18:00,99.917,99.9411,99.6397,99.6685,1559
2020-01-07 09:19:00,99.6685,99.7045,99.556,99.6228,6884
2020-01-07 09:20:00,99.6228,99.8121,99.5747,99.7886,4209
2020-01-07 09:21:00,99.7886,99.8156,99.6884,99.7411,7142
2020-01-07 09:22:00,99.7411,99.76,99.6589,99.6921,6529
2020-01-07 09:23:00,99.6921,99.6979,99.6419,99.664,8962
2020-01-07 09:24:00,99.664,99.6726,99.5367,99.5522,785
2020-01-07 09:25:00,99.5522,99.5698,99.3518,99.3825,5127
2020-01-07 09:26:00,99.3825,99.4903,99.3481,99.4871,2074
2020-01-07 09:27:00,99.4871,99.5058,99.2605,99.3038,7694
2020-01-07 09:28:00,99.3038,99.3472,99.2342,99.3283,9303
2020-01-07 09:29:00,99.3283,99.4699,99.2946,99.4164,9676
2020-01-07 09:30:00,99.4164,99.4251,99.2102,99.2721,4238
2020-01-07 09:31:00,99.2721,99.2894,99.1085,99.1804,9202
2020-01-07 09:32:00,99.1804,99.373,99.0638,99.3007,1417
2020-01-07 09:33:00,99.3007,99.3746,99.2836,99.3536,5564
2020-01-07 09:34:00,99.3536,99.38,99.2632,99.2923,5215
2020-01-07 09:35:00,99.2923,99.4315,99.2368,99.4117,7509
2020-01-07 09:36:00,99.4117,99.6354,99.3748,99.5316,666
2020-01-07 09:37:00,99.5316,99.6723,99.4791,99.5584,7995
2020-01-07 09:38:00,99.5584,99.5974,99.3974,99.4688,9757
2020-01-07 09:39:00,99.4688,99.5042,99.4126,99.4276,9499
2020-01-07 09:40:00,99.4276,99.483,99.3821,99.4561,7397
2020-01-07 09:41:00,99.4561,99.4649,99.4246,99.4374,2565
2020-01-07 09:42:00,99.4374,99.5581,99.3776,99.5307,4244
2020-01-07 09:43:00,99.5307,99.5739,99.2715,99.3785,4448
2020-01-07 09:44:00,99.3785,99.4145,99.1977,99.23,4026
2020-01-07 09:45:00,99.23,99.2628,99.1914,99.2479,7659
2020-01-07 09:46:00,99.2479,99.257,99.1354,99.1991,4110
2020-01-07 09:47:00,99.1991,99.2534,99.0556,99.1369,2977
2020-01-07 09:48:00,99.1369,99.1725,98.9165,98.9616,1500
2020-01-07 09:49:00,98.9616,98.9915,98.9209,98.9636,6807
2020-01-07 09:50:00,98.9636,99.0377,98.9182,98.9584,9860
2020-01-07 09:51:00,98.9584,99.0497,98.9447,99.023,840
2020-01-07 09:52:00,99.023,99.0694,99.0192,99.0298,6430
2020-01-07 09:53:00,99.0298,99.0808,98.9535,99.0167,8991
2020-01-07 09:54:00,99.0167,99.1409,98.9989,99.1333,802
2020-01-07 09:55:00,99.1333,99.2018,98.9579,99.0031,6355
2020-01-07 09:56:00,99.0031,99.0893,98.967,99.0563,4488
2020-01-07 09:57:00,99.0563,99.0995,98.8357,98.8907,9247
2020-01-07 09:58:00,98.8907,99.0311,98.7579,98.8078,9165
2020-01-07 09:59:00,98.8078,98.8254,98.668,98.688,7227
2020-01-07 10:00:00,98.688,98.8077,98.6719,98.7652,1920
2020-01-07 10:01:00,98.7652,98.7994,98.7462,98.7587,8006
2020-01-07 10:02:00,98.7587,98.8289,98.7264,98.7574,4844
2020-01-07 10:03:00,98.7574,98.7863,98.5973,98.6481,4491
2020-01-07 10:04:00,98.6481,98.6632,98.5845,98.6185,1479
2020-01-07 10:05:00,98.6185,98.6313,98.5271,98.5432,8570
2020-01-07 10:06:00,98.5432,98.6246,98.5109,98.581,8138
2020-01-07 10:07:00,98.581,98.6152,98.4629,98.4833,4447
2020-01-07 10:08:00,98.4833,98.6622,98.4734,98.6143,9323
2020-01-07 10:09:00,98.6143,98.7195,98.4338,98.449,1443
2020-01-07 10:10:00,98.449,98.4546,98.3523,98.3696,5370
2020-01-07 10:11:00,98.3696,98.5949,98.3108,98.5346,704
2020-01-07 10:12:00,98.5346,98.5599,98.4913,98.4917,6619
2020-01-07 10:13:00,98.4917,98.5054,98.3126,98.3622,7632
2020-01-07 10:14:00,98.3622,98.5024,98.3368,98.3838,6683
2020-01-07 10:15:00,98.3838,98.4273,98.2815,98.337,691
2020-01-07 10:16:00,98.337,98.3427,98.1755,98.2548,8138
2020-01-07 10:17:00,98.2548,98.2812,98.1188,98.1471,6263
2020-01-07 10:18:00,98.1471,98.4434,98.142,98.4188,4054
2020-01-07 10:19:00,98.4188,98.4445,98.3893,98.3941,8303
2020-01-07 10:20:00,98.3941,98.4501,98.1815,98.2046,6879
2020-01-07 10:21:00,98.2046,98.3609,98.1799,98.3513,221
2020-01-07 10:22:00,98.3513,98.4261,98.3069,98.4114,2376
2020-01-07 10:23:00,98.4114,98.4405,98.2886,98.336,8195
2020-01-07 10:24:00,98.336,98.3625,98.1649,98.2442,7176
2020-01-07 10:25:00,98.2442,98.3686,98.2368,98.3104,977
2020-01-07 10:26:00,98.3104,98.3261,98.1455,98.2861,885
2020-01-07 10:27:00,98.2861,98.3418,98.0628,98.0968,2176
2020-01-07 10:28:00,98.0968,98.2948,98.0845,98.2721,5771
2020-01-07 10:29:00,98.2721,98.2748,98.2122,98.2295,200
2020-01-07 10:30:00,98.2295,98.4421,98.1905,98.3764,8667
2020-01-07 10:31:00,98.3764,98.5822,98.3241,98.5022,8937
2020-01-07 10:32:00,98.5022,98.5449,98.3492,98.4036,3482
2020-01-07 10:33:00,98.4036,98.5757,98.3703,98.5052,6060
2020-01-07 10:34:00,98.5052,98.5245,98.4122,98.4411,6443
2020-01-07 10:35:00,98.4411,98.5441,98.2207,98.2573,4916
2020-01-07 10:36:00,98.2573,98.3327,98.1472,98.2156,2123
2020-01-07 10:37:00,98.2156,98.2971,98.187,98.2546,7392
2020-01-07 10:38:00,98.2546,98.2931,98.2028,98.2092,1145
2020-01-07 10:39:00,98.2092,98.2168,98.134,98.179,2197
2020-01-07 10:40:00,98.179,98.359,98.1403,98.2913,3922
2020-01-07 10:41:00,98.2913,98.3535,98.1913,98.3018,4921
2020-01-07 10:42:00,98.3018,98.3463,98.1345,98.2189,3966
2020-01-07 10:43:00,98.2189,98.3031,98.169,98.2878,6309
2020-01-07 10:44:00,98.2878,98.3233,98.2245,98.3072,8176
2020-01-07 10:45:00,98.3072,98.3242,98.0202,98.0593,2449
2020-01-07 10:46:00,98.0593,98.1077,98.0312,98.1013,483
2020-01-07 10:47:00,98.1013,98.1834,98.0565,98.1398,2685
2020-01-07 10:48:00,98.1398,98.1825,98.1154,98.1418,802
2020-01-07 10:49:00,98.1418,98.2583,98.1239,98.2293,2196
2020-01-07 10:50:00,98.2293,98.3533,98.1491,98.1632,418
2020-01-07 10:51:00,98.1632,98.2025,98.131,98.1963,8312
2020-01-07 10:52:00,98.1963,98.2016,97.9738,98.0424,691
2020-01-07 10:53:00,98.0424,98.0905,97.9983,98.0823,4204
2020-01-07 10:54:00,98.0823,98.3109,98.0769,98.2739,1560
2020-01-07 10:55:00,98.2739,98.339,98.1258,98.1761,2011
2020-01-07 10:56:00,98.1761,98.1988,98.0217,98.1015,3226
2020-01-07 10:57:00,98.1015,98.119,97.9716,98.0318,7012
2020-01-07 10:58:00,98.0318,98.0728,98.0086,98.0446,6947
2020-01-07 10:59:00,98.0446,98.0775,97.9043,97.9404,7144
2020-01-07 11:00:00,97.9404,98.051,97.9267,97.9816,5448
2020-01-07 11:01:00,97.9816,98.1137,97.8894,98.0646,1370
2020-01-07 11:02:00,98.0646,98.1316,98.0125,98.117,7266
2020-01-07 11:03:00,98.117,98.1275,97.9231,97.9435,381
2020-01-07 11:04:00,97.9435,98.0827,97.8247,98.041,5312
2020-01-07 11:05:00,98.041,98.1521,97.9813,98.1329,1929
2020-01-07 11:06:00,98.1329,98.226,98.0555,98.2143,8844
2020-01-07 11:07:00,98.2143,98.3022,98.1976,98.2509,3839
2020-01-07 11:08:00,98.2509,98.3427,98.2346,98.2726,6376
2020-01-07 11:09:00,98.2726,98.4356,98.2218,98.374,3064
2020-01-07 11:10:00,98.374,98.615,98.3272,98.5633,5716
2020-01-07 11:11:00,98.5633,98.6017,98.4657,98.4693,7863
2020-01-07 11:12:00,98.4693,98.6495,98.4352,98.5755,2907
2020-01-07 11:13:00,98.5755,98.5786,98.5655,98.567,3019
2020-01-07 11:14:00,98.567,98.5966,98.5404,98.5542,1670
2020-01-07 11:15:00,98.5542,98.5553,98.3985,98.4028,5856
2020-01-07 11:16:00,98.4028,98.429,98.3637,98.3747,6807
2020-01-07 11:17:00,98.3747,98.4302,98.2275,98.2766,8049
2020-01-07 11:18:00,98.2766,98.2835,98.1689,98.2311,6976
2020-01-07 11:19:00,98.2311,98.2479,98.0499,98.1232,8352
2020-01-07 11:20:00,98.1232,98.1798,98.0582,98.0791,3675
2020-01-07 11:21:00,98.0791,98.0852,97.9687,98.0393,2928
2020-01-07 11:22:00,98.0393,98.1498,97.9563,98.0488,2674
2020-01-07 11:23:00,98.0488,98.0707,97.8305,97.8905,3482
2020-01-07 11:24:00,97.8905,97.9882,97.7293,97.749,3864
2020-01-07 11:25:00,97.749,97.832,97.6767,97.7843,3524
2020-01-07 11:26:00,97.7843,97.8096,97.6795,97.7064,1198
2020-01-07 11:27:00,97.7064,97.8428,97.6515,97.8113,297
2020-01-07 11:28:00,97.8113,97.8881,97.8107,97.8334,2788
2020-01-07 11:29:00,97.8334,97.9161,97.8151,97.8927,7198
2020-01-07 11:30:00,97.8927,98.0451,97.8661,98.0308,6229
2020-01-07 11:31:00,98.0308,98.0627,97.9615,98.0005,9860
2020-01-07 11:32:00,98.0005,98.0464,97.8662,97.9442,9162
2020-01-07 11:33:00,97.9442,98.0617,97.9438,98.0296,609
2020-01-07 11:34:00,98.0296,98.1621,98.0099,98.0795,2563
2020-01-07 11:35:00,98.0795,98.1283,98.0324,98.0611,7197
2020-01-07 11:36:00,98.0611,98.2636,98.0151,98.1976,1988
2020-01-07 11:37:00,98.1976,98.2443,98.0984,98.1767,2350
2020-01-07 11:38:00,98.1767,98.209,98.1664,98.18,4771
2020-01-07 11:39:00,98.18,98.1824,98.1266,98.182,5110
2020-01-07 11:40:00,98.182,98.1979,98.0853,98.0903,1084
2020-01-07 11:41:00,98.0903,98.1623,98.0603,98.0979,895
2020-01-07 11:42:00,98.0979,98.2387,98.0598,98.2349,6189
2020-01-07 11:43:00,98.2349,98.3408,98.181,98.2786,947
2020-01-07 11:44:00,98.2786,98.331,98.2422,98.2817,1491
2020-01-07 11:45:00,98.2817,98.2931,98.211,98.2658,7693
2020-01-07 11:46:00,98.2658,98.3529,98.231,98.2983,5817
2020-01-07 11:47:00,98.2983,98.4241,98.2373,98.372,3093
2020-01-07 11:48:00,98.372,98.4479,98.2861,98.4319,7727
2020-01-07 11:49:00,98.4319,98.4514,98.3445,98.3992,4557
2020-01-07 11:50:00,98.3992,98.4376,98.361,98.4312,4671
2020-01-07 11:51:00,98.4312,98.4906,98.4163,98.4784,9729
2020-01-07 11:52:00,98.4784,98.5376,98.3216,98.3793,8693
2020-01-07 11:53:00,98.3793,98.4982,98.3523,98.3958,977
2020-01-07 11:54:00,98.3958,98.436,98.1007,98.1831,3254
2020-01-07 11:55:00,98.1831,98.2425,98.1007,98.2305,5809
2020-01-07 11:56:00,98.2305,98.3397,98.2134,98.2954,9198
2020-01-07 11:57:00,98.2954,98.3904,98.2568,98.3689,4541
2020-01-07 11:58:00,98.3689,98.4039,98.2884,98.33,1195
2020-01-07 11:59:00,98.33,98.3607,98.3135,98.3604,1906
2020-01-07 12:00:00,98.3604,98.5425,98.3111,98.5005,6096
2020-01-07 12:01:00,98.5005,98.6511,98.4605,98.6397,1776
2020-01-07 12:02:00,98.6397,98.6793,98.6032,98.6368,8499
2020-01-07 12:03:00,98.6368,98.7002,98.6213,98.6506,9657
2020-01-07 12:04:00,98.6506,98.7681,98.6159,98.7602,5601
2020-01-07 12:05:00,98.7602,98.7636,98.5819,98.612,9701
2020-01-07 12:06:00,98.612,98.6724,98.4966,98.5801,7376
2020-01-07 12:07:00,98.5801,98.722,98.5389,98.7118,7281
2020-01-07 12:08:00,98.7118,98.8943,98.7046,98.808,8537
2020-01-07 12:09:00,98.808,98.9111,98.7463,98.8445,8168
2020-01-07 12:10:00,98.8445,98.8509,98.6906,98.6957,2702
2020-01-07 12:11:00,98.6957,98.7045,98.6381,98.6907,5267
2020-01-07 12:12:00,98.6907,98.7213,98.618,98.6325,3581
2020-01-07 12:13:00,98.6325,98.7053,98.5543,98.6652,1577
2020-01-07 12:14:00,98.6652,98.7483,98.5459,98.5853,6385
2020-01-07 12:15:00,98.5853,98.586,98.4666,98.4842,2597
2020-01-07 12:16:00,98.4842,98.5377,98.2274,98.2808,5950
2020-01-07 12:17:00,98.2808,98.4017,98.2637,98.4009,1580
2020-01-07 12:18:00,98.4009,98.4163,98.3058,98.3616,1887
2020-01-07 12:19:00,98.3616,98.5139,98.3596,98.377,1912
2020-01-07 12:20:00,98.377,98.4287,98.3712,98.3768,3023
2020-01-07 12:21:00,98.3768,98.3793,98.1679,98.2718,2661
2020-01-07 12:22:00,98.2718,98.2773,98.1243,98.1481,3046
2020-01-07 12:23:00,98.1481,98.1947,97.9892,98.0494,1015
2020-01-07 12:24:00,98.0494,98.0984,97.955,97.9785,9184
2020-01-07 12:25:00,97.9785,98.1571,97.9505,98.0144,6471
2020-01-07 12:26:00,98.0144,98.0459,97.872,97.9364,7413
2020-01-07 12:27:00,97.9364,98.1088,97.8858,98.1075,2915
2020-01-07 12:28:00,98.1075,98.2726,98.052,98.2082,5385
2020-01-07 12:29:00,98.2082,98.3309,98.1231,98.2876,4693
2020-01-07 12:30:00,98.2876,98.398,98.2714,98.2759,1076
2020-01-07 12:31:00,98.2759,98.4521,98.2688,98.4247,849
2020-01-07 12:32:00,98.4247,98.4788,98.365,98.4032,3655
2020-01-07 12:33:00,98.4032,98.492,98.3965,98.4002,7680
2020-01-07 12:34:00,98.4002,98.4577,98.346,98.4169,4899
2020-01-07 12:35:00,98.4169,98.5774,98.4025,98.4859,7555
2020-01-07 12:36:00,98.4859,98.581,98.4793,98.5487,3115
2020-01-07 12:37:00,98.5487,98.5609,98.4674,98.5019,8560
2020-01-07 12:38:00,98.5019,98.5695,98.4028,98.4494,3128
2020-01-07 12:39:00,98.4494,98.5162,98.2938,98.5124,6548
2020-01-07 12:40:00,98.5124,98.6187,98.4516,98.5828,9303
2020-01-07 12:41:00,98.5828,98.5902,98.5368,98.544,5339
2020-01-07 12:42:00,98.544,98.5828,98.3679,98.3876,1348
2020-01-07 12:43:00,98.3876,98.3986,98.2712,98.3672,9054
2020-01-07 12:44:00,98.3672,98.4295,98.3357,98.4286,9014
2020-01-07 12:45:00,98.4286,98.7014,98.3906,98.6063,1505
2020-01-07 12:46:00,98.6063,98.6133,98.449,98.4881,6254
2020-01-07 12:47:00,98.4881,98.5543,98.4297,98.4461,538
2020-01-07 12:48:00,98.4461,98.4786,98.4018,98.4078,414
2020-01-07 12:49:00,98.4078,98.6181,98.3408,98.5412,2212
2020-01-07 12:50:00,98.5412,98.5911,98.4738,98.5378,5096
2020-01-07 12:51:00,98.5378,98.5579,98.3844,98.4484,691
2020-01-07 12:52:00,98.4484,98.5301,98.3592,98.5034,5633
2020-01-07 12:53:00,98.5034,98.5179,98.39,98.4635,3770
2020-01-07 12:54:00,98.4635,98.5061,98.301,98.343,8148
2020-01-07 12:55:00,98.343,98.3567,98.158,98.2552,2009
2020-01-07 12:56:00,98.2552,98.4616,98.2489,98.4255,8127
2020-01-07 12:57:00,98.4255,98.4908,98.4232,98.4633,4563
2020-01-07 12:58:00,98.4633,98.4939,98.4477,98.474,6874
2020-01-07 12:59:00,98.474,98.53,98.4129,98.4494,2523
2020-01-07 13:00:00,98.4494,98.5404,98.4271,98.4781,3370
2020-01-07 13:01:00,98.4781,98.5179,98.4231,98.5057,9545
2020-01-07 13:02:00,98.5057,98.5358,98.4912,98.5345,1553
2020-01-07 13:03:00,98.5345,98.5541,98.4924,98.5458,295
2020-01-07 13:04:00,98.5458,98.6476,98.5101,98.6314,5686
2020-01-07 13:05:00,98.6314,98.6365,98.6166,98.6337,9081
2020-01-07 13:06:00,98.6337,98.6637,98.51,98.5372,3653
2020-01-07 13:07:00,98.5372,98.542,98.3786,98.4769,9104
2020-01-07 13:08:00,98.4769,98.5757,98.2168,98.282,5030
2020-01-07 13:09:00,98.282,98.5673,98.2252,98.4812,2680
2020-01-07 13:10:00,98.4812,98.6612,98.3989,98.5662,9823
2020-01-07 13:11:00,98.5662,98.5662,98.3961,98.4844,8265
2020-01-07 13:12:00,98.4844,98.5312,98.4004,98.4566,504
2020-01-07 13:13:00,98.4566,98.4736,98.3846,98.3939,8244
2020-01-07 13:14:00,98.3939,98.5485,98.3137,98.5457,2944
2020-01-07 13:15:00,98.5457,98.568,98.3393,98.4058,2436
2020-01-07 13:16:00,98.4058,98.5384,98.3616,98.417,7946
2020-01-07 13:17:00,98.417,98.4295,98.3557,98.4063,189
2020-01-07 13:18:00,98.4063,98.514,98.3946,98.4877,9697
2020-01-07 13:19:00,98.4877,98.569,98.441,98.4775,5162
2020-01-07 13:20:00,98.4775,98.5746,98.253,98.3043,6828
2020-01-07 13:21:00,98.3043,98.3123,98.246,98.2796,9909
2020-01-07 13:22:00,98.2796,98.3162,98.1154,98.1841,3694
2020-01-07 13:23:00,98.1841,98.2339,98.1834,98.1919,9817
2020-01-07 13:24:00,98.1919,98.3555,98.1636,98.3327,9987
2020-01-07 13:25:00,98.3327,98.3658,98.1426,98.1617,4141
2020-01-07 13:26:00,98.1617,98.1913,98.0563,98.0831,9044
2020-01-07 13:27:00,98.0831,98.1317,97.9955,98.0289,815
2020-01-07 13:28:00,98.0289,98.086,97.957,97.9915,2541
2020-01-07 13:29:00,97.9915,98.0718,97.9595,98.064,8239
2020-01-07 13:30:00,98.064,98.0895,98.0116,98.047,3529
2020-01-07 13:31:00,98.047,98.1079,98.027,98.0878,5368
2020-01-07 13:32:00,98.0878,98.1191,97.9882,98.0264,8766
2020-01-07 13:33:00,98.0264,98.1252,98.0009,98.0489,2921
2020-01-07 13:34:00,98.0489,98.1539,98.0176,98.1252,8160
2020-01-07 13:35:00,98.1252,98.1411,97.9711,98.0533,9943
2020-01-07 13:36:00,98.0533,98.1708,98.0373,98.13,6251
2020-01-07 13:37:00,98.13,98.1562,98.1002,98.1351,7496
2020-01-07 13:38:00,98.1351,98.296,98.0806,98.2377,3001
2020-01-07 13:39:00,98.2377,98.3038,98.1625,98.2179,3200
2020-01-07 13:40:00,98.2179,98.272,98.2004,98.2554,3692
2020-01-07 13:41:00,98.2554,98.2697,98.1693,98.2514,8474
2020-01-07 13:42:00,98.2514,98.2733,98.1422,98.2419,6765
2020-01-07 13:43:00,98.2419,98.2979,98.1972,98.2673,6932
2020-01-07 13:44:00,98.2673,98.3633,98.2545,98.3201,9914
2020-01-07 13:45:00,98.3201,98.4096,98.1799,98.1972,183
2020-01-07 13:46:00,98.1972,98.3836,98.1597,98.338,185
2020-01-07 13:47:00,98.338,98.3849,98.111,98.1551,7564
2020-01-07 13:48:00,98.1551,98.2142,98.0578,98.0879,1410
2020-01-07 13:49:00,98.0879,98.1141,98.0227,98.0787,9232
2020-01-07 13:50:00,98.0787,98.1695,98.0706,98.1191,1136
2020-01-07 13:51:00,98.1191,98.2806,98.0845,98.2738,1500
2020-01-07 13:52:00,98.2738,98.3549,98.0824,98.0912,3580
2020-01-07 13:53:00,98.0912,98.1115,97.987,98.0414,4920
2020-01-07 13:54:00,98.0414,98.0497,97.8187,97.8328,5849
2020-01-07 13:55:00,97.8328,97.8379,97.7226,97.8359,4813
2020-01-07 13:56:00,97.8359,97.9214,97.8268,97.8625,6258
2020-01-07 13:57:00,97.8625,98.0406,97.8537,98.0182,824
2020-01-07 13:58:00,98.0182,98.0424,98.0029,98.03,287
2020-01-07 13:59:00,98.03,98.1334,97.9758,98.1324,6477
2020-01-07 14:00:00,98.1324,98.28,98.0366,98.1897,4930
2020-01-07 14:01:00,98.1897,98.2027,98.1352,98.1469,6701
2020-01-07 14:02:00,98.1469,98.2689,97.9634,98.0086,2872
2020-01-07 14:03:00,98.0086,98.0643,97.9494,98.0356,4712
2020-01-07 14:04:00,98.0356,98.0775,97.8858,97.8893,2680
2020-01-07 14:05:00,97.8893,98.038,97.855,98.0161,3800
2020-01-07 14:06:00,98.0161,98.0452,97.9855,98.0002,3039
2020-01-07 14:07:00,98.0002,98.1193,97.9665,98.1173,1238
2020-01-07 14:08:00,98.1173,98.1701,98.0631,98.0702,7311
2020-01-07 14:09:00,98.0702,98.0967,98.0246,98.0966,8495
2020-01-07 14:10:00,98.0966,98.2609,98.0631,98.1171,7740
2020-01-07 14:11:00,98.1171,98.2077,98.0856,98.1127,3480
2020-01-07 14:12:00,98.1127,98.1153,98.04,98.0703,1445
2020-01-07 14:13:00,98.0703,98.1166,97.9861,98.1087,8652
2020-01-07 14:14:00,98.1087,98.1568,97.9968,98.0179,1243
2020-01-07 14:15:00,98.0179,98.0572,97.8144,97.8993,313
2020-01-07 14:16:00,97.8993,98.0388,97.7981,98.021,1948
2020-01-07 14:17:00,98.021,98.118,97.9791,98.0923,741
2020-01-07 14:18:00,98.0923,98.1431,98.0379,98.0987,705
2020-01-07 14:19:00,98.0987,98.3392,98.0096,98.2621,465
2020-01-07 14:20:00,98.2621,98.2784,98.2252,98.2358,1328
2020-01-07 14:21:00,98.2358,98.3707,98.2309,98.3657,998
2020-01-07 14:22:00,98.3657,98.4657,98.3007,98.383,2850
2020-01-07 14:23:00,98.383,98.4198,98.2574,98.2822,5480
2020-01-07 14:24:00,98.2822,98.5201,98.2033,98.4638,189
2020-01-07 14:25:00,98.4638,98.5819,98.4465,98.5613,1088
2020-01-07 14:26:00,98.5613,98.6086,98.548,98.5494,7157
2020-01-07 14:27:00,98.5494,98.6719,98.4848,98.6211,2540
2020-01-07 14:28:00,98.6211,98.6441,98.5469,98.5813,5663
2020-01-07 14:29:00,98.5813,98.6832,98.574,98.663,392
2020-01-07 14:30:00,98.663,98.6975,98.4165,98.4271,9781
2020-01-07 14:31:00,98.4271,98.486,98.289,98.3267,4826
2020-01-07 14:32:00,98.3267,98.4542,98.2991,98.423,4365
2020-01-07 14:33:00,98.423,98.5024,98.3883,98.3984,5529
2020-01-07 14:34:00,98.3984,98.4525,98.371,98.4189,9741
2020-01-07 14:35:00,98.4189,98.4383,98.225,98.2863,5085
2020-01-07 14:36:00,98.2863,98.4955,98.2826,98.4679,9382
2020-01-07 14:37:00,98.4679,98.6322,98.4487,98.5852,6299
2020-01-07 14:38:00,98.5852,98.6441,98.521,98.5654,2715
2020-01-07 14:39:00,98.5654,98.568,98.5065,98.5255,8442
2020-01-07 14:40:00,98.5255,98.6301,98.4111,98.6269,5534
2020-01-07 14:41:00,98.6269,98.8297,98.5896,98.8225,1083
2020-01-07 14:42:00,98.8225,98.931,98.7681,98.9167,1919
2020-01-07 14:43:00,98.9167,99.2163,98.9029,99.1315,1076
2020-01-07 14:44:00,99.1315,99.1526,98.9272,99.0401,6249
2020-01-07 14:45:00,99.0401,99.1377,98.9495,98.9589,8480
2020-01-07 14:46:00,98.9589,99.0217,98.7963,98.8413,6560
2020-01-07 14:47:00,98.8413,98.9692,98.8355,98.885,2878
2020-01-07 14:48:00,98.885,98.9555,98.8603,98.9023,2671
2020-01-07 14:49:00,98.9023,98.9317,98.8619,98.8873,9478
2020-01-07 14:50:00,98.8873,98.9887,98.8104,98.9673,4001
2020-01-07 14:51:00,98.9673,99.1717,98.9672,99.0893,3539
2020-01-07 14:52:00,99.0893,99.1634,98.9044,98.9381,7333
2020-01-07 14:53:00,98.9381,98.9526,98.8136,98.879,9639
2020-01-07 14:54:00,98.879,99.0123,98.856,98.9601,5584
2020-01-07 14:55:00,98.9601,98.9806,98.9016,98.9138,7637
2020-01-07 14:56:00,98.9138,98.9532,98.694,98.8349,3507
2020-01-07 14:57:00,98.8349,98.9699,98.8239,98.9356,8958
2020-01-07 14:58:00,98.9356,98.9465,98.7138,98.808,872
2020-01-07 14:59:00,98.808,98.8935,98.6719,98.7782,9456
2020-01-07 15:00:00,98.7782,98.8436,98.7421,98.8106,5053
2020-01-07 15:01:00,98.8106,98.8926,98.6312,98.7539,4694
2020-01-07 15:02:00,98.7539,98.8732,98.7401,98.8313,8940
2020-01-07 15:03:00,98.8313,98.8509,98.7582,98.7751,5046
2020-01-07 15:04:00,98.7751,98.9512,98.7538,98.9142,9351
2020-01-07 15:05:00,98.9142,98.9149,98.8623,98.9018,1087
2020-01-07 15:06:00,98.9018,99.0318,98.7759,98.9681,2290
2020-01-07 15:07:00,98.9681,99.0701,98.9168,99.042,4723
2020-01-07 15:08:00,99.042,99.1244,98.9495,98.9798,1885
2020-01-07 15:09:00,98.9798,98.9945,98.7247,98.7766,9819
2020-01-07 15:10:00,98.7766,98.8509,98.739,98.8122,6249
2020-01-07 15:11:00,98.8122,98.8336,98.8062,98.8194,6916
2020-01-07 15:12:00,98.8194,98.8805,98.7771,98.8743,2001
2020-01-07 15:13:00,98.8743,98.9046,98.799,98.8519,2503
2020-01-07 15:14:00,98.8519,98.92,98.7978,98.8093,3085
2020-01-07 15:15:00,98.8093,99.0845,98.8003,99.0078,1950
2020-01-07 15:16:00,99.0078,99.0839,98.8314,98.862,9299
2020-01-07 15:17:00,98.862,98.9677,98.8391,98.9346,5255
2020-01-07 15:18:00,98.9346,99.0578,98.8139,98.8777,8837
2020-01-07 15:19:00,98.8777,98.9107,98.7817,98.8445,6117
2020-01-07 15:20:00,98.8445,98.8824,98.709,98.8132,8816
2020-01-07 15:21:00,98.8132,98.8271,98.696,98.7338,1180
2020-01-07 15:22:00,98.7338,98.8819,98.7143,98.7902,2121
2020-01-07 15:23:00,98.7902,98.9475,98.7497,98.9276,7274
2020-01-07 15:24:00,98.9276,99.0371,98.9076,98.9741,5662
2020-01-07 15:25:00,98.9741,99.0403,98.9245,98.9843,9630
2020-01-07 15:26:00,98.9843,99.0151,98.8807,98.8867,9622
2020-01-07 15:27:00,98.8867,98.9425,98.8642,98.9378,870
2020-01-07 15:28:00,98.9378,99.1513,98.9076,99.1511,8280
2020-01-07 15:29:00,99.1511,99.1632,99.068,99.1134,5886
2020-01-07 15:30:00,99.1134,99.1152,98.9517,99.0761,7459
2020-01-07 15:31:00,99.0761,99.0973,98.9652,99.0205,7045
2020-01-07 15:32:00,99.0205,99.0375,98.9707,98.972,7546
2020-01-07 15:33:00,98.972,98.9951,98.6382,98.7003,9650
2020-01-07 15:34:00,98.7003,98.7781,98.6158,98.7403,6880
2020-01-07 15:35:00,98.7403,98.7614,98.5881,98.6568,1696
2020-01-07 15:36:00,98.6568,98.7156,98.4376,98.498,8847
2020-01-07 15:37:00,98.498,98.6069,98.4601,98.5721,5546
2020-01-07 15:38:00,98.5721,98.6181,98.407,98.4655,4454
2020-01-07 15:39:00,98.4655,98.474,98.3921,98.4321,934
2020-01-07 15:40:00,98.4321,98.6226,98.4209,98.5765,9939
2020-01-07 15:41:00,98.5765,98.6164,98.3375,98.4376,9158
2020-01-07 15:42:00,98.4376,98.4533,98.27,98.2867,1003
2020-01-07 15:43:00,98.2867,98.3595,98.2654,98.3132,242
2020-01-07 15:44:00,98.3132,98.5633,98.2883,98.4262,6120
2020-01-07 15:45:00,98.4262,98.4745,98.2235,98.2712,7986
2020-01-07 15:46:00,98.2712,98.3688,98.2666,98.3113,3823
2020-01-07 15:47:00,98.3113,98.4062,98.292,98.3684,2886
2020-01-07 15:48:00,98.3684,98.4805,98.1615,98.1659,3490
2020-01-07 15:49:00,98.1659,98.2548,98.1335,98.2442,7045
2020-01-07 15:50:00,98.2442,98.3327,98.2039,98.3304,2859
2020-01-07 15:51:00,98.3304,98.3776,98.2308,98.2997,7919
2020-01-07 15:52:00,98.2997,98.4998,98.2251,98.4228,3253
2020-01-07 15:53:00,98.4228,98.5593,98.4118,98.5347,2931
2020-01-07 15:54:00,98.5347,98.583,98.3658,98.5448,6612
2020-01-07 15:55:00,98.5448,98.5938,98.4808,98.5003,9996
2020-01-07 15:56:00,98.5003,98.5155,98.386,98.4045,8749
2020-01-07 15:57:00,98.4045,98.4067,98.309,98.4008,9568
2020-01-07 15:58:00,98.4008,98.4978,98.3599,98.4569,7631
2020-01-07 15:59:00,98.4569,98.4838,98.3818,98.425,5412
2020-01-07 16:00:00,98.425,98.438,98.1722,98.2087,7545
2020-01-07 16:01:00,98.2087,98.36,98.1491,98.3333,7302
2020-01-07 16:02:00,98.3333,98.3598,98.326,98.352,1708
2020-01-07 16:03:00,98.352,98.3791,98.2936,98.3146,3994
2020-01-07 16:04:00,98.3146,98.4053,98.2595,98.3989,6888
2020-01-07 16:05:00,98.3989,98.5497,98.3745,98.5489,1196
2020-01-07 16:06:00,98.5489,98.5932,98.1873,98.2728,726
2020-01-07 16:07:00,98.2728,98.3465,98.2425,98.3155,1390
2020-01-07 16:08:00,98.3155,98.3337,98.1594,98.1752,4817
2020-01-07 16:09:00,98.1752,98.2656,98.1294,98.2242,3511
2020-01-07 16:10:00,98.2242,98.2541,98.1246,98.2368,2244
2020-01-07 16:11:00,98.2368,98.3112,98.2312,98.2992,999
2020-01-07 16:12:00,98.2992,98.3033,98.2132,98.2502,797
2020-01-07 16:13:00,98.2502,98.2709,98.0111,98.0661,6180
2020-01-07 16:14:00,98.0661,98.1102,97.9765,98.022,4155
2020-01-07 16:15:00,98.022,98.1258,97.9902,98.0618,7331
2020-01-07 16:16:00,98.0618,98.1754,98.0432,98.1614,3540
2020-01-07 16:17:00,98.1614,98.2139,97.9899,98.0464,3516
2020-01-07 16:18:00,98.0464,98.1603,98.0429,98.1471,2589
2020-01-07 16:19:00,98.1471,98.1964,98.0523,98.0835,6694
2020-01-07 16:20:00,98.0835,98.2023,98.068,98.119,6477
2020-01-07 16:21:00,98.119,98.2165,98.03,98.069,6219
2020-01-07 16:22:00,98.069,98.1188,98.0187,98.0869,892
2020-01-07 16:23:00,98.0869,98.2165,98.0628,98.1744,7848
2020-01-07 16:24:00,98.1744,98.1867,98.0469,98.0539,1022
2020-01-07 16:25:00,98.0539,98.0718,97.9826,97.9872,1581
2020-01-07 16:26:00,97.9872,98.0836,97.9082,98.0054,7087
2020-01-07 16:27:00,98.0054,98.2444,97.9617,98.2407,7605
2020-01-07 16:28:00,98.2407,98.284,98.1171,98.1559,9033
2020-01-07 16:29:00,98.1559,98.37,98.0785,98.3562,2133
2020-01-07 16:30:00,98.3562,98.5563,98.3239,98.5533,1545
2020-01-07 16:31:00,98.5533,98.6493,98.4852,98.5437,8666
2020-01-07 16:32:00,98.5437,98.5889,98.4567,98.5144,3009
2020-01-07 16:33:00,98.5144,98.5284,98.442,98.4462,5868
2020-01-07 16:34:00,98.4462,98.4593,98.387,98.4395,8915
2020-01-07 16:35:00,98.4395,98.522,98.2536,98.301,6542
2020-01-07 16:36:00,98.301,98.3025,98.2109,98.2935,9340
2020-01-07 16:37:00,98.2935,98.4569,98.2581,98.4406,705
2020-01-07 16:38:00,98.4406,98.4427,98.3321,98.3805,2213
2020-01-07 16:39:00,98.3805,98.4003,98.3182,98.3568,2676
2020-01-07 16:40:00,98.3568,98.3586,98.1826,98.1895,5840
2020-01-07 16:41:00,98.1895,98.3226,98.1555,98.2262,5610
2020-01-07 16:42:00,98.2262,98.3282,98.2064,98.2522,377
2020-01-07 16:43:00,98.2522,98.2756,98.2427,98.2584,2157
2020-01-07 16:44:00,98.2584,98.3355,98.1499,98.2371,1264
2020-01-07 16:45:00,98.2371,98.2542,98.1427,98.2084,3271
2020-01-07 16:46:00,98.2084,98.293,98.1812,98.2577,5406
2020-01-07 16:47:00,98.2577,98.3285,98.21,98.2548,6636
2020-01-07 16:48:00,98.2548,98.3243,98.2029,98.2858,360
2020-01-07 16:49:00,98.2858,98.3348,98.1947,98.3069,5285
2020-01-07 16:50:00,98.3069,98.449,98.2917,98.4173,3665
2020-01-07 16:51:00,98.4173,98.5032,98.3981,98.484,3918
2020-01-07 16:52:00,98.484,98.5265,98.4795,98.503,4662
2020-01-07 16:53:00,98.503,98.6542,98.4814,98.6525,6307
2020-01-07 16:54:00,98.6525,98.7129,98.6144,98.694,2894
2020-01-07 16:55:00,98.694,98.8287,98.673,98.8228,9495
2020-01-07 16:56:00,98.8228,98.9142,98.7981,98.8828,7088
2020-01-07 16:57:00,98.8828,98.9304,98.6624,98.7006,2112
2020-01-07 16:58:00,98.7006,98.9473,98.6129,98.8294,6342
2020-01-07 16:59:00,98.8294,98.8517,98.8293,98.8428,8595
2020-01-07 17:00:00,98.8428,98.9179,98.8226,98.8376,1196
2020-01-07 17:01:00,98.8376,98.9015,98.8171,98.8655,1266
2020-01-07 17:02:00,98.8655,98.8767,98.8229,98.8313,4409
2020-01-07 17:03:00,98.8313,98.8901,98.8234,98.8538,7984
2020-01-07 17:04:00,98.8538,98.9031,98.7597,98.7953,2452
2020-01-07 17:05:00,98.7953,98.9271,98.7076,98.9212,5633
2020-01-07 17:06:00,98.9212,98.9991,98.8613,98.9099,8184
2020-01-07 17:07:00,98.9099,98.9584,98.816,98.8721,5948
2020-01-07 17:08:00,98.8721,98.9092,98.7727,98.7806,8636
2020-01-07 17:09:00,98.7806,98.849,98.7436,98.8072,843
2020-01-07 17:10:00,98.8072,98.8989,98.7288,98.8257,9913
2020-01-07 17:11:00,98.8257,98.9104,98.8217,98.8641,2641
2020-01-07 17:12:00,98.8641,98.8692,98.7472,98.7625,5900
2020-01-07 17:13:00,98.7625,98.7977,98.5675,98.6044,1248
2020-01-07 17:14:00,98.6044,98.8563,98.498,98.6661,8948
2020-01-07 17:15:00,98.6661,98.8656,98.646,98.8125,4812
2020-01-07 17:16:00,98.8125,98.8957,98.6925,98.7111,875
2020-01-07 17:17:00,98.7111,98.8971,98.6767,98.868,9961
2020-01-07 17:18:00,98.868,98.8976,98.7903,98.8961,6307
2020-01-07 17:19:00,98.8961,99.0008,98.8931,98.8954,9951
2020-01-07 17:20:00,98.8954,98.9447,98.7575,98.8561,7278
2020-01-07 17:21:00,98.8561,98.881,98.7114,98.7192,8898
2020-01-07 17:22:00,98.7192,98.8514,98.7139,98.8167,529
2020-01-07 17:23:00,98.8167,98.891,98.739,98.7401,9296
2020-01-07 17:24:00,98.7401,98.8129,98.6436,98.6631,1712
2020-01-07 17:25:00,98.6631,98.7704,98.6476,98.7609,9912
2020-01-07 17:26:00,98.7609,98.7674,98.5368,98.575,4411
2020-01-07 17:27:00,98.575,98.5919,98.4085,98.4248,4565
2020-01-07 17:28:00,98.4248,98.4422,98.3004,98.423,9263
2020-01-07 17:29:00,98.423,98.4612,98.4001,98.4519,2388
2020-01-07 17:30:00,98.4519,98.5221,98.3469,98.4996,9850
2020-01-07 17:31:00,98.4996,98.5064,98.4513,98.4699,2468
2020-01-07 17:32:00,98.4699,98.7396,98.3974,98.719,2192
2020-01-07 17:33:00,98.719,98.7236,98.6631,98.6965,7853
2020-01-07 17:34:00,98.6965,98.7291,98.5877,98.6737,8211
2020-01-07 17:35:00,98.6737,98.6739,98.569,98.5951,383
2020-01-07 17:36:00,98.5951,98.6425,98.5101,98.6073,8963
2020-01-07 17:37:00,98.6073,98.7065,98.5682,98.668,2234
2020-01-07 17:38:00,98.668,98.8033,98.6331,98.7867,7274
2020-01-07 17:39:00,98.7867,98.7926,98.614,98.6396,1582
2020-01-07 17:40:00,98.6396,98.6413,98.6013,98.6153,6426
2020-01-07 17:41:00,98.6153,98.7046,98.6139,98.6594,2446
2020-01-07 17:42:00,98.6594,98.7419,98.6562,98.7173,6641
2020-01-07 17:43:00,98.7173,98.7277,98.7048,98.7179,113
2020-01-07 17:44:00,98.7179,98.7773,98.7068,98.7715,6343
2020-01-07 17:45:00,98.7715,98.8016,98.6276,98.6916,855
2020-01-07 17:46:00,98.6916,98.849,98.6515,98.8453,8460
2020-01-07 17:47:00,98.8453,98.9931,98.802,98.9435,2379
2020-01-07 17:48:00,98.9435,98.9527,98.798,98.8104,1234
2020-01-07 17:49:00,98.8104,98.8216,98.6878,98.7042,2761
2020-01-07 17:50:00,98.7042,98.739,98.5551,98.6008,4924
2020-01-07 17:51:00,98.6008,98.7648,98.5039,98.6677,339
2020-01-07 17:52:00,98.6677,98.6997,98.522,98.5409,2387
2020-01-07 17:53:00,98.5409,98.6231,98.4378,98.5083,4465
2020-01-07 17:54:00,98.5083,98.5955,98.4732,98.5531,2687
2020-01-07 17:55:00,98.5531,98.5587,98.4897,98.5466,1409
2020-01-07 17:56:00,98.5466,98.587,98.4734,98.5721,6578
2020-01-07 17:57:00,98.5721,98.599,98.4667,98.467,542
2020-01-07 17:58:00,98.467,98.6178,98.4641,98.5256,9016
2020-01-07 17:59:00,98.5256,98.5431,98.3677,98.4652,1007
2020-01-07 18:00:00,98.4652,98.4922,98.4261,98.4332,1626
2020-01-07 18:01:00,98.4332,98.4646,98.4293,98.4566,9435
2020-01-07 18:02:00,98.4566,98.4801,98.3927,98.4668,8366
2020-01-07 18:03:00,98.4668,98.538,98.4625,98.4691,2570
2020-01-07 18:04:00,98.4691,98.4815,98.3756,98.3952,169
2020-01-07 18:05:00,98.3952,98.4669,98.3551,98.3657,4940
2020-01-07 18:06:00,98.3657,98.4086,98.3645,98.3659,6514
2020-01-07 18:07:00,98.3659,98.3904,98.2075,98.2307,8423
2020-01-07 18:08:00,98.2307,98.236,98.1732,98.1853,9413
2020-01-07 18:09:00,98.1853,98.2464,98.181,98.2233,7695
2020-01-07 18:10:00,98.2233,98.2415,98.0747,98.0978,9482
2020-01-07 18:11:00,98.0978,98.2123,98.0719,98.2113,1228
2020-01-07 18:12:00,98.2113,98.3425,98.159,98.336,697
2020-01-07 18:13:00,98.336,98.3651,98.1787,98.2135,9864
2020-01-07 18:14:00,98.2135,98.4054,98.1427,98.3469,5661
2020-01-07 18:15:00,98.3469,98.4163,98.2858,98.3328,8963
2020-01-07 18:16:00,98.3328,98.49,98.2731,98.3739,4830
2020-01-07 18:17:00,98.3739,98.4171,98.262,98.3251,5119
2020-01-07 18:18:00,98.3251,98.5033,98.3021,98.4158,6205
2020-01-07 18:19:00,98.4158,98.4668,98.4013,98.4558,3815
2020-01-07 18:20:00,98.4558,98.4641,98.3719,98.3756,3437
2020-01-07 18:21:00,98.3756,98.3949,98.2286,98.261,2999
2020-01-07 18:22:00,98.261,98.3096,98.1033,98.1175,6663
2020-01-07 18:23:00,98.1175,98.1375,98.1129,98.1359,2408
2020-01-07 18:24:00,98.1359,98.1981,98.1324,98.1921,2563
2020-01-07 18:25:00,98.1921,98.2923,98.166,98.256,5574
2020-01-07 18:26:00,98.256,98.2991,98.2122,98.2445,4090
2020-01-07 18:27:00,98.2445,98.2896,98.1262,98.1308,2848
2020-01-07 18:28:00,98.1308,98.214,98.0578,98.0639,5604
2020-01-07 18:29:00,98.0639,98.2003,98.0528,98.1769,7173
2020-01-07 18:30:00,98.1769,98.216,98.0485,98.1293,8463
2020-01-07 18:31:00,98.1293,98.1541,98.0444,98.1434,6043
2020-01-07 18:32:00,98.1434,98.1459,97.9903,98.0378,3501
2020-01-07 18:33:00,98.0378,98.1278,98.0048,98.0708,4201
2020-01-07 18:34:00,98.0708,98.1053,98.0127,98.0259,7855
2020-01-07 18:35:00,98.0259,98.158,98.013,98.1285,1327
2020-01-07 18:36:00,98.1285,98.2287,98.0958,98.2044,2516
2020-01-07 18:37:00,98.2044,98.2616,98.1452,98.1557,821
2020-01-07 18:38:00,98.1557,98.2192,98.1159,98.1433,1030
2020-01-07 18:39:00,98.1433,98.2118,98.0584,98.0892,9370
2020-01-07 18:40:00,98.0892,98.1386,97.949,97.95,5388
2020-01-07 18:41:00,97.95,97.9901,97.8441,97.866,2575
2020-01-07 18:42:00,97.866,97.9614,97.8322,97.8854,9827
2020-01-07 18:43:00,97.8854,97.9361,97.8535,97.9172,8704
2020-01-07 18:44:00,97.9172,97.9339,97.9067,97.9318,938
2020-01-07 18:45:00,97.9318,97.9878,97.8182,97.9022,3787
2020-01-07 18:46:00,97.9022,98.0278,97.8373,97.9936,1126
2020-01-07 18:47:00,97.9936,98.1098,97.9445,97.9998,2935
2020-01-07 18:48:00,97.9998,98.1157,97.874,98.0687,6572
2020-01-07 18:49:00,98.0687,98.0762,97.8876,97.8948,6476
2020-01-07 18:50:00,97.8948,97.9522,97.4881,97.5108,5895
2020-01-07 18:51:00,97.5108,97.5668,97.4688,97.5385,8351
2020-01-07 18:52:00,97.5385,97.6085,97.3872,97.3995,689
2020-01-07 18:53:00,97.3995,97.41,97.3782,97.3788,3268
2020-01-07 18:54:00,97.3788,97.4239,97.3014,97.3494,2134
2020-01-07 18:55:00,97.3494,97.5041,97.3198,97.5039,5285
2020-01-07 18:56:00,97.5039,97.5927,97.4322,97.5429,5250
2020-01-07 18:57:00,97.5429,97.5756,97.5382,97.5591,5177
2020-01-07 18:58:00,97.5591,97.6604,97.5583,97.6407,876
2020-01-07 18:59:00,97.6407,97.681,97.6195,97.6767,8439
2020-01-07 19:00:00,97.6767,97.6998,97.5462,97.632,8338
2020-01-07 19:01:00,97.632,97.7434,97.5459,97.7366,9559
2020-01-07 19:02:00,97.7366,97.744,97.5917,97.6282,1601
2020-01-07 19:03:00,97.6282,97.6973,97.6019,97.6597,9910
2020-01-07 19:04:00,97.6597,97.6809,97.4945,97.5086,6599
2020-01-07 19:05:00,97.5086,97.6386,97.5078,97.5285,1764
2020-01-07 19:06:00,97.5285,97.6072,97.4853,97.5473,6696
2020-01-07 19:07:00,97.5473,97.7828,97.5307,97.7108,6765
2020-01-07 19:08:00,97.7108,97.8265,97.4702,97.5579,6420
2020-01-07 19:09:00,97.5579,97.5616,97.3825,97.4993,2122
2020-01-07 19:10:00,97.4993,97.6231,97.4874,97.5795,8501
2020-01-07 19:11:00,97.5795,97.6376,97.5529,97.6122,7309
2020-01-07 19:12:00,97.6122,97.6797,97.5628,97.6298,7391
2020-01-07 19:13:00,97.6298,97.6327,97.5288,97.5365,9479
2020-01-07 19:14:00,97.5365,97.5444,97.3984,97.4789,8130
2020-01-07 19:15:00,97.4789,97.6371,97.4521,97.6002,3153
2020-01-07 19:16:00,97.6002,97.6262,97.5714,97.5952,134
2020-01-07 19:17:00,97.5952,97.6458,97.5829,97.6318,2143
2020-01-07 19:18:00,97.6318,97.6645,97.5531,97.6206,9568
2020-01-07 19:19:00,97.6206,97.6221,97.4951,97.5051,4954
2020-01-07 19:20:00,97.5051,97.6893,97.4634,97.5961,3054
2020-01-07 19:21:00,97.5961,97.6791,97.5436,97.6452,8555
2020-01-07 19:22:00,97.6452,97.9012,97.625,97.8704,9420
2020-01-07 19:23:00,97.8704,97.8728,97.7669,97.771,3391
2020-01-07 19:24:00,97.771,97.8942,97.7092,97.8514,8698
2020-01-07 19:25:00,97.8514,97.8672,97.6157,97.7231,9521
2020-01-07 19:26:00,97.7231,97.7523,97.7068,97.7385,6879
2020-01-07 19:27:00,97.7385,97.8787,97.7205,97.8339,2211
2020-01-07 19:28:00,97.8339,97.8847,97.5298,97.6312,3116
2020-01-07 19:29:00,97.6312,97.6454,97.5885,97.6112,7057
2020-01-07 19:30:00,97.6112,97.7079,97.481,97.5562,9163
2020-01-07 19:31:00,97.5562,97.6729,97.3741,97.4877,4233
2020-01-07 19:32:00,97.4877,97.5625,97.4749,97.5253,4955
2020-01-07 19:33:00,97.5253,97.6379,97.5108,97.6346,4860
2020-01-07 19:34:00,97.6346,97.6807,97.6096,97.6215,4965
2020-01-07 19:35:00,97.6215,97.6858,97.6092,97.6416,572
2020-01-07 19:36:00,97.6416,97.663,97.5987,97.6528,7803
2020-01-07 19:37:00,97.6528,97.6792,97.5653,97.6529,4774
2020-01-07 19:38:00,97.6529,97.7374,97.5449,97.5466,3932
2020-01-07 19:39:00,97.5466,97.6949,97.4838,97.6547,4430
2020-01-07 19:40:00,97.6547,97.7287,97.5727,97.6835,2241
2020-01-07 19:41:00,97.6835,97.7336,97.6428,97.7221,3008
2020-01-07 19:42:00,97.7221,97.7622,97.6098,97.6433,6432
2020-01-07 19:43:00,97.6433,97.6704,97.5874,97.5984,4211
2020-01-07 19:44:00,97.5984,97.6421,97.5289,97.5812,1498
2020-01-07 19:45:00,97.5812,97.6182,97.342,97.4315,8655
2020-01-07 19:46:00,97.4315,97.4901,97.2314,97.2671,9035
2020-01-07 19:47:00,97.2671,97.3078,97.177,97.2086,3569
2020-01-07 19:48:00,97.2086,97.265,97.1968,97.2594,2557
2020-01-07 19:49:00,97.2594,97.2863,97.1718,97.1959,6417
2020-01-07 19:50:00,97.1959,97.2392,97.0428,97.0969,3784
2020-01-07 19:51:00,97.0969,97.1108,97.0152,97.0178,2333
2020-01-07 19:52:00,97.0178,97.1034,96.9098,96.9736,569
2020-01-07 19:53:00,96.9736,96.9856,96.9029,96.9393,5599
2020-01-07 19:54:00,96.9393,97.1552,96.8782,97.1492,8603
2020-01-07 19:55:00,97.1492,97.3105,97.0593,97.2517,8129
2020-01-07 19:56:00,97.2517,97.3558,97.2187,97.3513,6772
2020-01-07 19:57:00,97.3513,97.5379,97.2786,97.4651,4423
2020-01-07 19:58:00,97.4651,97.4915,97.328,97.3677,1088
2020-01-07 19:59:00,97.3677,97.4823,97.2294,97.2487,1531
2020-01-07 20:00:00,97.2487,97.306,97.1186,97.1411,6796
2020-01-07 20:01:00,97.1411,97.3151,97.1097,97.2707,313
2020-01-07 20:02:00,97.2707,97.317,97.1082,97.2175,5125
2020-01-07 20:03:00,97.2175,97.3104,97.094,97.0958,7583
2020-01-07 20:04:00,97.0958,97.128,97.0345,97.054,9604
2020-01-07 20:05:00,97.054,97.0826,96.997,97.0308,3320
2020-01-07 20:06:00,97.0308,97.0977,97.0299,97.0569,4727
2020-01-07 20:07:00,97.0569,97.1658,97.0539,97.0812,3540
2020-01-07 20:08:00,97.0812,97.0818,96.97,97.0008,5832
2020-01-07 20:09:00,97.0008,97.0691,96.9226,97.0673,2504
2020-01-07 20:10:00,97.0673,97.0941,96.9699,97.0053,8991
2020-01-07 20:11:00,97.0053,97.0329,96.9467,96.9901,7697
2020-01-07 20:12:00,96.9901,97.2186,96.9851,97.0568,5252
2020-01-07 20:13:00,97.0568,97.0881,96.9697,96.9945,9858
2020-01-07 20:14:00,96.9945,97.063,96.8958,96.9392,8057
2020-01-07 20:15:00,96.9392,97.016,96.9069,96.9966,7117
2020-01-07 20:16:00,96.9966,97.0106,96.9035,96.9134,9601
2020-01-07 20:17:00,96.9134,96.9141,96.8266,96.8761,4712
2020-01-07 20:18:00,96.8761,97.0307,96.875,96.9299,780
2020-01-07 20:19:00,96.9299,97.1441,96.9158,97.129,4922
2020-01-07 20:20:00,97.129,97.242,97.0162,97.1878,4000
2020-01-07 20:21:00,97.1878,97.3023,97.1667,97.2338,4464
2020-01-07 20:22:00,97.2338,97.3204,97.157,97.2854,1887
2020-01-07 20:23:00,97.2854,97.3504,97.126,97.181,817
2020-01-07 20:24:00,97.181,97.2534,97.1791,97.1922,9012
2020-01-07 20:25:00,97.1922,97.2274,97.1678,97.1893,3957
2020-01-07 20:26:00,97.1893,97.2263,97.1048,97.2206,8162
2020-01-07 20:27:00,97.2206,97.3304,97.1782,97.2319,2287
2020-01-07 20:28:00,97.2319,97.3152,97.1997,97.2688,3852
2020-01-07 20:29:00,97.2688,97.2976,97.2238,97.2385,880
2020-01-07 20:30:00,97.2385,97.2611,97.2203,97.2442,729
2020-01-07 20:31:00,97.2442,97.2476,97.0262,97.1248,5829
2020-01-07 20:32:00,97.1248,97.1995,97.0717,97.0938,4630
2020-01-07 20:33:00,97.0938,97.2349,97.0405,97.2288,5764
2020-01-07 20:34:00,97.2288,97.2605,97.1425,97.2598,7721
2020-01-07 20:35:00,97.2598,97.3366,97.2397,97.2578,4021
2020-01-07 20:36:00,97.2578,97.4742,97.1924,97.4422,7334
2020-01-07 20:37:00,97.4422,97.4819,97.2278,97.3096,3412
2020-01-07 20:38:00,97.3096,97.3192,97.1771,97.2016,2530
2020-01-07 20:39:00,97.2016,97.4169,97.1637,97.3681,6677
2020-01-07 20:40:00,97.3681,97.3726,97.2985,97.3726,9921
2020-01-07 20:41:00,97.3726,97.4062,97.3294,97.3489,1573
2020-01-07 20:42:00,97.3489,97.4148,97.1697,97.2322,8771
2020-01-07 20:43:00,97.2322,97.3475,97.2305,97.2757,2169
2020-01-07 20:44:00,97.2757,97.343,97.2566,97.3287,660
2020-01-07 20:45:00,97.3287,97.3767,97.192,97.2222,2795
2020-01-07 20:46:00,97.2222,97.2377,97.2005,97.2085,8010
2020-01-07 20:47:00,97.2085,97.266,97.1548,97.1759,7560
2020-01-07 20:48:00,97.1759,97.2114,97.1421,97.2008,2103
2020-01-07 20:49:00,97.2008,97.2174,97.0811,97.092,4092
2020-01-07 20:50:00,97.092,97.2489,97.0551,97.2136,1561
2020-01-07 20:51:00,97.2136,97.4099,97.1138,97.3026,994
2020-01-07 20:52:00,97.3026,97.3383,97.1676,97.2672,9298
2020-01-07 20:53:00,97.2672,97.3025,97.1501,97.2462,5378
2020-01-07 20:54:00,97.2462,97.3039,97.2203,97.2329,617
2020-01-07 20:55:00,97.2329,97.2871,97.1104,97.1573,6925
2020-01-07 20:56:00,97.1573,97.1683,97.0578,97.1142,8154
2020-01-07 20:57:00,97.1142,97.1204,97.012,97.0879,5399
2020-01-07 20:58:00,97.0879,97.2952,97.0526,97.2445,7479
2020-01-07 20:59:00,97.2445,97.3656,97.2336,97.3366,1100
2020-01-07 21:00:00,97.3366,97.4334,97.334,97.4275,3847
2020-01-07 21:01:00,97.4275,97.4906,97.4101,97.4636,8931
2020-01-07 21:02:00,97.4636,97.5539,97.2905,97.3547,829
2020-01-07 21:03:00,97.3547,97.3667,97.3469,97.3506,8724
2020-01-07 21:04:00,97.3506,97.471,97.2719,97.4451,6887
2020-01-07 21:05:00,97.4451,97.5219,97.2917,97.3225,4037
2020-01-07 21:06:00,97.3225,97.4445,97.2457,97.3845,2910
2020-01-07 21:07:00,97.3845,97.623,97.3733,97.6106,3037
2020-01-07 21:08:00,97.6106,97.7309,97.5778,97.7143,4296
2020-01-07 21:09:00,97.7143,97.9009,97.6823,97.8525,6563
2020-01-07 21:10:00,97.8525,97.9019,97.8327,97.8738,1221
2020-01-07 21:11:00,97.8738,98.0585,97.8604,97.9686,2426
2020-01-07 21:12:00,97.9686,98.036,97.8913,97.8982,3516
2020-01-07 21:13:00,97.8982,98.0398,97.873,97.9762,6080
2020-01-07 21:14:00,97.9762,98.0668,97.9366,98.0403,9906
2020-01-07 21:15:00,98.0403,98.0704,97.9297,98.0687,7622
2020-01-07 21:16:00,98.0687,98.2611,98.0626,98.1977,1162
2020-01-07 21:17:00,98.1977,98.2366,98.1087,98.1448,7570
2020-01-07 21:18:00,98.1448,98.1478,98.0486,98.1265,5567
2020-01-07 21:19:00,98.1265,98.2192,98.1079,98.1358,4650
2020-01-07 21:20:00,98.1358,98.231,98.0216,98.0348,5543
2020-01-07 21:21:00,98.0348,98.0863,97.9849,98.0571,8810
2020-01-07 21:22:00,98.0571,98.1446,97.8623,97.8885,3524
2020-01-07 21:23:00,97.8885,98.0022,97.8832,97.991,6034
2020-01-07 21:24:00,97.991,98.0451,97.9663,97.9956,5522
2020-01-07 21:25:00,97.9956,98.0321,97.8171,97.9445,309
2020-01-07 21:26:00,97.9445,97.9771,97.8377,97.8628,9158
2020-01-07 21:27:00,97.8628,97.9405,97.7419,97.8398,4040
2020-01-07 21:28:00,97.8398,97.9321,97.7668,97.9072,7400
2020-01-07 21:29:00,97.9072,98.0265,97.8759,97.9608,275
2020-01-07 21:30:00,97.9608,97.9932,97.8898,97.8917,7354
2020-01-07 21:31:00,97.8917,97.931,97.7876,97.8089,4956
2020-01-07 21:32:00,97.8089,97.8988,97.801,97.8731,3629
2020-01-07 21:33:00,97.8731,97.9011,97.7547,97.8024,8508
2020-01-07 21:34:00,97.8024,97.8684,97.7808,97.8083,5625
2020-01-07 21:35:00,97.8083,97.881,97.7907,97.8204,3010
2020-01-07 21:36:00,97.8204,97.9242,97.8041,97.8509,703
2020-01-07 21:37:00,97.8509,98.0495,97.8385,97.9349,919
2020-01-07 21:38:00,97.9349,97.9436,97.8083,97.8112,7697
2020-01-07 21:39:00,97.8112,97.8236,97.5823,97.6243,1161
2020-01-07 21:40:00,97.6243,97.658,97.5563,97.5689,3112
2020-01-07 21:41:00,97.5689,97.7686,97.501,97.7446,3055
2020-01-07 21:42:00,97.7446,97.9893,97.6543,97.9423,284
2020-01-07 21:43:00,97.9423,98.1364,97.9101,98.1217,3548
2020-01-07 21:44:00,98.1217,98.2071,98.0788,98.1027,6518
2020-01-07 21:45:00,98.1027,98.1187,97.8949,97.9279,8893
2020-01-07 21:46:00,97.9279,97.9408,97.6811,97.6984,1409
2020-01-07 21:47:00,97.6984,97.7097,97.6158,97.6384,1471
2020-01-07 21:48:00,97.6384,97.6611,97.5744,97.6191,1112
2020-01-07 21:49:00,97.6191,97.7572,97.5337,97.7461,106
2020-01-07 21:50:00,97.7461,97.8937,97.7154,97.8309,8479
2020-01-07 21:51:00,97.8309,97.8684,97.8085,97.8531,4145
2020-01-07 21:52:00,97.8531,97.8714,97.7111,97.7661,1723
2020-01-07 21:53:00,97.7661,97.7945,97.5823,97.6721,9431
2020-01-07 21:54:00,97.6721,97.6985,97.5527,97.697,8354
2020-01-07 21:55:00,97.697,97.8121,97.6537,97.7651,8732
2020-01-07 21:56:00,97.7651,97.8589,97.6952,97.8034,1467
2020-01-07 21:57:00,97.8034,97.9313,97.6988,97.7022,686
2020-01-07 21:58:00,97.7022,97.8512,97.6622,97.7658,478
2020-01-07 21:59:00,97.7658,97.8346,97.7528,97.8074,9547
2020-01-07 22:00:00,97.8074,97.8131,97.6524,97.7027,2587
2020-01-07 22:01:00,97.7027,97.7353,97.5503,97.626,4046
2020-01-07 22:02:00,97.626,97.8337,97.5918,97.6933,836
2020-01-07 22:03:00,97.6933,97.7288,97.6698,97.6704,3447
2020-01-07 22:04:00,97.6704,97.8606,97.6422,97.8256,9165
2020-01-07 22:05:00,97.8256,97.9207,97.825,97.8746,3338
2020-01-07 22:06:00,97.8746,97.906,97.799,97.827,8249
2020-01-07 22:07:00,97.827,97.8347,97.7715,97.826,8390
2020-01-07 22:08:00,97.826,97.8959,97.7931,97.8322,8705
2020-01-07 22:09:00,97.8322,97.8482,97.7283,97.7609,413
2020-01-07 22:10:00,97.7609,97.8139,97.6393,97.6717,6372
2020-01-07 22:11:00,97.6717,97.759,97.6508,97.7402,7719
2020-01-07 22:12:00,97.7402,97.8659,97.694,97.8228,1532
2020-01-07 22:13:00,97.8228,97.9311,97.754,97.8819,9886
2020-01-07 22:14:00,97.8819,98.0824,97.79,98.0302,437
2020-01-07 22:15:00,98.0302,98.0625,97.8624,97.9771,4441
2020-01-07 22:16:00,97.9771,98.1776,97.8929,98.1411,7916
2020-01-07 22:17:00,98.1411,98.1918,97.987,98.0527,657
2020-01-07 22:18:00,98.0527,98.0877,97.9002,97.9534,4399
2020-01-07 22:19:00,97.9534,97.9695,97.767,97.781,7148
2020-01-07 22:20:00,97.781,97.8281,97.6566,97.7374,1316
2020-01-07 22:21:00,97.7374,97.7625,97.6696,97.6882,3530
2020-01-07 22:22:00,97.6882,97.7764,97.6419,97.7396,5773
2020-01-07 22:23:00,97.7396,97.7671,97.7282,97.7634,9027
2020-01-07 22:24:00,97.7634,97.7695,97.6331,97.6468,2365
2020-01-07 22:25:00,97.6468,97.6917,97.5917,97.6084,4768
2020-01-07 22:26:00,97.6084,97.6623,97.5529,97.5722,8473
2020-01-07 22:27:00,97.5722,97.6054,97.3863,97.3989,5790
2020-01-07 22:28:00,97.3989,97.4981,97.2525,97.3033,5169
2020-01-07 22:29:00,97.3033,97.3234,97.1504,97.2283,307
2020-01-07 22:30:00,97.2283,97.4277,97.2177,97.3677,1293
2020-01-07 22:31:00,97.3677,97.4092,97.2789,97.3864,4334
2020-01-07 22:32:00,97.3864,97.4942,97.3437,97.4509,1289
2020-01-07 22:33:00,97.4509,97.4948,97.2449,97.3048,4764
2020-01-07 22:34:00,97.3048,97.4674,97.2435,97.421,1758
2020-01-07 22:35:00,97.421,97.5667,97.3929,97.5478,7663
2020-01-07 22:36:00,97.5478,97.615,97.2825,97.3528,525
2020-01-07 22:37:00,97.3528,97.3713,97.2598,97.2842,9721
2020-01-07 22:38:00,97.2842,97.4158,97.1921,97.3324,5129
2020-01-07 22:39:00,97.3324,97.474,97.3213,97.3951,5164
